pair_id,distance,left_file,left_split,right_file,right_split,decision,reason,action,left_sha256,right_sha256
1,3,ml/data/candidates/reject_v2/train/battery_waste/IMG_20250803_215638_jpg.rf.ba4f3127b341131ea269136e3d2b124e.jpg,train,ml/data/candidates/reject_v2/validation/battery_waste/IMG_20250803_215639_jpg.rf.fbe999007ecf4fd037195142c1702267.jpg,validation,NEAR_DUPLICATE,"Side-by-side visual review shows the same apparent object or same scene composition with near-identical framing; many filenames are adjacent capture sequence numbers. Exact source/object IDs are absent, so this is a conservative near-duplicate call rather than a claim of byte identity.",Keep the images in one connected capture group and assign the entire group to one split; do not delete files solely for this similarity.,91942de1bdc954e8858d2b6e1cddd432a854328518a9f15f467c035ff2053f9b,eccbe839337f4491b86844162b4eed17d3bcfaf763d00e71a8ccd4844a88d084
2,3,ml/data/candidates/reject_v2/train/battery_waste/IMG_20250803_215648_jpg.rf.c339d9561861e32aec3649527f4423f7.jpg,train,ml/data/candidates/reject_v2/validation/battery_waste/IMG_20250803_215639_jpg.rf.fbe999007ecf4fd037195142c1702267.jpg,validation,NEAR_DUPLICATE,"Side-by-side visual review shows the same apparent object or same scene composition with near-identical framing; many filenames are adjacent capture sequence numbers. Exact source/object IDs are absent, so this is a conservative near-duplicate call rather than a claim of byte identity.",Keep the images in one connected capture group and assign the entire group to one split; do not delete files solely for this similarity.,24e39c1924b8b1e531771fed5755b390b79a871b2abaf6e27c0f3eac338fee00,eccbe839337f4491b86844162b4eed17d3bcfaf763d00e71a8ccd4844a88d084
3,2,ml/data/candidates/reject_v2/train/battery_waste/IMG_20250822_231201_jpg.rf.44bc2d8fc2946f343332124c030baa7e.jpg,train,ml/data/candidates/reject_v2/validation/battery_waste/IMG_20250822_231201_1_jpg.rf.3ee4562ffda16d4de26bfe881d3c0a8b.jpg,validation,NEAR_DUPLICATE,"Side-by-side visual review shows the same apparent object or same scene composition with near-identical framing; many filenames are adjacent capture sequence numbers. Exact source/object IDs are absent, so this is a conservative near-duplicate call rather than a claim of byte identity.",Keep the images in one connected capture group and assign the entire group to one split; do not delete files solely for this similarity.,b5e2f233849524faac4e929a44a59b75b500ecdc4d8ea5dde583ed633dbf16c8,d5b7afa03359882c3867e11cefec4ab0b26a672902ceb1f555fbb7f52d6bc3e6
4,3,ml/data/candidates/reject_v2/train/battery_waste/IMG_20250822_231210_1_jpg.rf.bf5f830d9485eb8d3bf5ca84d009a28d.jpg,train,ml/data/candidates/reject_v2/test/battery_waste/IMG_20250822_231209_1_jpg.rf.fcf651145e2d95b81efe4e9904f3cfed.jpg,test,LEGITIMATE,The side-by-side images show two visibly different battery products and labels; the common green staging background explains the dHash match.,"Keep both examples. For strict isolation, the rebuilt split conservatively places this dHash-linked pair in one partition.",f494c712980bdbe81813f30d92be540cdbb8da2371981fc25710cc42ed598053,4c94ae150118519e0764f9b2a143ff68f2f5ffddb66904bfa03e1f3a031f89a9
5,1,ml/data/candidates/reject_v2/train/keyboard/IMG_20250822_135902_jpg.rf.74d747b6bf4265df472619033ad67b14.jpg,train,ml/data/candidates/reject_v2/validation/keyboard/IMG_20250822_135903_jpg.rf.a4113502495933e697f731c4c8f73979.jpg,validation,NEAR_DUPLICATE,"Side-by-side visual review shows the same apparent object or same scene composition with near-identical framing; many filenames are adjacent capture sequence numbers. Exact source/object IDs are absent, so this is a conservative near-duplicate call rather than a claim of byte identity.",Keep the images in one connected capture group and assign the entire group to one split; do not delete files solely for this similarity.,8b2623c8ed1fdd249b9209c62b67627a78c56f02e89f116fd887a5776ef5c8b8,b4d024d1f053e63ef4bf6044f1be7f32dadaba39ef69e73d2cfd3f81ec46f1d8
6,0,ml/data/candidates/reject_v2/train/keyboard/IMG_20250822_135902_jpg.rf.74d747b6bf4265df472619033ad67b14.jpg,train,ml/data/candidates/reject_v2/validation/keyboard/IMG_20250822_135905_jpg.rf.38ad275938f82a1a7dd66f5e6ea0abbc.jpg,validation,NEAR_DUPLICATE,"Side-by-side visual review shows the same apparent object or same scene composition with near-identical framing; many filenames are adjacent capture sequence numbers. Exact source/object IDs are absent, so this is a conservative near-duplicate call rather than a claim of byte identity.",Keep the images in one connected capture group and assign the entire group to one split; do not delete files solely for this similarity.,8b2623c8ed1fdd249b9209c62b67627a78c56f02e89f116fd887a5776ef5c8b8,670535387b45a6b23c9e1b9962e2761dd26a1fe2b39690a2b632b7319f7a3453
7,0,ml/data/candidates/reject_v2/train/keyboard/IMG_20250822_135902_jpg.rf.74d747b6bf4265df472619033ad67b14.jpg,train,ml/data/candidates/reject_v2/validation/keyboard/IMG_20250822_135906_jpg.rf.3b7d2cbc98e29c0fcb4c76e1ca805446.jpg,validation,NEAR_DUPLICATE,"Side-by-side visual review shows the same apparent object or same scene composition with near-identical framing; many filenames are adjacent capture sequence numbers. Exact source/object IDs are absent, so this is a conservative near-duplicate call rather than a claim of byte identity.",Keep the images in one connected capture group and assign the entire group to one split; do not delete files solely for this similarity.,8b2623c8ed1fdd249b9209c62b67627a78c56f02e89f116fd887a5776ef5c8b8,029ff43fd93f7440e3051e36f4340f323af6ca609aff803aa1ee40a8e1eb53d5
8,3,ml/data/candidates/reject_v2/train/keyboard/IMG_20250822_135911_jpg.rf.3c17a94c830285c2baab6a963f036a2a.jpg,train,ml/data/candidates/reject_v2/validation/keyboard/IMG_20250822_135913_1_jpg.rf.e523beb553e404e87d04d9f51fc707e6.jpg,validation,NEAR_DUPLICATE,"Side-by-side visual review shows the same apparent object or same scene composition with near-identical framing; many filenames are adjacent capture sequence numbers. Exact source/object IDs are absent, so this is a conservative near-duplicate call rather than a claim of byte identity.",Keep the images in one connected capture group and assign the entire group to one split; do not delete files solely for this similarity.,de976963c3e281a83a723339d66d413268a3585c93a7b779757da7928ee15e04,7f0a16d3c00949c310f5a0479a1b5d1ac9325339e59acde7fde470b342c445f4
9,3,ml/data/candidates/reject_v2/train/keyboard/IMG_20250822_135911_jpg.rf.3c17a94c830285c2baab6a963f036a2a.jpg,train,ml/data/candidates/reject_v2/test/keyboard/IMG_20250822_135913_jpg.rf.1a2398d375a8d8737469f91847530138.jpg,test,NEAR_DUPLICATE,"Side-by-side visual review shows the same apparent object or same scene composition with near-identical framing; many filenames are adjacent capture sequence numbers. Exact source/object IDs are absent, so this is a conservative near-duplicate call rather than a claim of byte identity.",Keep the images in one connected capture group and assign the entire group to one split; do not delete files solely for this similarity.,de976963c3e281a83a723339d66d413268a3585c93a7b779757da7928ee15e04,8e5a1866dbffb27f8eb510cc75ad32508c55c474b11fe9872f6aa1feaa15eb50
10,2,ml/data/candidates/reject_v2/train/keyboard/IMG_20250822_140219_jpg.rf.02ec3714370ecd019073128a348ea140.jpg,train,ml/data/candidates/reject_v2/test/keyboard/IMG_20250822_140222_jpg.rf.ff63928f6fd759424a21461d4c5e1203.jpg,test,NEAR_DUPLICATE,"Side-by-side visual review shows the same apparent object or same scene composition with near-identical framing; many filenames are adjacent capture sequence numbers. Exact source/object IDs are absent, so this is a conservative near-duplicate call rather than a claim of byte identity.",Keep the images in one connected capture group and assign the entire group to one split; do not delete files solely for this similarity.,293080a4260ee4bb16df146edfb624186b6a263f05188fa603b3a324a44a6a8b,65bbfc61b4872877ababa5f9b252f0bebef2ba949345846f7569db0d97f92e78
11,0,ml/data/candidates/reject_v2/train/keyboard/IMG_20250822_140223_jpg.rf.1306b02c448e484476bfb44cd9960957.jpg,train,ml/data/candidates/reject_v2/test/keyboard/IMG_20250822_140222_jpg.rf.ff63928f6fd759424a21461d4c5e1203.jpg,test,NEAR_DUPLICATE,"Side-by-side visual review shows the same apparent object or same scene composition with near-identical framing; many filenames are adjacent capture sequence numbers. Exact source/object IDs are absent, so this is a conservative near-duplicate call rather than a claim of byte identity.",Keep the images in one connected capture group and assign the entire group to one split; do not delete files solely for this similarity.,a3ba11e787f3df73a759d758ced6ac654f57954cacd5b674adb2fa1bdaf11761,65bbfc61b4872877ababa5f9b252f0bebef2ba949345846f7569db0d97f92e78
12,0,ml/data/candidates/reject_v2/train/keyboard/IMG_20250822_140316_jpg.rf.ee07999425e965357a1cf5a45b46d93f.jpg,train,ml/data/candidates/reject_v2/validation/keyboard/IMG_20250822_140317_jpg.rf.8a8350e9a0119414b9d805cd5d27bb2a.jpg,validation,NEAR_DUPLICATE,"Side-by-side visual review shows the same apparent object or same scene composition with near-identical framing; many filenames are adjacent capture sequence numbers. Exact source/object IDs are absent, so this is a conservative near-duplicate call rather than a claim of byte identity.",Keep the images in one connected capture group and assign the entire group to one split; do not delete files solely for this similarity.,cf8d3785dc44a129c2f60eb3f3135cbc246a84f715d81206be1eb45cb6aab020,a7efae64f2ce9e156be6a3fc0824482ccf7c845310b2049d9ed1330aba8a8ce8
13,3,ml/data/candidates/reject_v2/train/light_bulb/IMG_20250803_221537_jpg.rf.f94a1d39a26e5aacb39cde33918a6f82.jpg,train,ml/data/candidates/reject_v2/validation/light_bulb/IMG_20250803_221539_jpg.rf.fdd8d01810754a6be1a9802cba87e223.jpg,validation,NEAR_DUPLICATE,"Side-by-side visual review shows the same apparent object or same scene composition with near-identical framing; many filenames are adjacent capture sequence numbers. Exact source/object IDs are absent, so this is a conservative near-duplicate call rather than a claim of byte identity.",Keep the images in one connected capture group and assign the entire group to one split; do not delete files solely for this similarity.,4d7e60f85a5732ed7ea3405dfffc31ed7b0149e0ccb72d319fa4325f8393a39b,71cee41eb1a1d5ae551d2f94de28e894e4bd117595953ae6b4c18821f68b9865
14,2,ml/data/candidates/reject_v2/train/light_bulb/IMG_20250803_221540_jpg.rf.7c1bf9738f9bc3a5e16edfeb0e65ab3b.jpg,train,ml/data/candidates/reject_v2/validation/light_bulb/IMG_20250803_221539_jpg.rf.fdd8d01810754a6be1a9802cba87e223.jpg,validation,NEAR_DUPLICATE,"Side-by-side visual review shows the same apparent object or same scene composition with near-identical framing; many filenames are adjacent capture sequence numbers. Exact source/object IDs are absent, so this is a conservative near-duplicate call rather than a claim of byte identity.",Keep the images in one connected capture group and assign the entire group to one split; do not delete files solely for this similarity.,f26bfae8ebb57f1737c74d791573ae4cc81c7c1a4dff29cbe4f15caa00feda19,71cee41eb1a1d5ae551d2f94de28e894e4bd117595953ae6b4c18821f68b9865
15,2,ml/data/candidates/reject_v2/train/mobile_phone/IMG_20250803_220243_jpg.rf.c17d27aa58b11aa0475d5b41c8ddbd97.jpg,train,ml/data/candidates/reject_v2/validation/mobile_phone/IMG_20250803_220244_jpg.rf.25e694fad0069d6b3720bcfeff342f09.jpg,validation,NEAR_DUPLICATE,"Side-by-side visual review shows the same apparent object or same scene composition with near-identical framing; many filenames are adjacent capture sequence numbers. Exact source/object IDs are absent, so this is a conservative near-duplicate call rather than a claim of byte identity.",Keep the images in one connected capture group and assign the entire group to one split; do not delete files solely for this similarity.,81b4ecc7a15e0e716d3c6355e84f049eb72e33978902c229542b2c6aa3591fe0,552cc1b0e60838bc72604327882cb809c37f951a235ada1222cdce5733a570df
16,2,ml/data/candidates/reject_v2/train/mobile_phone/IMG_20250805_203338_jpg.rf.68cadbff708a1a27b20e57a030073a53.jpg,train,ml/data/candidates/reject_v2/test/mobile_phone/IMG_20250805_203338_1_jpg.rf.bf2025683e05750526dc29fc829b8ac5.jpg,test,NEAR_DUPLICATE,"Side-by-side visual review shows the same apparent object or same scene composition with near-identical framing; many filenames are adjacent capture sequence numbers. Exact source/object IDs are absent, so this is a conservative near-duplicate call rather than a claim of byte identity.",Keep the images in one connected capture group and assign the entire group to one split; do not delete files solely for this similarity.,621bdbb570e6193ba51900a86570f41949ac3abbea13e1d37b37e16ef680f36a,c9be20972a6dede5b730e8ba84f60cf302a4627f0dd5e5b04a3342b35e3f3703
17,3,ml/data/candidates/reject_v2/train/mobile_phone/IMG_20250805_203804_jpg.rf.d0d25dd17b163cc60b1a269ea27346dd.jpg,train,ml/data/candidates/reject_v2/validation/mobile_phone/IMG_20250805_203803_jpg.rf.46ed623c40ba0974562c6bbf6953d2cf.jpg,validation,NEAR_DUPLICATE,"Side-by-side visual review shows the same apparent object or same scene composition with near-identical framing; many filenames are adjacent capture sequence numbers. Exact source/object IDs are absent, so this is a conservative near-duplicate call rather than a claim of byte identity.",Keep the images in one connected capture group and assign the entire group to one split; do not delete files solely for this similarity.,7080b62cac04204321dbe5afba54084838b34ba8491dc21723c8e58edd4bd47f,3162b7ac6aa614f579c03958f57c674eed543fb260b4ca46957fbaf11b2bc73c
18,3,ml/data/candidates/reject_v2/train/mobile_phone/IMG_20250805_203806_jpg.rf.7fd019ac3a6efc21e4b37227c5bb73e1.jpg,train,ml/data/candidates/reject_v2/validation/mobile_phone/IMG_20250805_203803_jpg.rf.46ed623c40ba0974562c6bbf6953d2cf.jpg,validation,NEAR_DUPLICATE,"Side-by-side visual review shows the same apparent object or same scene composition with near-identical framing; many filenames are adjacent capture sequence numbers. Exact source/object IDs are absent, so this is a conservative near-duplicate call rather than a claim of byte identity.",Keep the images in one connected capture group and assign the entire group to one split; do not delete files solely for this similarity.,606cbffd4202ffd3ccce5a4ddb4fd5123b81220fe618d3695573870f5bd5361a,3162b7ac6aa614f579c03958f57c674eed543fb260b4ca46957fbaf11b2bc73c
19,3,ml/data/candidates/reject_v2/train/mobile_phone/IMG_20250805_203851_jpg.rf.30549cb0368d0ebf082a10e12534ea69.jpg,train,ml/data/candidates/reject_v2/test/mobile_phone/IMG_20250805_203852_jpg.rf.14242e22d41ed3ca487f99b193502f87.jpg,test,NEAR_DUPLICATE,"Side-by-side visual review shows the same apparent object or same scene composition with near-identical framing; many filenames are adjacent capture sequence numbers. Exact source/object IDs are absent, so this is a conservative near-duplicate call rather than a claim of byte identity.",Keep the images in one connected capture group and assign the entire group to one split; do not delete files solely for this similarity.,6bb29d6ea6122451519be053517838a7083033e767e3ffd491924431dfecf150,9758e4bb03525aa08b4ad3f6b439500f2e7b10a0017a0157c17c43304a9cc4ea
20,2,ml/data/candidates/reject_v2/train/mobile_phone/IMG_20250805_203917_jpg.rf.41ede18eba5e4814a68b0143d4b637b7.jpg,train,ml/data/candidates/reject_v2/validation/mobile_phone/IMG_20250805_203918_jpg.rf.0320c79bd3505204e3c7b6d35a1d716a.jpg,validation,NEAR_DUPLICATE,"Side-by-side visual review shows the same apparent object or same scene composition with near-identical framing; many filenames are adjacent capture sequence numbers. Exact source/object IDs are absent, so this is a conservative near-duplicate call rather than a claim of byte identity.",Keep the images in one connected capture group and assign the entire group to one split; do not delete files solely for this similarity.,f717080a8bd282b5e1c0fe37a4c6898084eed85ec981559b1c34b7995d5e49d5,acc30670db2b0abd7e7a1d8e52c1ea40c0938ed9d9635afd3e26df1d404e394b
21,3,ml/data/candidates/reject_v2/train/not_ewaste/Glass_Waste__IMG_20250803_221506_jpg.rf.4f444aa21d4e7ed0e0e29ba4d838f741.jpg,train,ml/data/candidates/reject_v2/validation/not_ewaste/Glass_Waste__IMG_20250803_221509_jpg.rf.a82623207ec63a0367bdc172aeced86a.jpg,validation,NEAR_DUPLICATE,"Side-by-side visual review shows the same apparent object or same scene composition with near-identical framing; many filenames are adjacent capture sequence numbers. Exact source/object IDs are absent, so this is a conservative near-duplicate call rather than a claim of byte identity.",Keep the images in one connected capture group and assign the entire group to one split; do not delete files solely for this similarity.,9d24023ea32b6c37a0c9d3d2cc304b920863d7337d5bfde47397b6c3a3134d71,02d2a5a7a41715e3dd95e4a542b8bef399f7322ceddd9e9db6d9430ccac4cc72
22,2,ml/data/candidates/reject_v2/train/not_ewaste/Glass_Waste__IMG_20250803_221507_jpg.rf.b301f5fd0b0c84a6945fddf83c096ae3.jpg,train,ml/data/candidates/reject_v2/validation/not_ewaste/Glass_Waste__IMG_20250803_221509_jpg.rf.a82623207ec63a0367bdc172aeced86a.jpg,validation,NEAR_DUPLICATE,"Side-by-side visual review shows the same apparent object or same scene composition with near-identical framing; many filenames are adjacent capture sequence numbers. Exact source/object IDs are absent, so this is a conservative near-duplicate call rather than a claim of byte identity.",Keep the images in one connected capture group and assign the entire group to one split; do not delete files solely for this similarity.,04ad01dc9d8b547d293bfa7a0f5d4e4b7fbc19de7363301202a7adc4fb21cfb9,02d2a5a7a41715e3dd95e4a542b8bef399f7322ceddd9e9db6d9430ccac4cc72
23,2,ml/data/candidates/reject_v2/train/not_ewaste/Glass_Waste__IMG_20250803_221520_jpg.rf.97058151ba63a519d3e84ac077c759c6.jpg,train,ml/data/candidates/reject_v2/test/not_ewaste/Glass_Waste__IMG_20250803_221522_jpg.rf.882e1986f28dbb978fb365d869fff6e1.jpg,test,NEAR_DUPLICATE,"Side-by-side visual review shows the same apparent object or same scene composition with near-identical framing; many filenames are adjacent capture sequence numbers. Exact source/object IDs are absent, so this is a conservative near-duplicate call rather than a claim of byte identity.",Keep the images in one connected capture group and assign the entire group to one split; do not delete files solely for this similarity.,546d47389ebd73983e59a3a7a54323439b24ae0851b09c75d38e2a15f0dc42d5,22d329c466ba06e559a56747c16f4ab94b773c6fe08ec00599b9158fe4edf832
24,2,ml/data/candidates/reject_v2/train/not_ewaste/Glass_Waste__IMG_20250803_221521_jpg.rf.f96c185c63cbe7fb9b2a8b05c1df20df.jpg,train,ml/data/candidates/reject_v2/test/not_ewaste/Glass_Waste__IMG_20250803_221522_jpg.rf.882e1986f28dbb978fb365d869fff6e1.jpg,test,NEAR_DUPLICATE,"Side-by-side visual review shows the same apparent object or same scene composition with near-identical framing; many filenames are adjacent capture sequence numbers. Exact source/object IDs are absent, so this is a conservative near-duplicate call rather than a claim of byte identity.",Keep the images in one connected capture group and assign the entire group to one split; do not delete files solely for this similarity.,56d129198f7446c0ac81f2f65ebeb62d9aca6a70c06b80c0896a3dc48fcfeeac,22d329c466ba06e559a56747c16f4ab94b773c6fe08ec00599b9158fe4edf832
25,2,ml/data/candidates/reject_v2/train/not_ewaste/Glass_Waste__IMG_20250822_142343_jpg.rf.161c97c249cc6492a0f98e85d198b97d.jpg,train,ml/data/candidates/reject_v2/validation/not_ewaste/Glass_Waste__IMG_20250822_142344_1_jpg.rf.8f765dcd882b126ac960dac36973502f.jpg,validation,NEAR_DUPLICATE,"Side-by-side visual review shows the same apparent object or same scene composition with near-identical framing; many filenames are adjacent capture sequence numbers. Exact source/object IDs are absent, so this is a conservative near-duplicate call rather than a claim of byte identity.",Keep the images in one connected capture group and assign the entire group to one split; do not delete files solely for this similarity.,374e5f7198cf7cb651c27777666b62d32ce778260f6d486ee928c37698e1b5cf,c98e35eb38176120161a30558d3714968c2b8f78afd357b1601c3abd976cbc82
26,3,ml/data/candidates/reject_v2/train/not_ewaste/Glass_Waste__IMG_20250822_142346_jpg.rf.84a0003f12a5f11a663355d8a8c8e53f.jpg,train,ml/data/candidates/reject_v2/validation/not_ewaste/Glass_Waste__IMG_20250822_142342_jpg.rf.ceb5aff32fe6166c40b8c272335bfac1.jpg,validation,NEAR_DUPLICATE,"Side-by-side visual review shows the same apparent object or same scene composition with near-identical framing; many filenames are adjacent capture sequence numbers. Exact source/object IDs are absent, so this is a conservative near-duplicate call rather than a claim of byte identity.",Keep the images in one connected capture group and assign the entire group to one split; do not delete files solely for this similarity.,92f404aec95a23e6c0f7067d018f985f147891d4b1db98ace8caa71f27efb57d,229c019113a39b965076cdf748869bce5b1aea8d89b347e3850758da80ce6322
27,1,ml/data/candidates/reject_v2/train/not_ewaste/Glass_Waste__IMG_20250822_142346_jpg.rf.84a0003f12a5f11a663355d8a8c8e53f.jpg,train,ml/data/candidates/reject_v2/test/not_ewaste/Glass_Waste__IMG_20250822_142348_jpg.rf.72f1026a5890370beac5700b2ad49f2b.jpg,test,NEAR_DUPLICATE,"Side-by-side visual review shows the same apparent object or same scene composition with near-identical framing; many filenames are adjacent capture sequence numbers. Exact source/object IDs are absent, so this is a conservative near-duplicate call rather than a claim of byte identity.",Keep the images in one connected capture group and assign the entire group to one split; do not delete files solely for this similarity.,92f404aec95a23e6c0f7067d018f985f147891d4b1db98ace8caa71f27efb57d,00688cb75e698cb775b4a8ecb574b878f163c90dd20394b330c2cdc5fffcc76a
28,3,ml/data/candidates/reject_v2/train/not_ewaste/Glass_Waste__IMG_20250822_142347_jpg.rf.2083e174c2f1fd022b3c05d668a51ec7.jpg,train,ml/data/candidates/reject_v2/test/not_ewaste/Glass_Waste__IMG_20250822_142348_jpg.rf.72f1026a5890370beac5700b2ad49f2b.jpg,test,NEAR_DUPLICATE,"Side-by-side visual review shows the same apparent object or same scene composition with near-identical framing; many filenames are adjacent capture sequence numbers. Exact source/object IDs are absent, so this is a conservative near-duplicate call rather than a claim of byte identity.",Keep the images in one connected capture group and assign the entire group to one split; do not delete files solely for this similarity.,6f0dd298bfcec9c63f3809414f8807c5c7c1e6ef1f4e536e7f0881221faec326,00688cb75e698cb775b4a8ecb574b878f163c90dd20394b330c2cdc5fffcc76a
29,2,ml/data/candidates/reject_v2/train/not_ewaste/Glass_Waste__IMG_20250822_142417_jpg.rf.f19bc87665cf051a8c74c969199dc7f4.jpg,train,ml/data/candidates/reject_v2/test/not_ewaste/Glass_Waste__IMG_20250822_142415_jpg.rf.e890f8b442f546d4a845247b078a42b5.jpg,test,NEAR_DUPLICATE,"Side-by-side visual review shows the same apparent object or same scene composition with near-identical framing; many filenames are adjacent capture sequence numbers. Exact source/object IDs are absent, so this is a conservative near-duplicate call rather than a claim of byte identity.",Keep the images in one connected capture group and assign the entire group to one split; do not delete files solely for this similarity.,e4dfcac355f218123b2f8061ff917e50be2ad83f8fce17d8c65ff1ff6ec507a6,e7533ffbf79380fb7c24be48e43cc63fa715850ffef5018b2eaac7a142b56b04
30,3,ml/data/candidates/reject_v2/train/not_ewaste/Glass_Waste__IMG_20250822_142423_jpg.rf.9fade8933c3b78c1f79c3ee27c5d93f5.jpg,train,ml/data/candidates/reject_v2/test/not_ewaste/Glass_Waste__IMG_20250822_142422_jpg.rf.984c90580a1aa0dc567e33fb8e87af33.jpg,test,NEAR_DUPLICATE,"Side-by-side visual review shows the same apparent object or same scene composition with near-identical framing; many filenames are adjacent capture sequence numbers. Exact source/object IDs are absent, so this is a conservative near-duplicate call rather than a claim of byte identity.",Keep the images in one connected capture group and assign the entire group to one split; do not delete files solely for this similarity.,64759fbe68c25b5264a9be8a5c1201da7259a2da4d8c0b1b6d335397a09eca0c,a818edbe02a74c1d4c37d74e3d70dd43277fb26632e6d21ce771685a7857f07d
31,3,ml/data/candidates/reject_v2/train/not_ewaste/Glass_Waste__IMG_20250822_142446_jpg.rf.ef80aa9878285c1de57430f1c889ce52.jpg,train,ml/data/candidates/reject_v2/validation/not_ewaste/Glass_Waste__IMG_20250822_142447_jpg.rf.611b1d466302e0701e663863efb9b414.jpg,validation,NEAR_DUPLICATE,"Side-by-side visual review shows the same apparent object or same scene composition with near-identical framing; many filenames are adjacent capture sequence numbers. Exact source/object IDs are absent, so this is a conservative near-duplicate call rather than a claim of byte identity.",Keep the images in one connected capture group and assign the entire group to one split; do not delete files solely for this similarity.,6eadebe41c1b29b7fe2bbc6e250bebf75f50c12ee7e35c068f4b9e124e069563,f5a063332b7f414b87354c130c8e8e0f9c956c071475c6897d72a5745b910652
32,3,ml/data/candidates/reject_v2/train/not_ewaste/Glass_Waste__IMG_20250822_142448_jpg.rf.ac9bc1444cd7ef3f7d2fa00e8a8c6cc6.jpg,train,ml/data/candidates/reject_v2/validation/not_ewaste/Glass_Waste__IMG_20250822_142449_jpg.rf.ec0829394e6827c6e6b3a946d2be4cc1.jpg,validation,NEAR_DUPLICATE,"Side-by-side visual review shows the same apparent object or same scene composition with near-identical framing; many filenames are adjacent capture sequence numbers. Exact source/object IDs are absent, so this is a conservative near-duplicate call rather than a claim of byte identity.",Keep the images in one connected capture group and assign the entire group to one split; do not delete files solely for this similarity.,c5a08efd0c0d714a9598ab8225dfd034f7fdff41494d33cdec3a840937f5c277,bad29bc22e746fd9b969e047bcc2e729b993faec868e405da1df1d72b481b2f9
33,1,ml/data/candidates/reject_v2/train/not_ewaste/Glass_Waste__IMG_20250822_142537_jpg.rf.e14750172a876339df8ddf08f8140db1.jpg,train,ml/data/candidates/reject_v2/test/not_ewaste/Glass_Waste__IMG_20250822_142536_jpg.rf.4a2864a1d00748a2430a7e9b8938457a.jpg,test,NEAR_DUPLICATE,"Side-by-side visual review shows the same apparent object or same scene composition with near-identical framing; many filenames are adjacent capture sequence numbers. Exact source/object IDs are absent, so this is a conservative near-duplicate call rather than a claim of byte identity.",Keep the images in one connected capture group and assign the entire group to one split; do not delete files solely for this similarity.,ea292c155ee543954e917e39d081b33f825f05ba30d959f60b416f78c279756b,5654fbe2bcdbbdfa11305738e52bc6dc8ff6d53106d3089362a2a09d65b6cd84
34,3,ml/data/candidates/reject_v2/train/not_ewaste/Glass_Waste__IMG_20250822_142537_jpg.rf.e14750172a876339df8ddf08f8140db1.jpg,train,ml/data/candidates/reject_v2/test/not_ewaste/Glass_Waste__IMG_20250822_142538_jpg.rf.3941b876b2fccf9ede8a2ffd2af2ca43.jpg,test,NEAR_DUPLICATE,"Side-by-side visual review shows the same apparent object or same scene composition with near-identical framing; many filenames are adjacent capture sequence numbers. Exact source/object IDs are absent, so this is a conservative near-duplicate call rather than a claim of byte identity.",Keep the images in one connected capture group and assign the entire group to one split; do not delete files solely for this similarity.,ea292c155ee543954e917e39d081b33f825f05ba30d959f60b416f78c279756b,15d545b03405872558b5c5ad2f5bb422a91df745562671438906d13f9a12802e
35,2,ml/data/candidates/reject_v2/train/not_ewaste/Glass_Waste__IMG_20250822_142543_jpg.rf.7c8c56037fe38ae62acfce2c83da73cd.jpg,train,ml/data/candidates/reject_v2/validation/not_ewaste/Glass_Waste__IMG_20250822_142543_1_jpg.rf.9a3e254df2a0aaccb8b52089b859148c.jpg,validation,NEAR_DUPLICATE,"Side-by-side visual review shows the same apparent object or same scene composition with near-identical framing; many filenames are adjacent capture sequence numbers. Exact source/object IDs are absent, so this is a conservative near-duplicate call rather than a claim of byte identity.",Keep the images in one connected capture group and assign the entire group to one split; do not delete files solely for this similarity.,dc6197a954bd76da53ebf3edb798fa9c3cae9b229fe40b45df3fdb7ed5039fbd,f8be26a8e4a4220668156c98d37d1011b87173868ef070723a2f147e76f68361
36,3,ml/data/candidates/reject_v2/train/not_ewaste/Glass_Waste__IMG_20250822_142544_jpg.rf.d9364cdf2ebfc53d6ec3a526d74b28bc.jpg,train,ml/data/candidates/reject_v2/validation/not_ewaste/Glass_Waste__IMG_20250822_142543_1_jpg.rf.9a3e254df2a0aaccb8b52089b859148c.jpg,validation,NEAR_DUPLICATE,"Side-by-side visual review shows the same apparent object or same scene composition with near-identical framing; many filenames are adjacent capture sequence numbers. Exact source/object IDs are absent, so this is a conservative near-duplicate call rather than a claim of byte identity.",Keep the images in one connected capture group and assign the entire group to one split; do not delete files solely for this similarity.,d0927dad3d1b697bffbe34d4cc2bc9b114748ead0c480c5f9d81cbd649837527,f8be26a8e4a4220668156c98d37d1011b87173868ef070723a2f147e76f68361
37,3,ml/data/candidates/reject_v2/train/not_ewaste/Glass_Waste__IMG_20250822_142550_jpg.rf.ce0bb39eada78c1a1e49b308cb792b40.jpg,train,ml/data/candidates/reject_v2/validation/not_ewaste/Glass_Waste__IMG_20250822_142549_jpg.rf.ceaa32446f155ab02be4bf2521046d48.jpg,validation,NEAR_DUPLICATE,"Side-by-side visual review shows the same apparent object or same scene composition with near-identical framing; many filenames are adjacent capture sequence numbers. Exact source/object IDs are absent, so this is a conservative near-duplicate call rather than a claim of byte identity.",Keep the images in one connected capture group and assign the entire group to one split; do not delete files solely for this similarity.,1abf7431c35e2cb33a4ae60c785b45556dcf083d3a6c6fac83f02a980477b29d,1f848f7570bb563e66f2b1d794cc23e1c464620c1e4743e6144b288863ce4b4e
38,2,ml/data/candidates/reject_v2/train/not_ewaste/Glass_Waste__IMG_20250822_142550_jpg.rf.ce0bb39eada78c1a1e49b308cb792b40.jpg,train,ml/data/candidates/reject_v2/test/not_ewaste/Glass_Waste__IMG_20250822_142551_jpg.rf.3745eaa37cd825062d50a2cc8d2a6ed6.jpg,test,NEAR_DUPLICATE,"Side-by-side visual review shows the same apparent object or same scene composition with near-identical framing; many filenames are adjacent capture sequence numbers. Exact source/object IDs are absent, so this is a conservative near-duplicate call rather than a claim of byte identity.",Keep the images in one connected capture group and assign the entire group to one split; do not delete files solely for this similarity.,1abf7431c35e2cb33a4ae60c785b45556dcf083d3a6c6fac83f02a980477b29d,597eadfd7e674670093240c4a9ad90e8d89a7918bd4ec0b8cd9be287063d4c14
39,3,ml/data/candidates/reject_v2/train/not_ewaste/Glass_Waste__IMG_20250822_142644_jpg.rf.cc02019b38aca5c4d251402c36521886.jpg,train,ml/data/candidates/reject_v2/test/not_ewaste/Glass_Waste__IMG_20250822_142643_jpg.rf.66cd55fa6d67434cdc0214f2392dd95e.jpg,test,NEAR_DUPLICATE,"Side-by-side visual review shows the same apparent object or same scene composition with near-identical framing; many filenames are adjacent capture sequence numbers. Exact source/object IDs are absent, so this is a conservative near-duplicate call rather than a claim of byte identity.",Keep the images in one connected capture group and assign the entire group to one split; do not delete files solely for this similarity.,feae566aba21fb6a6b8663b28d73d22ed367cb5b686c63466a35c85bd0c5eb24,c4017c9e36c44853fb4dfd10711900108901ae031b861eb8eca46bff567c47b6
40,0,ml/data/candidates/reject_v2/train/not_ewaste/Organic_Waste__IMG_20250805_204802_jpg.rf.ee67044eef47ae7cd58aca2173fcafa2.jpg,train,ml/data/candidates/reject_v2/validation/not_ewaste/Organic_Waste__IMG_20250805_204801_jpg.rf.06bcd29264fbf6c0e7edc9e921c2a8d1.jpg,validation,NEAR_DUPLICATE,"Side-by-side visual review shows the same apparent object or same scene composition with near-identical framing; many filenames are adjacent capture sequence numbers. Exact source/object IDs are absent, so this is a conservative near-duplicate call rather than a claim of byte identity.",Keep the images in one connected capture group and assign the entire group to one split; do not delete files solely for this similarity.,024b9ae726ec7938eb52611e41ba7a9dd6f4fd3bd2e09ef4d5e975a71b8eaf02,1425fa32128acaf3d6c41b00793741ac72ef5c2cbb1703930037852d6f000f38
41,3,ml/data/candidates/reject_v2/train/not_ewaste/Organic_Waste__IMG_20250805_204802_jpg.rf.ee67044eef47ae7cd58aca2173fcafa2.jpg,train,ml/data/candidates/reject_v2/validation/not_ewaste/Organic_Waste__IMG_20250805_204803_jpg.rf.b93b527055d5d443f5c5f4cd7a4e4be2.jpg,validation,NEAR_DUPLICATE,"Side-by-side visual review shows the same apparent object or same scene composition with near-identical framing; many filenames are adjacent capture sequence numbers. Exact source/object IDs are absent, so this is a conservative near-duplicate call rather than a claim of byte identity.",Keep the images in one connected capture group and assign the entire group to one split; do not delete files solely for this similarity.,024b9ae726ec7938eb52611e41ba7a9dd6f4fd3bd2e09ef4d5e975a71b8eaf02,27f71f826dc04c4a896da03f2de29aab420d1075fef9450bdbc2ed0a5c820a05
42,3,ml/data/candidates/reject_v2/train/not_ewaste/Organic_Waste__IMG_20250805_204802_jpg.rf.ee67044eef47ae7cd58aca2173fcafa2.jpg,train,ml/data/candidates/reject_v2/validation/not_ewaste/Organic_Waste__IMG_20250805_204805_jpg.rf.a6dcdc7fcdf26da9da4aac2564cd6b9b.jpg,validation,NEAR_DUPLICATE,"Side-by-side visual review shows the same apparent object or same scene composition with near-identical framing; many filenames are adjacent capture sequence numbers. Exact source/object IDs are absent, so this is a conservative near-duplicate call rather than a claim of byte identity.",Keep the images in one connected capture group and assign the entire group to one split; do not delete files solely for this similarity.,024b9ae726ec7938eb52611e41ba7a9dd6f4fd3bd2e09ef4d5e975a71b8eaf02,37b6d8dc4809aa9e47bc79f21f02f05d86bda9dc18a6c3286d30341bec67e080
43,2,ml/data/candidates/reject_v2/train/not_ewaste/Organic_Waste__IMG_20250805_204804_jpg.rf.67b326e2ad2e27e2f7a12499b6d81f98.jpg,train,ml/data/candidates/reject_v2/validation/not_ewaste/Organic_Waste__IMG_20250805_204801_jpg.rf.06bcd29264fbf6c0e7edc9e921c2a8d1.jpg,validation,NEAR_DUPLICATE,"Side-by-side visual review shows the same apparent object or same scene composition with near-identical framing; many filenames are adjacent capture sequence numbers. Exact source/object IDs are absent, so this is a conservative near-duplicate call rather than a claim of byte identity.",Keep the images in one connected capture group and assign the entire group to one split; do not delete files solely for this similarity.,59a143fa9db8f924795dbbf5c6d0d93b321d832b4225ada4a59cf3e437954b85,1425fa32128acaf3d6c41b00793741ac72ef5c2cbb1703930037852d6f000f38
44,1,ml/data/candidates/reject_v2/train/not_ewaste/Organic_Waste__IMG_20250805_204804_jpg.rf.67b326e2ad2e27e2f7a12499b6d81f98.jpg,train,ml/data/candidates/reject_v2/validation/not_ewaste/Organic_Waste__IMG_20250805_204803_jpg.rf.b93b527055d5d443f5c5f4cd7a4e4be2.jpg,validation,NEAR_DUPLICATE,"Side-by-side visual review shows the same apparent object or same scene composition with near-identical framing; many filenames are adjacent capture sequence numbers. Exact source/object IDs are absent, so this is a conservative near-duplicate call rather than a claim of byte identity.",Keep the images in one connected capture group and assign the entire group to one split; do not delete files solely for this similarity.,59a143fa9db8f924795dbbf5c6d0d93b321d832b4225ada4a59cf3e437954b85,27f71f826dc04c4a896da03f2de29aab420d1075fef9450bdbc2ed0a5c820a05
45,1,ml/data/candidates/reject_v2/train/not_ewaste/Organic_Waste__IMG_20250805_204804_jpg.rf.67b326e2ad2e27e2f7a12499b6d81f98.jpg,train,ml/data/candidates/reject_v2/validation/not_ewaste/Organic_Waste__IMG_20250805_204805_jpg.rf.a6dcdc7fcdf26da9da4aac2564cd6b9b.jpg,validation,NEAR_DUPLICATE,"Side-by-side visual review shows the same apparent object or same scene composition with near-identical framing; many filenames are adjacent capture sequence numbers. Exact source/object IDs are absent, so this is a conservative near-duplicate call rather than a claim of byte identity.",Keep the images in one connected capture group and assign the entire group to one split; do not delete files solely for this similarity.,59a143fa9db8f924795dbbf5c6d0d93b321d832b4225ada4a59cf3e437954b85,37b6d8dc4809aa9e47bc79f21f02f05d86bda9dc18a6c3286d30341bec67e080
46,2,ml/data/candidates/reject_v2/train/not_ewaste/Organic_Waste__IMG_20250805_204804_jpg.rf.67b326e2ad2e27e2f7a12499b6d81f98.jpg,train,ml/data/candidates/reject_v2/validation/not_ewaste/Organic_Waste__IMG_20250805_204806_jpg.rf.026119e3f5bbd7746602ef0a45ac381e.jpg,validation,NEAR_DUPLICATE,"Side-by-side visual review shows the same apparent object or same scene composition with near-identical framing; many filenames are adjacent capture sequence numbers. Exact source/object IDs are absent, so this is a conservative near-duplicate call rather than a claim of byte identity.",Keep the images in one connected capture group and assign the entire group to one split; do not delete files solely for this similarity.,59a143fa9db8f924795dbbf5c6d0d93b321d832b4225ada4a59cf3e437954b85,65ff0b256c90817361306b96fc824fe70946ca7aa49b553d92db5fe851c8b364
47,1,ml/data/candidates/reject_v2/train/not_ewaste/Organic_Waste__IMG_20250822_142805_jpg.rf.cd8e813a3a07bfbb17f06bf375859060.jpg,train,ml/data/candidates/reject_v2/validation/not_ewaste/Organic_Waste__IMG_20250822_142804_jpg.rf.fb06cbf7b84f3dd5dc33eaf41b62a3ae.jpg,validation,NEAR_DUPLICATE,"Side-by-side visual review shows the same apparent object or same scene composition with near-identical framing; many filenames are adjacent capture sequence numbers. Exact source/object IDs are absent, so this is a conservative near-duplicate call rather than a claim of byte identity.",Keep the images in one connected capture group and assign the entire group to one split; do not delete files solely for this similarity.,2505afe0d21dbc93aa6400dcc88fb80a318181b39fe4bc70f5137fee7eeaaf17,e8585683f22b4d7b09a59a763fda157f39eba386d230a07f62be3a4cc0ef515e
48,2,ml/data/candidates/reject_v2/train/not_ewaste/Organic_Waste__IMG_20250822_142930_jpg.rf.6bdca82244c7547ab4985a7a39afeeec.jpg,train,ml/data/candidates/reject_v2/test/not_ewaste/Organic_Waste__IMG_20250822_142941_jpg.rf.75a55ee4e7ed7668f2f4c2f839be32c6.jpg,test,NEAR_DUPLICATE,"Side-by-side visual review shows the same apparent object or same scene composition with near-identical framing; many filenames are adjacent capture sequence numbers. Exact source/object IDs are absent, so this is a conservative near-duplicate call rather than a claim of byte identity.",Keep the images in one connected capture group and assign the entire group to one split; do not delete files solely for this similarity.,441ddb3bf4df21edf19d725a52f951eb8fc4ea74d92ef8da565b3e04a30f87fc,960dbb9cded775dcfe4ef2d9da837d6afe6e8766395a013198c0240d86294def
49,3,ml/data/candidates/reject_v2/train/not_ewaste/Organic_Waste__IMG_20250822_142931_jpg.rf.68824d2de793c8eb46fc649df9782fc2.jpg,train,ml/data/candidates/reject_v2/test/not_ewaste/Organic_Waste__IMG_20250822_142941_jpg.rf.75a55ee4e7ed7668f2f4c2f839be32c6.jpg,test,NEAR_DUPLICATE,"Side-by-side visual review shows the same apparent object or same scene composition with near-identical framing; many filenames are adjacent capture sequence numbers. Exact source/object IDs are absent, so this is a conservative near-duplicate call rather than a claim of byte identity.",Keep the images in one connected capture group and assign the entire group to one split; do not delete files solely for this similarity.,9d5030ebf2b16c027c8dae6a3a6f2c3dc7705eb4ad5b19f1f6a83040404e1fd9,960dbb9cded775dcfe4ef2d9da837d6afe6e8766395a013198c0240d86294def
50,2,ml/data/candidates/reject_v2/train/not_ewaste/Organic_Waste__IMG_20250822_142932_jpg.rf.a69e5764ad6e9dfd7f7d87027f3eec45.jpg,train,ml/data/candidates/reject_v2/test/not_ewaste/Organic_Waste__IMG_20250822_142941_jpg.rf.75a55ee4e7ed7668f2f4c2f839be32c6.jpg,test,NEAR_DUPLICATE,"Side-by-side visual review shows the same apparent object or same scene composition with near-identical framing; many filenames are adjacent capture sequence numbers. Exact source/object IDs are absent, so this is a conservative near-duplicate call rather than a claim of byte identity.",Keep the images in one connected capture group and assign the entire group to one split; do not delete files solely for this similarity.,06444c30cf7ab92024bb6bd4f2e191014cdd09927b5152d00e5f2ae92232f837,960dbb9cded775dcfe4ef2d9da837d6afe6e8766395a013198c0240d86294def
51,3,ml/data/candidates/reject_v2/train/not_ewaste/Organic_Waste__IMG_20250822_142933_jpg.rf.2f10d052a23b39c19662982592222ce9.jpg,train,ml/data/candidates/reject_v2/test/not_ewaste/Organic_Waste__IMG_20250822_142941_jpg.rf.75a55ee4e7ed7668f2f4c2f839be32c6.jpg,test,NEAR_DUPLICATE,"Side-by-side visual review shows the same apparent object or same scene composition with near-identical framing; many filenames are adjacent capture sequence numbers. Exact source/object IDs are absent, so this is a conservative near-duplicate call rather than a claim of byte identity.",Keep the images in one connected capture group and assign the entire group to one split; do not delete files solely for this similarity.,037b1ade87a0685835c4695def15d7e0ba4daccac14094a269407da86cca76f0,960dbb9cded775dcfe4ef2d9da837d6afe6e8766395a013198c0240d86294def
52,2,ml/data/candidates/reject_v2/train/not_ewaste/Paper_Waste__IMG_20250805_204014_1_jpg.rf.a0927620ab1df0ce2f95851ee32a046d.jpg,train,ml/data/candidates/reject_v2/validation/not_ewaste/Paper_Waste__IMG_20250805_204015_jpg.rf.3843eb861f76edbc2719fa6f6a48c491.jpg,validation,NEAR_DUPLICATE,"Side-by-side visual review shows the same apparent object or same scene composition with near-identical framing; many filenames are adjacent capture sequence numbers. Exact source/object IDs are absent, so this is a conservative near-duplicate call rather than a claim of byte identity.",Keep the images in one connected capture group and assign the entire group to one split; do not delete files solely for this similarity.,e0c3348e468f830a88aeab666753b3819208247c1f83413e85f8d361ede6c237,dbda5118685f9a779b773f161ebd170e24b267411bc6849c4384fefa3e1b7ec5
53,3,ml/data/candidates/reject_v2/train/not_ewaste/Paper_Waste__IMG_20250805_204014_1_jpg.rf.a0927620ab1df0ce2f95851ee32a046d.jpg,train,ml/data/candidates/reject_v2/test/not_ewaste/Paper_Waste__IMG_20250805_204014_jpg.rf.edd767591a6a2c56b9c099869b6c2b9e.jpg,test,NEAR_DUPLICATE,"Side-by-side visual review shows the same apparent object or same scene composition with near-identical framing; many filenames are adjacent capture sequence numbers. Exact source/object IDs are absent, so this is a conservative near-duplicate call rather than a claim of byte identity.",Keep the images in one connected capture group and assign the entire group to one split; do not delete files solely for this similarity.,e0c3348e468f830a88aeab666753b3819208247c1f83413e85f8d361ede6c237,de4a0d51ecb84f88c7e3a5b9da8e6337b7ee4f907bb9fcdd6cd986b89b2b775b
54,1,ml/data/candidates/reject_v2/train/not_ewaste/Paper_Waste__IMG_20250805_204020_jpg.rf.b59d5e51f6ecab5f5bdb9fc97c4e9a63.jpg,train,ml/data/candidates/reject_v2/test/not_ewaste/Paper_Waste__IMG_20250805_204021_jpg.rf.c38944bc37d953025211694e6fd1ecc8.jpg,test,NEAR_DUPLICATE,"Side-by-side visual review shows the same apparent object or same scene composition with near-identical framing; many filenames are adjacent capture sequence numbers. Exact source/object IDs are absent, so this is a conservative near-duplicate call rather than a claim of byte identity.",Keep the images in one connected capture group and assign the entire group to one split; do not delete files solely for this similarity.,ad80c66a091e6a042bc27a0f7a04a89fb3535be11d6c3d3eaf5f0c9c104dbe2e,a08d2c50d33a901f36e3957c9f9f019206f2d80d5082894bc2533412fbe06bde
55,3,ml/data/candidates/reject_v2/train/not_ewaste/Paper_Waste__IMG_20250805_204028_jpg.rf.56cb5adaf3658888f1766c56918fcb16.jpg,train,ml/data/candidates/reject_v2/validation/not_ewaste/Paper_Waste__IMG_20250805_204029_jpg.rf.aa01ab0e27a808110e71fbd949d12bde.jpg,validation,NEAR_DUPLICATE,"Side-by-side visual review shows the same apparent object or same scene composition with near-identical framing; many filenames are adjacent capture sequence numbers. Exact source/object IDs are absent, so this is a conservative near-duplicate call rather than a claim of byte identity.",Keep the images in one connected capture group and assign the entire group to one split; do not delete files solely for this similarity.,40362bce120f75775ecdcf954260f54e6c97fc489232971303915c2d73147b1b,5b7429567d893e82b5768060877fc16ea70a1489999925db30a98609fc85a39b
56,3,ml/data/candidates/reject_v2/train/not_ewaste/Paper_Waste__IMG_20250805_204038_jpg.rf.00e363bc40e50b03bfa7b05993b6efd9.jpg,train,ml/data/candidates/reject_v2/validation/not_ewaste/Paper_Waste__IMG_20250805_204041_jpg.rf.4919482aa67af9cf130a2d897e6aca0d.jpg,validation,NEAR_DUPLICATE,"Side-by-side visual review shows the same apparent object or same scene composition with near-identical framing; many filenames are adjacent capture sequence numbers. Exact source/object IDs are absent, so this is a conservative near-duplicate call rather than a claim of byte identity.",Keep the images in one connected capture group and assign the entire group to one split; do not delete files solely for this similarity.,9234486c36000c78959312248618a797ec1f1e85f7e22c96740fbd983f137526,be181d22b897807c578dc04d8a479478e52e45c13437a09ca8e6a83709d328b2
57,0,ml/data/candidates/reject_v2/train/not_ewaste/Paper_Waste__IMG_20250805_204042_jpg.rf.b6ceb5e75f0065f76c9dafccd8412617.jpg,train,ml/data/candidates/reject_v2/validation/not_ewaste/Paper_Waste__IMG_20250805_204041_jpg.rf.4919482aa67af9cf130a2d897e6aca0d.jpg,validation,NEAR_DUPLICATE,"Side-by-side visual review shows the same apparent object or same scene composition with near-identical framing; many filenames are adjacent capture sequence numbers. Exact source/object IDs are absent, so this is a conservative near-duplicate call rather than a claim of byte identity.",Keep the images in one connected capture group and assign the entire group to one split; do not delete files solely for this similarity.,235aee8341b1006b770404ece0f42999b8b4527e473da9fd24ffbd199f3a5ec4,be181d22b897807c578dc04d8a479478e52e45c13437a09ca8e6a83709d328b2
58,3,ml/data/candidates/reject_v2/train/not_ewaste/Paper_Waste__IMG_20250805_204330_1_jpg.rf.bb520caf2619a0bbd97ade1cfeffac4a.jpg,train,ml/data/candidates/reject_v2/validation/not_ewaste/Paper_Waste__IMG_20250805_204330_jpg.rf.d7178a374c809e3f5e7687bdf94b63e0.jpg,validation,NEAR_DUPLICATE,"Side-by-side visual review shows the same apparent object or same scene composition with near-identical framing; many filenames are adjacent capture sequence numbers. Exact source/object IDs are absent, so this is a conservative near-duplicate call rather than a claim of byte identity.",Keep the images in one connected capture group and assign the entire group to one split; do not delete files solely for this similarity.,1684a9ec4eb6b3e126b031f4f85ff04a5af9317b49d4a7544af43939776b27e8,0253b26ac1e15aba85ff727bcf53e4a41cf38b77ed35b3bc2dff6d414ea669d5
59,1,ml/data/candidates/reject_v2/train/not_ewaste/Paper_Waste__IMG_20250805_204338_jpg.rf.9947fa246e581cbcfe30bbdea9b85ba2.jpg,train,ml/data/candidates/reject_v2/test/not_ewaste/Paper_Waste__IMG_20250805_204339_jpg.rf.0dacc9298b13308bd49facfcd9584223.jpg,test,NEAR_DUPLICATE,"Side-by-side visual review shows the same apparent object or same scene composition with near-identical framing; many filenames are adjacent capture sequence numbers. Exact source/object IDs are absent, so this is a conservative near-duplicate call rather than a claim of byte identity.",Keep the images in one connected capture group and assign the entire group to one split; do not delete files solely for this similarity.,fef1612db7c3b8bcbbd1491ab5f96d866e234fd599aeb5652de578f729bbe8e8,520ec1bb0c62b26f598b76856852f7881955d9466ce23a26282050dd78939549
60,3,ml/data/candidates/reject_v2/train/not_ewaste/Paper_Waste__IMG_20250805_205244_jpg.rf.8295fd5449aa1e8126dcde737e1d4ed4.jpg,train,ml/data/candidates/reject_v2/test/not_ewaste/Paper_Waste__IMG_20250805_205245_jpg.rf.b753ab0e76c54f4090f1563c206b55bf.jpg,test,NEAR_DUPLICATE,"Side-by-side visual review shows the same apparent object or same scene composition with near-identical framing; many filenames are adjacent capture sequence numbers. Exact source/object IDs are absent, so this is a conservative near-duplicate call rather than a claim of byte identity.",Keep the images in one connected capture group and assign the entire group to one split; do not delete files solely for this similarity.,5d16c2af45997f42e1e46c49ec978817ea113fb249cde23a1e30b52b3b9f5887,0fa25288a5e62a7590da9c4341a43e18ebce28aa561ee4295c1e81d4415c2de4
61,2,ml/data/candidates/reject_v2/train/not_ewaste/Paper_Waste__IMG_20250805_205246_jpg.rf.032c4b659925079662b191153a6f30c1.jpg,train,ml/data/candidates/reject_v2/test/not_ewaste/Paper_Waste__IMG_20250805_205245_jpg.rf.b753ab0e76c54f4090f1563c206b55bf.jpg,test,NEAR_DUPLICATE,"Side-by-side visual review shows the same apparent object or same scene composition with near-identical framing; many filenames are adjacent capture sequence numbers. Exact source/object IDs are absent, so this is a conservative near-duplicate call rather than a claim of byte identity.",Keep the images in one connected capture group and assign the entire group to one split; do not delete files solely for this similarity.,9104c5699694b69c1504dc622e26576167863f6dd415bc8898fb74bd9ee2c9b2,0fa25288a5e62a7590da9c4341a43e18ebce28aa561ee4295c1e81d4415c2de4
62,1,ml/data/candidates/reject_v2/train/not_ewaste/Paper_Waste__IMG_20250822_140532_jpg.rf.0b3b51fc5b01db5b96fe5cd358f4f550.jpg,train,ml/data/candidates/reject_v2/test/not_ewaste/Paper_Waste__IMG_20250822_140534_jpg.rf.268594c436cd144eba2c43c88ac635f2.jpg,test,NEAR_DUPLICATE,"Side-by-side visual review shows the same apparent object or same scene composition with near-identical framing; many filenames are adjacent capture sequence numbers. Exact source/object IDs are absent, so this is a conservative near-duplicate call rather than a claim of byte identity.",Keep the images in one connected capture group and assign the entire group to one split; do not delete files solely for this similarity.,688e606fb82be638f403cf7e98e94a8c90e675e9719cc4e6ed20d91dffc9d0f2,e58d3dd9ebda711d489efee439028671d5f1978bb9297de3d4d8c04919a29639
63,2,ml/data/candidates/reject_v2/train/not_ewaste/Paper_Waste__IMG_20250822_140535_jpg.rf.922eae9b4cb88ba118b80e3ac68de7e9.jpg,train,ml/data/candidates/reject_v2/validation/not_ewaste/Paper_Waste__IMG_20250822_140536_jpg.rf.1d37da9c3159ab3c2ca3613706626ac7.jpg,validation,NEAR_DUPLICATE,"Side-by-side visual review shows the same apparent object or same scene composition with near-identical framing; many filenames are adjacent capture sequence numbers. Exact source/object IDs are absent, so this is a conservative near-duplicate call rather than a claim of byte identity.",Keep the images in one connected capture group and assign the entire group to one split; do not delete files solely for this similarity.,e899f322d89a4d8c5334210667928e6d17c147da9c95a5ba0bedd316d056afcb,884238e53f0767353631e49c0be0c9228926c943535b8d5ba2a85087ac15193e
64,2,ml/data/candidates/reject_v2/train/not_ewaste/Paper_Waste__IMG_20250822_140535_jpg.rf.922eae9b4cb88ba118b80e3ac68de7e9.jpg,train,ml/data/candidates/reject_v2/validation/not_ewaste/Paper_Waste__IMG_20250822_140538_jpg.rf.ac48c9f6c937875957fe3fe945c55063.jpg,validation,NEAR_DUPLICATE,"Side-by-side visual review shows the same apparent object or same scene composition with near-identical framing; many filenames are adjacent capture sequence numbers. Exact source/object IDs are absent, so this is a conservative near-duplicate call rather than a claim of byte identity.",Keep the images in one connected capture group and assign the entire group to one split; do not delete files solely for this similarity.,e899f322d89a4d8c5334210667928e6d17c147da9c95a5ba0bedd316d056afcb,95403da494028edf4826898d4bd3e579a38d48a872fefb62bf56a19241920361
65,3,ml/data/candidates/reject_v2/train/not_ewaste/Paper_Waste__IMG_20250822_140551_jpg.rf.a19b16451b35a17408ee214e777569ab.jpg,train,ml/data/candidates/reject_v2/validation/not_ewaste/Paper_Waste__IMG_20250822_140550_jpg.rf.157e8675527ee0441318dbceefb7faac.jpg,validation,NEAR_DUPLICATE,"Side-by-side visual review shows the same apparent object or same scene composition with near-identical framing; many filenames are adjacent capture sequence numbers. Exact source/object IDs are absent, so this is a conservative near-duplicate call rather than a claim of byte identity.",Keep the images in one connected capture group and assign the entire group to one split; do not delete files solely for this similarity.,a85cd1f9713e9ac1e47f2f40c7e8e516da08c48f22fe0a067eeaad721d50385f,692783900c6e2969edd23c2ea2036aad225c908ee5fdfdd9223b07ac93478b46
66,3,ml/data/candidates/reject_v2/train/not_ewaste/Paper_Waste__IMG_20250822_140552_jpg.rf.b0c3c92f2e188c082905abe1c440374e.jpg,train,ml/data/candidates/reject_v2/validation/not_ewaste/Paper_Waste__IMG_20250822_140550_jpg.rf.157e8675527ee0441318dbceefb7faac.jpg,validation,NEAR_DUPLICATE,"Side-by-side visual review shows the same apparent object or same scene composition with near-identical framing; many filenames are adjacent capture sequence numbers. Exact source/object IDs are absent, so this is a conservative near-duplicate call rather than a claim of byte identity.",Keep the images in one connected capture group and assign the entire group to one split; do not delete files solely for this similarity.,b77919b4f3593c3b0c2a07f80790f40ec89088f05f1e7e90e429eb80d3b8a6aa,692783900c6e2969edd23c2ea2036aad225c908ee5fdfdd9223b07ac93478b46
67,3,ml/data/candidates/reject_v2/train/not_ewaste/Paper_Waste__IMG_20250822_140600_1_jpg.rf.1e163db170fc4bf762ec5928738ad55b.jpg,train,ml/data/candidates/reject_v2/validation/not_ewaste/Paper_Waste__IMG_20250822_140602_jpg.rf.803619495847fccb4b011bb9212f9db8.jpg,validation,NEAR_DUPLICATE,"Side-by-side visual review shows the same apparent object or same scene composition with near-identical framing; many filenames are adjacent capture sequence numbers. Exact source/object IDs are absent, so this is a conservative near-duplicate call rather than a claim of byte identity.",Keep the images in one connected capture group and assign the entire group to one split; do not delete files solely for this similarity.,052b55cfb724e2161e5a3676f8ff24ca9bfc1e30216f373aaf5327fba0f09cd2,2a0ae1a326eb5e0ec3d314fa501a26acf416f1b6513d1e88aa8cd8a94b1f065f
68,3,ml/data/candidates/reject_v2/train/not_ewaste/Paper_Waste__IMG_20250822_140600_1_jpg.rf.1e163db170fc4bf762ec5928738ad55b.jpg,train,ml/data/candidates/reject_v2/test/not_ewaste/Paper_Waste__IMG_20250822_140600_jpg.rf.7b5883061ca4a70e4fced90d41cbb9ae.jpg,test,NEAR_DUPLICATE,"Side-by-side visual review shows the same apparent object or same scene composition with near-identical framing; many filenames are adjacent capture sequence numbers. Exact source/object IDs are absent, so this is a conservative near-duplicate call rather than a claim of byte identity.",Keep the images in one connected capture group and assign the entire group to one split; do not delete files solely for this similarity.,052b55cfb724e2161e5a3676f8ff24ca9bfc1e30216f373aaf5327fba0f09cd2,b449585ac410a6b8dc77261db86f448662b238f3c81d9a2ce7c027de4744581b
69,2,ml/data/candidates/reject_v2/train/not_ewaste/Paper_Waste__IMG_20250822_140601_jpg.rf.f9de4c8d60f00fe685e33cac9aa22f89.jpg,train,ml/data/candidates/reject_v2/validation/not_ewaste/Paper_Waste__IMG_20250822_140602_jpg.rf.803619495847fccb4b011bb9212f9db8.jpg,validation,NEAR_DUPLICATE,"Side-by-side visual review shows the same apparent object or same scene composition with near-identical framing; many filenames are adjacent capture sequence numbers. Exact source/object IDs are absent, so this is a conservative near-duplicate call rather than a claim of byte identity.",Keep the images in one connected capture group and assign the entire group to one split; do not delete files solely for this similarity.,95d43198a6d7c8fed0c1a979ff054388e5761652ee3c6776dd88ba50e1224dd4,2a0ae1a326eb5e0ec3d314fa501a26acf416f1b6513d1e88aa8cd8a94b1f065f
70,3,ml/data/candidates/reject_v2/train/not_ewaste/Paper_Waste__IMG_20250822_140644_jpg.rf.09eaf2b7792ab3c887f15a1925909e16.jpg,train,ml/data/candidates/reject_v2/validation/not_ewaste/Paper_Waste__IMG_20250822_140646_jpg.rf.9ae49dafb5760e7c9f69b373eae94719.jpg,validation,NEAR_DUPLICATE,"Side-by-side visual review shows the same apparent object or same scene composition with near-identical framing; many filenames are adjacent capture sequence numbers. Exact source/object IDs are absent, so this is a conservative near-duplicate call rather than a claim of byte identity.",Keep the images in one connected capture group and assign the entire group to one split; do not delete files solely for this similarity.,87c70933168f832cb7e8695b1d50593ce136b7fd508ed0b2538ef0fae5e2a897,a6430f2e7458b05d4fe5c90cdf0f18812223721b5fd50455623d6ba88c487085
71,3,ml/data/candidates/reject_v2/train/not_ewaste/Paper_Waste__IMG_20250822_140818_jpg.rf.f9f0a3597d0561a06ad7c941cf0247de.jpg,train,ml/data/candidates/reject_v2/test/not_ewaste/Paper_Waste__IMG_20250822_140817_jpg.rf.57071078b8e05b774b90907450c97a52.jpg,test,NEAR_DUPLICATE,"Side-by-side visual review shows the same apparent object or same scene composition with near-identical framing; many filenames are adjacent capture sequence numbers. Exact source/object IDs are absent, so this is a conservative near-duplicate call rather than a claim of byte identity.",Keep the images in one connected capture group and assign the entire group to one split; do not delete files solely for this similarity.,5801326ccc38e55ee63d511e96cd291c54031265e5b0baaa7e271d878e893863,55cdd579c9db2438ec5aabd1c7d79a45b656aca84d57ea17fd66cd8b872cac50
72,1,ml/data/candidates/reject_v2/train/not_ewaste/Paper_Waste__IMG_20250822_140818_jpg.rf.f9f0a3597d0561a06ad7c941cf0247de.jpg,train,ml/data/candidates/reject_v2/test/not_ewaste/Paper_Waste__IMG_20250822_140819_jpg.rf.6bc889e0ff14e453f52551128fd143c5.jpg,test,NEAR_DUPLICATE,"Side-by-side visual review shows the same apparent object or same scene composition with near-identical framing; many filenames are adjacent capture sequence numbers. Exact source/object IDs are absent, so this is a conservative near-duplicate call rather than a claim of byte identity.",Keep the images in one connected capture group and assign the entire group to one split; do not delete files solely for this similarity.,5801326ccc38e55ee63d511e96cd291c54031265e5b0baaa7e271d878e893863,056679369d6394b85e1492fc68795d986ad019825d8da983e8f545f34380edb2
73,0,ml/data/candidates/reject_v2/train/not_ewaste/Paper_Waste__IMG_20250822_140828_jpg.rf.7c37f5768f2911a979cb13d7ac9c0a9a.jpg,train,ml/data/candidates/reject_v2/test/not_ewaste/Paper_Waste__IMG_20250822_140831_jpg.rf.8bac2dc62bbc6eecce5843150a93a367.jpg,test,NEAR_DUPLICATE,"Side-by-side visual review shows the same apparent object or same scene composition with near-identical framing; many filenames are adjacent capture sequence numbers. Exact source/object IDs are absent, so this is a conservative near-duplicate call rather than a claim of byte identity.",Keep the images in one connected capture group and assign the entire group to one split; do not delete files solely for this similarity.,cc410e322aedddff75eb8ce9d2600dabd31e9e2ecdaffdefb54b6a96234dc7c9,8567fdf905378a9bd528811208b2e9313e550d4c7dc2da46e3664fd28245c89a
74,1,ml/data/candidates/reject_v2/train/not_ewaste/Paper_Waste__IMG_20250822_140830_jpg.rf.cfd5fc9c907219a20101ae4c5d3f285f.jpg,train,ml/data/candidates/reject_v2/test/not_ewaste/Paper_Waste__IMG_20250822_140831_jpg.rf.8bac2dc62bbc6eecce5843150a93a367.jpg,test,NEAR_DUPLICATE,"Side-by-side visual review shows the same apparent object or same scene composition with near-identical framing; many filenames are adjacent capture sequence numbers. Exact source/object IDs are absent, so this is a conservative near-duplicate call rather than a claim of byte identity.",Keep the images in one connected capture group and assign the entire group to one split; do not delete files solely for this similarity.,a64422ce64d6dc28760fc2875d0826728ee8e196e98bbcbb571fbda4076dc8e1,8567fdf905378a9bd528811208b2e9313e550d4c7dc2da46e3664fd28245c89a
75,3,ml/data/candidates/reject_v2/train/not_ewaste/Paper_Waste__IMG_20250822_140837_jpg.rf.a5df1ace9dc9d7935ee98c535e612974.jpg,train,ml/data/candidates/reject_v2/validation/not_ewaste/Paper_Waste__IMG_20250822_140835_jpg.rf.0ee465b61929f73d654324d4c2fd96ff.jpg,validation,NEAR_DUPLICATE,"Side-by-side visual review shows the same apparent object or same scene composition with near-identical framing; many filenames are adjacent capture sequence numbers. Exact source/object IDs are absent, so this is a conservative near-duplicate call rather than a claim of byte identity.",Keep the images in one connected capture group and assign the entire group to one split; do not delete files solely for this similarity.,c028c5dc75ae6aa92f1763e4f63a6fcab6cc033ecdd7b4f56da7e2b1f0d7e352,280e3dae2a866d8634b1ca740ec70f1be6b3add0f6bd344f9b00f4694b3dd308
76,3,ml/data/candidates/reject_v2/train/not_ewaste/Paper_Waste__IMG_20250822_140904_jpg.rf.b9c81ee49e80219e42f2d7cf2fa1bd1f.jpg,train,ml/data/candidates/reject_v2/validation/not_ewaste/Paper_Waste__IMG_20250822_140902_jpg.rf.b5185070d5fb1ca4c0cf2d5600eabd3e.jpg,validation,NEAR_DUPLICATE,"Side-by-side visual review shows the same apparent object or same scene composition with near-identical framing; many filenames are adjacent capture sequence numbers. Exact source/object IDs are absent, so this is a conservative near-duplicate call rather than a claim of byte identity.",Keep the images in one connected capture group and assign the entire group to one split; do not delete files solely for this similarity.,a84ae557daebde70e97269a573af2b9aaca95f8049addcb6116fbdaa4354d761,16658a82cfb1ae293e9523566c62b0bb715a0ac3848568456f5ce4698b2e8ce0
77,2,ml/data/candidates/reject_v2/train/not_ewaste/Paper_Waste__IMG_20250822_140904_jpg.rf.b9c81ee49e80219e42f2d7cf2fa1bd1f.jpg,train,ml/data/candidates/reject_v2/test/not_ewaste/Paper_Waste__IMG_20250822_140901_jpg.rf.eb59ae1ee095dcc3b5c4d4faf6eba8fb.jpg,test,NEAR_DUPLICATE,"Side-by-side visual review shows the same apparent object or same scene composition with near-identical framing; many filenames are adjacent capture sequence numbers. Exact source/object IDs are absent, so this is a conservative near-duplicate call rather than a claim of byte identity.",Keep the images in one connected capture group and assign the entire group to one split; do not delete files solely for this similarity.,a84ae557daebde70e97269a573af2b9aaca95f8049addcb6116fbdaa4354d761,7602137a212d4dac6955f0acd7283f1406eda25ac12a15af91b87412890f3c44
78,3,ml/data/candidates/reject_v2/train/not_ewaste/Paper_Waste__IMG_20250822_140904_jpg.rf.b9c81ee49e80219e42f2d7cf2fa1bd1f.jpg,train,ml/data/candidates/reject_v2/test/not_ewaste/Paper_Waste__IMG_20250822_140903_jpg.rf.0ab3494f906b9f6e76136edfb1d74544.jpg,test,NEAR_DUPLICATE,"Side-by-side visual review shows the same apparent object or same scene composition with near-identical framing; many filenames are adjacent capture sequence numbers. Exact source/object IDs are absent, so this is a conservative near-duplicate call rather than a claim of byte identity.",Keep the images in one connected capture group and assign the entire group to one split; do not delete files solely for this similarity.,a84ae557daebde70e97269a573af2b9aaca95f8049addcb6116fbdaa4354d761,c134b657a62a67c10a3292bff1bd4bbf0ac69bd614406265736c74e0ce4db3c7
79,1,ml/data/candidates/reject_v2/train/not_ewaste/Paper_Waste__IMG_20250822_140907_1_jpg.rf.1a6312f51a92d072d2aeb06b2fc0b0ad.jpg,train,ml/data/candidates/reject_v2/test/not_ewaste/Paper_Waste__IMG_20250822_140907_jpg.rf.c066db1fce595c6ef38c60d5e329dd4f.jpg,test,NEAR_DUPLICATE,"Side-by-side visual review shows the same apparent object or same scene composition with near-identical framing; many filenames are adjacent capture sequence numbers. Exact source/object IDs are absent, so this is a conservative near-duplicate call rather than a claim of byte identity.",Keep the images in one connected capture group and assign the entire group to one split; do not delete files solely for this similarity.,ce3180afe258392280378357512c88444bb328afc5a2ea81a0704ab6cc491009,648b88d5a47deebd0395e2bd15411b22c806b0da0d19b61353c9045dbb987dfc
80,3,ml/data/candidates/reject_v2/train/not_ewaste/Paper_Waste__IMG_20250822_142228_jpg.rf.26b983f263b182f6eb6570c00301c50a.jpg,train,ml/data/candidates/reject_v2/validation/not_ewaste/Paper_Waste__IMG_20250822_142225_jpg.rf.fb98ee37ad43b9c50c7034721f3dbd67.jpg,validation,NEAR_DUPLICATE,"Side-by-side visual review shows the same apparent object or same scene composition with near-identical framing; many filenames are adjacent capture sequence numbers. Exact source/object IDs are absent, so this is a conservative near-duplicate call rather than a claim of byte identity.",Keep the images in one connected capture group and assign the entire group to one split; do not delete files solely for this similarity.,a8d837bb500401db349607e50495d6f884134694974e1285e2b21f8bde62a624,e1365e16a9c0eaecf7897d793461e39a5612d3f23c8571ca692014f6d22a665e
81,3,ml/data/candidates/reject_v2/train/not_ewaste/Paper_Waste__IMG_20250822_142228_jpg.rf.26b983f263b182f6eb6570c00301c50a.jpg,train,ml/data/candidates/reject_v2/test/not_ewaste/Paper_Waste__IMG_20250822_142225_1_jpg.rf.bf1dc8734d550d4fe1d7e7395f5dd0e7.jpg,test,NEAR_DUPLICATE,"Side-by-side visual review shows the same apparent object or same scene composition with near-identical framing; many filenames are adjacent capture sequence numbers. Exact source/object IDs are absent, so this is a conservative near-duplicate call rather than a claim of byte identity.",Keep the images in one connected capture group and assign the entire group to one split; do not delete files solely for this similarity.,a8d837bb500401db349607e50495d6f884134694974e1285e2b21f8bde62a624,d33effa0abcb7ca4f21b248f95ab173123331c70db80cf6197f006210c68ad82
82,3,ml/data/candidates/reject_v2/train/not_ewaste/Paper_Waste__IMG_20250822_142228_jpg.rf.26b983f263b182f6eb6570c00301c50a.jpg,train,ml/data/candidates/reject_v2/test/not_ewaste/Paper_Waste__IMG_20250822_142229_jpg.rf.0e6d6225a922628f52fc8f3e34d4cc83.jpg,test,NEAR_DUPLICATE,"Side-by-side visual review shows the same apparent object or same scene composition with near-identical framing; many filenames are adjacent capture sequence numbers. Exact source/object IDs are absent, so this is a conservative near-duplicate call rather than a claim of byte identity.",Keep the images in one connected capture group and assign the entire group to one split; do not delete files solely for this similarity.,a8d837bb500401db349607e50495d6f884134694974e1285e2b21f8bde62a624,80a8435028143d54e24b9c5c925edc0a9137f33fa19fcc77741287cdd9049c20
83,3,ml/data/candidates/reject_v2/train/not_ewaste/Plastic_Waste__IMG_20250803_220946_jpg.rf.1ed353d6fee2290258e88fd89d838a42.jpg,train,ml/data/candidates/reject_v2/validation/not_ewaste/Plastic_Waste__IMG_20250803_220949_jpg.rf.3ace4d5f9ac28dc7cf5f3e5cb2ba1181.jpg,validation,NEAR_DUPLICATE,"Side-by-side visual review shows the same apparent object or same scene composition with near-identical framing; many filenames are adjacent capture sequence numbers. Exact source/object IDs are absent, so this is a conservative near-duplicate call rather than a claim of byte identity.",Keep the images in one connected capture group and assign the entire group to one split; do not delete files solely for this similarity.,dd1a42812d5f6c6fdef9e902f1cf299d8d228cfce42b0ad81450ef9e08ad0024,513a8d9ba02cd6fdf24ab4c8907950d9eac3dc65e4c4275180acd0b78f088044
84,3,ml/data/candidates/reject_v2/train/not_ewaste/Plastic_Waste__IMG_20250803_220948_jpg.rf.942bd1dafe403f7179972e2ef03c39ef.jpg,train,ml/data/candidates/reject_v2/validation/not_ewaste/Plastic_Waste__IMG_20250803_220949_jpg.rf.3ace4d5f9ac28dc7cf5f3e5cb2ba1181.jpg,validation,NEAR_DUPLICATE,"Side-by-side visual review shows the same apparent object or same scene composition with near-identical framing; many filenames are adjacent capture sequence numbers. Exact source/object IDs are absent, so this is a conservative near-duplicate call rather than a claim of byte identity.",Keep the images in one connected capture group and assign the entire group to one split; do not delete files solely for this similarity.,511c5ddc714f77af8f5bff42939c6b7a44cea57944003e2de85882c4ac5ff9b9,513a8d9ba02cd6fdf24ab4c8907950d9eac3dc65e4c4275180acd0b78f088044
85,0,ml/data/candidates/reject_v2/train/not_ewaste/Plastic_Waste__IMG_20250803_220955_1_jpg.rf.5bceeacf4bc5399671f612f1a96c42a6.jpg,train,ml/data/candidates/reject_v2/test/not_ewaste/Plastic_Waste__IMG_20250803_220955_jpg.rf.8dd2b8a8a60e6a334821d9751836a964.jpg,test,NEAR_DUPLICATE,"Side-by-side visual review shows the same apparent object or same scene composition with near-identical framing; many filenames are adjacent capture sequence numbers. Exact source/object IDs are absent, so this is a conservative near-duplicate call rather than a claim of byte identity.",Keep the images in one connected capture group and assign the entire group to one split; do not delete files solely for this similarity.,9c0a5dd348e580db49949b5fe40b37c6b3f556b4883891d7ee591868d26b0ff4,616c0918292ab41d8f6b72e7ddcc5c29ab8855d438b4ed3e5c3a2be8f0c16b33
86,1,ml/data/candidates/reject_v2/train/not_ewaste/Plastic_Waste__IMG_20250803_220956_jpg.rf.3131b747648558d4ede3bc482cf49864.jpg,train,ml/data/candidates/reject_v2/test/not_ewaste/Plastic_Waste__IMG_20250803_220955_jpg.rf.8dd2b8a8a60e6a334821d9751836a964.jpg,test,NEAR_DUPLICATE,"Side-by-side visual review shows the same apparent object or same scene composition with near-identical framing; many filenames are adjacent capture sequence numbers. Exact source/object IDs are absent, so this is a conservative near-duplicate call rather than a claim of byte identity.",Keep the images in one connected capture group and assign the entire group to one split; do not delete files solely for this similarity.,d353397104036b46a88dce26d839967fe0d18f7b831c94783ac9f2e960f72bfd,616c0918292ab41d8f6b72e7ddcc5c29ab8855d438b4ed3e5c3a2be8f0c16b33
87,2,ml/data/candidates/reject_v2/train/not_ewaste/Plastic_Waste__IMG_20250803_220958_jpg.rf.02846a3ab02382815ff47af2376043c0.jpg,train,ml/data/candidates/reject_v2/validation/not_ewaste/Plastic_Waste__IMG_20250803_220957_jpg.rf.26c09e79ea7c3e48d381e39e30e30abb.jpg,validation,NEAR_DUPLICATE,"Side-by-side visual review shows the same apparent object or same scene composition with near-identical framing; many filenames are adjacent capture sequence numbers. Exact source/object IDs are absent, so this is a conservative near-duplicate call rather than a claim of byte identity.",Keep the images in one connected capture group and assign the entire group to one split; do not delete files solely for this similarity.,1ccbd947ba37133f0a44e27e44a00f93ffd4e92215e4c02a583bd6ee042fce09,2096d072981dc96c2b57092b289347d630b19c5fcfa56a24de55f26c419fe70d
88,1,ml/data/candidates/reject_v2/train/not_ewaste/Plastic_Waste__IMG_20250803_221006_jpg.rf.6c4a21e56bb01160b3ccd15086edee95.jpg,train,ml/data/candidates/reject_v2/validation/not_ewaste/Plastic_Waste__IMG_20250803_221005_jpg.rf.bf0e3441fde110bd1133b9bbcd2d33fc.jpg,validation,NEAR_DUPLICATE,"Side-by-side visual review shows the same apparent object or same scene composition with near-identical framing; many filenames are adjacent capture sequence numbers. Exact source/object IDs are absent, so this is a conservative near-duplicate call rather than a claim of byte identity.",Keep the images in one connected capture group and assign the entire group to one split; do not delete files solely for this similarity.,30fc65252b0da2c4db5114ea53aba2afb2849edec566ebbd2e8d62718e48e476,9f37fc1489d5195f32d37dec2e208baa1268a133f7b573e77d4e817522cd00b3
89,1,ml/data/candidates/reject_v2/train/not_ewaste/Plastic_Waste__IMG_20250803_221006_jpg.rf.6c4a21e56bb01160b3ccd15086edee95.jpg,train,ml/data/candidates/reject_v2/validation/not_ewaste/Plastic_Waste__IMG_20250803_221007_jpg.rf.c032eed31a16fa24832b53cb57f17585.jpg,validation,NEAR_DUPLICATE,"Side-by-side visual review shows the same apparent object or same scene composition with near-identical framing; many filenames are adjacent capture sequence numbers. Exact source/object IDs are absent, so this is a conservative near-duplicate call rather than a claim of byte identity.",Keep the images in one connected capture group and assign the entire group to one split; do not delete files solely for this similarity.,30fc65252b0da2c4db5114ea53aba2afb2849edec566ebbd2e8d62718e48e476,1d25d2a845a75b22634e65d218f527c2e034ee9e10543b579a56d42d3b66d6d3
90,1,ml/data/candidates/reject_v2/train/not_ewaste/Plastic_Waste__IMG_20250803_221008_jpg.rf.7ee66cdfcaf32cd7321a437942dab35b.jpg,train,ml/data/candidates/reject_v2/validation/not_ewaste/Plastic_Waste__IMG_20250803_221005_jpg.rf.bf0e3441fde110bd1133b9bbcd2d33fc.jpg,validation,NEAR_DUPLICATE,"Side-by-side visual review shows the same apparent object or same scene composition with near-identical framing; many filenames are adjacent capture sequence numbers. Exact source/object IDs are absent, so this is a conservative near-duplicate call rather than a claim of byte identity.",Keep the images in one connected capture group and assign the entire group to one split; do not delete files solely for this similarity.,884927933de321cbbb46706b465fe31f1a39577efae0a213c54c6d09524ebcbe,9f37fc1489d5195f32d37dec2e208baa1268a133f7b573e77d4e817522cd00b3
91,1,ml/data/candidates/reject_v2/train/not_ewaste/Plastic_Waste__IMG_20250803_221008_jpg.rf.7ee66cdfcaf32cd7321a437942dab35b.jpg,train,ml/data/candidates/reject_v2/validation/not_ewaste/Plastic_Waste__IMG_20250803_221007_jpg.rf.c032eed31a16fa24832b53cb57f17585.jpg,validation,NEAR_DUPLICATE,"Side-by-side visual review shows the same apparent object or same scene composition with near-identical framing; many filenames are adjacent capture sequence numbers. Exact source/object IDs are absent, so this is a conservative near-duplicate call rather than a claim of byte identity.",Keep the images in one connected capture group and assign the entire group to one split; do not delete files solely for this similarity.,884927933de321cbbb46706b465fe31f1a39577efae0a213c54c6d09524ebcbe,1d25d2a845a75b22634e65d218f527c2e034ee9e10543b579a56d42d3b66d6d3
92,3,ml/data/candidates/reject_v2/train/not_ewaste/Plastic_Waste__IMG_20250803_221407_jpg.rf.f92b64f63e95c08e209471d6926f9913.jpg,train,ml/data/candidates/reject_v2/validation/not_ewaste/Plastic_Waste__IMG_20250803_221409_jpg.rf.4c33b3c30955b0b5c72a860e1473a7af.jpg,validation,NEAR_DUPLICATE,"Side-by-side visual review shows the same apparent object or same scene composition with near-identical framing; many filenames are adjacent capture sequence numbers. Exact source/object IDs are absent, so this is a conservative near-duplicate call rather than a claim of byte identity.",Keep the images in one connected capture group and assign the entire group to one split; do not delete files solely for this similarity.,a0f6c70b7c1650e15eace14527947f95300450c6dfb0d8eb33cec83d2d383027,e7b1b3b851eaf03b80aa749b7b1994fb56d429c9216104e9418beec7b1db3859
93,2,ml/data/candidates/reject_v2/train/not_ewaste/Plastic_Waste__IMG_20250803_221410_jpg.rf.ad3c805cbc13d358e605e91e50885552.jpg,train,ml/data/candidates/reject_v2/validation/not_ewaste/Plastic_Waste__IMG_20250803_221409_jpg.rf.4c33b3c30955b0b5c72a860e1473a7af.jpg,validation,NEAR_DUPLICATE,"Side-by-side visual review shows the same apparent object or same scene composition with near-identical framing; many filenames are adjacent capture sequence numbers. Exact source/object IDs are absent, so this is a conservative near-duplicate call rather than a claim of byte identity.",Keep the images in one connected capture group and assign the entire group to one split; do not delete files solely for this similarity.,54b38fac12b8693911aad2cc6b14b59ca3dcd30cc22b8d82bbea273ddcbb6732,e7b1b3b851eaf03b80aa749b7b1994fb56d429c9216104e9418beec7b1db3859
94,2,ml/data/candidates/reject_v2/train/not_ewaste/Plastic_Waste__IMG_20250803_221411_jpg.rf.fc1553fa20007c7c69f887b0033cab47.jpg,train,ml/data/candidates/reject_v2/test/not_ewaste/Plastic_Waste__IMG_20250803_221412_jpg.rf.8824ffd49cb179ea3fa4a32be58a8a56.jpg,test,NEAR_DUPLICATE,"Side-by-side visual review shows the same apparent object or same scene composition with near-identical framing; many filenames are adjacent capture sequence numbers. Exact source/object IDs are absent, so this is a conservative near-duplicate call rather than a claim of byte identity.",Keep the images in one connected capture group and assign the entire group to one split; do not delete files solely for this similarity.,7fb2a62df6ea9528d02e245b498b4a827e45aae9fccc86dba4d2e1123e46b7ca,10b86f98936e19fddeb736df4f0fffef649269686f45b3ae56c3f7f2c6b7ae11
95,2,ml/data/candidates/reject_v2/train/not_ewaste/Plastic_Waste__IMG_20250803_221411_jpg.rf.fc1553fa20007c7c69f887b0033cab47.jpg,train,ml/data/candidates/reject_v2/test/not_ewaste/Plastic_Waste__IMG_20250803_221413_jpg.rf.7981da4922da4ef0420a42a7d1f9771c.jpg,test,NEAR_DUPLICATE,"Side-by-side visual review shows the same apparent object or same scene composition with near-identical framing; many filenames are adjacent capture sequence numbers. Exact source/object IDs are absent, so this is a conservative near-duplicate call rather than a claim of byte identity.",Keep the images in one connected capture group and assign the entire group to one split; do not delete files solely for this similarity.,7fb2a62df6ea9528d02e245b498b4a827e45aae9fccc86dba4d2e1123e46b7ca,f669c3c0a2cb305d7fd100128873426be85172d3f4eeb4ad0c3ef1f04866130b
96,3,ml/data/candidates/reject_v2/train/not_ewaste/Plastic_Waste__IMG_20250803_221420_jpg.rf.eeea5b29b3d9d2f4a7ba9cc4643d6168.jpg,train,ml/data/candidates/reject_v2/validation/not_ewaste/Plastic_Waste__IMG_20250803_221419_jpg.rf.3211bd332b9c09a4324bead98ddee8b5.jpg,validation,NEAR_DUPLICATE,"Side-by-side visual review shows the same apparent object or same scene composition with near-identical framing; many filenames are adjacent capture sequence numbers. Exact source/object IDs are absent, so this is a conservative near-duplicate call rather than a claim of byte identity.",Keep the images in one connected capture group and assign the entire group to one split; do not delete files solely for this similarity.,d5849b486c2f6f81be5d5901a9c0d5f4288d0d47248b7861f5b09ca95a01f4c7,94c65d5dc519cfe9f6f04d2204698ed9f20ecd26f54047e0fcbf01ed735e9e54
97,2,ml/data/candidates/reject_v2/train/not_ewaste/Plastic_Waste__IMG_20250803_221420_jpg.rf.eeea5b29b3d9d2f4a7ba9cc4643d6168.jpg,train,ml/data/candidates/reject_v2/test/not_ewaste/Plastic_Waste__IMG_20250803_221421_jpg.rf.37ec4fbff8fe98ac23fc23adf37421e0.jpg,test,NEAR_DUPLICATE,"Side-by-side visual review shows the same apparent object or same scene composition with near-identical framing; many filenames are adjacent capture sequence numbers. Exact source/object IDs are absent, so this is a conservative near-duplicate call rather than a claim of byte identity.",Keep the images in one connected capture group and assign the entire group to one split; do not delete files solely for this similarity.,d5849b486c2f6f81be5d5901a9c0d5f4288d0d47248b7861f5b09ca95a01f4c7,72da6e2e42664788c309b5805add35876f4d444f0b7d40daf619453eb081a1e0
98,0,ml/data/candidates/reject_v2/train/not_ewaste/Plastic_Waste__IMG_20250805_204215_jpg.rf.90b775a4472c8ddc3587ebc4fa69dec2.jpg,train,ml/data/candidates/reject_v2/validation/not_ewaste/Plastic_Waste__IMG_20250805_204214_jpg.rf.546d87de4ae2a70935eac365f31f01e2.jpg,validation,NEAR_DUPLICATE,"Side-by-side visual review shows the same apparent object or same scene composition with near-identical framing; many filenames are adjacent capture sequence numbers. Exact source/object IDs are absent, so this is a conservative near-duplicate call rather than a claim of byte identity.",Keep the images in one connected capture group and assign the entire group to one split; do not delete files solely for this similarity.,3c72f2746c11618bb6621bc77849bec32f05fce81f76fb978012b0c492666b92,62196cb9ea79878ceb9fdb350a69619552e771b955c45f58a542e68c657fecdd
99,2,ml/data/candidates/reject_v2/train/not_ewaste/Plastic_Waste__IMG_20250805_204215_jpg.rf.90b775a4472c8ddc3587ebc4fa69dec2.jpg,train,ml/data/candidates/reject_v2/validation/not_ewaste/Plastic_Waste__IMG_20250805_204216_jpg.rf.9fff4facf315b4d4a8940cf740ecfbb2.jpg,validation,NEAR_DUPLICATE,"Side-by-side visual review shows the same apparent object or same scene composition with near-identical framing; many filenames are adjacent capture sequence numbers. Exact source/object IDs are absent, so this is a conservative near-duplicate call rather than a claim of byte identity.",Keep the images in one connected capture group and assign the entire group to one split; do not delete files solely for this similarity.,3c72f2746c11618bb6621bc77849bec32f05fce81f76fb978012b0c492666b92,84e99159372004ecd403b03bf7b0c253ceb431b62f7b622b227be564be016700
100,3,ml/data/candidates/reject_v2/train/not_ewaste/Plastic_Waste__IMG_20250805_204305_jpg.rf.905bc4a4c245689aa36ad6480324f0a5.jpg,train,ml/data/candidates/reject_v2/test/not_ewaste/Plastic_Waste__IMG_20250805_204304_jpg.rf.9f16e61c7a17c1cde693aa45c441de9c.jpg,test,NEAR_DUPLICATE,"Side-by-side visual review shows the same apparent object or same scene composition with near-identical framing; many filenames are adjacent capture sequence numbers. Exact source/object IDs are absent, so this is a conservative near-duplicate call rather than a claim of byte identity.",Keep the images in one connected capture group and assign the entire group to one split; do not delete files solely for this similarity.,4be384c02fc993edc25f5610f3ea527d4884713fa0f5018b518f23d3bd251474,a67335b448d7ab07596c94b107552c2f98b325d2623eb9097594d8f65a5f6a69
101,2,ml/data/candidates/reject_v2/train/not_ewaste/Plastic_Waste__IMG_20250805_204510_jpg.rf.68cd7514cdffd79fb1345a3738ba2d40.jpg,train,ml/data/candidates/reject_v2/test/not_ewaste/Plastic_Waste__IMG_20250805_204509_jpg.rf.8d4d8d7aecbaad03b2d5e3cea5250aa8.jpg,test,NEAR_DUPLICATE,"Side-by-side visual review shows the same apparent object or same scene composition with near-identical framing; many filenames are adjacent capture sequence numbers. Exact source/object IDs are absent, so this is a conservative near-duplicate call rather than a claim of byte identity.",Keep the images in one connected capture group and assign the entire group to one split; do not delete files solely for this similarity.,3102f08cd4c1c00eb873a530f9f1dc71191c2318518c029fe825746989042994,580c470e6be94352ab81516e30d39a72bf7582543f7fc63a127f741e2643952c
102,3,ml/data/candidates/reject_v2/train/not_ewaste/Plastic_Waste__IMG_20250805_204512_jpg.rf.943da8c1dd4bfd55e55f5020df917874.jpg,train,ml/data/candidates/reject_v2/validation/not_ewaste/Plastic_Waste__IMG_20250805_204511_jpg.rf.27c65287d36e21171c3645340b93342d.jpg,validation,NEAR_DUPLICATE,"Side-by-side visual review shows the same apparent object or same scene composition with near-identical framing; many filenames are adjacent capture sequence numbers. Exact source/object IDs are absent, so this is a conservative near-duplicate call rather than a claim of byte identity.",Keep the images in one connected capture group and assign the entire group to one split; do not delete files solely for this similarity.,7359dbc3960eb6b81f5065b89bde2827ddbae950658243c4b822061b53a96e16,aea29c5bb2fa593fbc8bd8649dd6feb90177a8f882efef6489e92c4794619cfa
103,1,ml/data/candidates/reject_v2/train/not_ewaste/Plastic_Waste__IMG_20250805_204602_jpg.rf.46126897b0ce94667462e96af8c74250.jpg,train,ml/data/candidates/reject_v2/validation/not_ewaste/Plastic_Waste__IMG_20250805_204601_jpg.rf.962e98b8a533612bdc4285fee12d3d21.jpg,validation,NEAR_DUPLICATE,"Side-by-side visual review shows the same apparent object or same scene composition with near-identical framing; many filenames are adjacent capture sequence numbers. Exact source/object IDs are absent, so this is a conservative near-duplicate call rather than a claim of byte identity.",Keep the images in one connected capture group and assign the entire group to one split; do not delete files solely for this similarity.,cb54b25b5faac3bb8444b16bd7ebb673de6aec4ff5088811f73d938812f7ecd5,997ff04ae6671fa6933ffd811f97cb696f25f28ddae09ab942121a24cbaafabe
104,2,ml/data/candidates/reject_v2/train/not_ewaste/Plastic_Waste__IMG_20250805_205014_jpg.rf.27bf09f507a0550ea39e9abb58e0c3e3.jpg,train,ml/data/candidates/reject_v2/validation/not_ewaste/Plastic_Waste__IMG_20250805_205015_jpg.rf.0b048a47b8688797012e70a4b28cc43b.jpg,validation,NEAR_DUPLICATE,"Side-by-side visual review shows the same apparent object or same scene composition with near-identical framing; many filenames are adjacent capture sequence numbers. Exact source/object IDs are absent, so this is a conservative near-duplicate call rather than a claim of byte identity.",Keep the images in one connected capture group and assign the entire group to one split; do not delete files solely for this similarity.,b11a010cb398af9be2c92c0aed49e014ca9e99132a0150156f718b12ac8af348,5a042dcd5d00de98f768eb16a8c439c9af0eb1df3bcd2463e14b4780096aee3d
105,3,ml/data/candidates/reject_v2/train/not_ewaste/Plastic_Waste__IMG_20250805_205125_jpg.rf.9c86fe141bdde374eb32ae2b9590ad30.jpg,train,ml/data/candidates/reject_v2/test/not_ewaste/Plastic_Waste__IMG_20250805_205124_1_jpg.rf.648255e5416d096ea002d22b3db3a443.jpg,test,NEAR_DUPLICATE,"Side-by-side visual review shows the same apparent object or same scene composition with near-identical framing; many filenames are adjacent capture sequence numbers. Exact source/object IDs are absent, so this is a conservative near-duplicate call rather than a claim of byte identity.",Keep the images in one connected capture group and assign the entire group to one split; do not delete files solely for this similarity.,8440ba4a7cc695c65ee924b69c04a2a44b327181161a3ab7f21f6728d0422fa4,fd38b5fc65dbf8dc408115c312949a1848b76857c9bc8d61f5c0a9a79d7db45e
106,3,ml/data/candidates/reject_v2/train/not_ewaste/Plastic_Waste__IMG_20250805_205143_jpg.rf.b2e5ad72494430e386b8bda06095dfe2.jpg,train,ml/data/candidates/reject_v2/test/not_ewaste/Plastic_Waste__IMG_20250805_205145_jpg.rf.3a64c9d810b401a6f722eeec456863f7.jpg,test,NEAR_DUPLICATE,"Side-by-side visual review shows the same apparent object or same scene composition with near-identical framing; many filenames are adjacent capture sequence numbers. Exact source/object IDs are absent, so this is a conservative near-duplicate call rather than a claim of byte identity.",Keep the images in one connected capture group and assign the entire group to one split; do not delete files solely for this similarity.,2eb1f6ffc2afcf7cf68caa4c96e151c6d7002740892b0d43a29b4487686f9b4f,0ad0fa1be30b9a1d142903d8c449881c7e8424fe01272d705e8415a060e1bd16
107,1,ml/data/candidates/reject_v2/train/not_ewaste/Plastic_Waste__IMG_20250805_205144_jpg.rf.8e49950a7a80aa6f28c8ef86f6319355.jpg,train,ml/data/candidates/reject_v2/test/not_ewaste/Plastic_Waste__IMG_20250805_205143_1_jpg.rf.5f1533b2db7a5c31f1e230442d0af1cb.jpg,test,NEAR_DUPLICATE,"Side-by-side visual review shows the same apparent object or same scene composition with near-identical framing; many filenames are adjacent capture sequence numbers. Exact source/object IDs are absent, so this is a conservative near-duplicate call rather than a claim of byte identity.",Keep the images in one connected capture group and assign the entire group to one split; do not delete files solely for this similarity.,81bf2dfb8f000b9b450d3be2da7ac40a3d40cb59ba392c7a321d24f55d46fa10,34b59e14902c915644f1757c44dea45c989cdc9ed262a2f1e2f0c0bec1973a1a
108,3,ml/data/candidates/reject_v2/train/not_ewaste/Plastic_Waste__IMG_20250805_205144_jpg.rf.8e49950a7a80aa6f28c8ef86f6319355.jpg,train,ml/data/candidates/reject_v2/test/not_ewaste/Plastic_Waste__IMG_20250805_205145_jpg.rf.3a64c9d810b401a6f722eeec456863f7.jpg,test,NEAR_DUPLICATE,"Side-by-side visual review shows the same apparent object or same scene composition with near-identical framing; many filenames are adjacent capture sequence numbers. Exact source/object IDs are absent, so this is a conservative near-duplicate call rather than a claim of byte identity.",Keep the images in one connected capture group and assign the entire group to one split; do not delete files solely for this similarity.,81bf2dfb8f000b9b450d3be2da7ac40a3d40cb59ba392c7a321d24f55d46fa10,0ad0fa1be30b9a1d142903d8c449881c7e8424fe01272d705e8415a060e1bd16
109,3,ml/data/candidates/reject_v2/train/not_ewaste/Plastic_Waste__IMG_20250805_205159_jpg.rf.cdcd7fad406762304f32fda91e2adee9.jpg,train,ml/data/candidates/reject_v2/validation/not_ewaste/Plastic_Waste__IMG_20250805_205157_jpg.rf.d7bbf7c284859a6aee4930d7716db037.jpg,validation,NEAR_DUPLICATE,"Side-by-side visual review shows the same apparent object or same scene composition with near-identical framing; many filenames are adjacent capture sequence numbers. Exact source/object IDs are absent, so this is a conservative near-duplicate call rather than a claim of byte identity.",Keep the images in one connected capture group and assign the entire group to one split; do not delete files solely for this similarity.,3ab469bc52ccd021561a25b36fd7b62de8d3e98f30d9bc41f225021594b73bc7,f886a1ffafe5c597172b31ce0f01d99cb20f23cee885eb7cf0f043ee45ca5106
110,0,ml/data/candidates/reject_v2/train/not_ewaste/Plastic_Waste__IMG_20250805_205314_jpg.rf.767fceca27058f2e43845c2002f6d844.jpg,train,ml/data/candidates/reject_v2/test/not_ewaste/Plastic_Waste__IMG_20250805_205314_1_jpg.rf.33e6e50746cb8d5eb6ede5d5b962effc.jpg,test,NEAR_DUPLICATE,"Side-by-side visual review shows the same apparent object or same scene composition with near-identical framing; many filenames are adjacent capture sequence numbers. Exact source/object IDs are absent, so this is a conservative near-duplicate call rather than a claim of byte identity.",Keep the images in one connected capture group and assign the entire group to one split; do not delete files solely for this similarity.,7fd824c5593123338904651237e6d129cec1bfadf8c8e46a205edbfcfcea045c,88b75114bd84533ac5de7a14ed23e3dc612e3d0c6f66f0451ec726b6fbb92678
111,0,ml/data/candidates/reject_v2/train/not_ewaste/Plastic_Waste__IMG_20250805_205314_jpg.rf.767fceca27058f2e43845c2002f6d844.jpg,train,ml/data/candidates/reject_v2/test/not_ewaste/Plastic_Waste__IMG_20250805_205315_jpg.rf.4394968743c03e5db47b4d93ee83c654.jpg,test,NEAR_DUPLICATE,"Side-by-side visual review shows the same apparent object or same scene composition with near-identical framing; many filenames are adjacent capture sequence numbers. Exact source/object IDs are absent, so this is a conservative near-duplicate call rather than a claim of byte identity.",Keep the images in one connected capture group and assign the entire group to one split; do not delete files solely for this similarity.,7fd824c5593123338904651237e6d129cec1bfadf8c8e46a205edbfcfcea045c,a206d9b0223da829eeb2b4e9cefc347ecd79f359d2a13791a4841523d33f1fc1
112,0,ml/data/candidates/reject_v2/train/not_ewaste/Plastic_Waste__IMG_20250805_205352_jpg.rf.e793599063e8548d66dacf47cf3b89c3.jpg,train,ml/data/candidates/reject_v2/validation/not_ewaste/Plastic_Waste__IMG_20250805_205351_jpg.rf.664851624437e5c6e5c3f253e690d43d.jpg,validation,NEAR_DUPLICATE,"Side-by-side visual review shows the same apparent object or same scene composition with near-identical framing; many filenames are adjacent capture sequence numbers. Exact source/object IDs are absent, so this is a conservative near-duplicate call rather than a claim of byte identity.",Keep the images in one connected capture group and assign the entire group to one split; do not delete files solely for this similarity.,15dbd3b1517d560f777de0ccc48233ba564f2779ea1717c8b5e35b89c7948647,630d45ad8b895f60b0839a8d6adf66eca61f11debaa3e729a4606b3092994839
113,2,ml/data/candidates/reject_v2/train/not_ewaste/Plastic_Waste__IMG_20250805_205402_jpg.rf.1dbf2217905b58de972eeee23b80a74c.jpg,train,ml/data/candidates/reject_v2/validation/not_ewaste/Plastic_Waste__IMG_20250805_205402_1_jpg.rf.52b9b8f73f3b91a34da7deb704776245.jpg,validation,NEAR_DUPLICATE,"Side-by-side visual review shows the same apparent object or same scene composition with near-identical framing; many filenames are adjacent capture sequence numbers. Exact source/object IDs are absent, so this is a conservative near-duplicate call rather than a claim of byte identity.",Keep the images in one connected capture group and assign the entire group to one split; do not delete files solely for this similarity.,afbe8176046634651235357af32567c1362889418941da7238578c41a64c34af,0ebf8db68409f9c1ec6d51f8668a03cd2d4ac477f9399e03767752d09bf1499e
114,2,ml/data/candidates/reject_v2/train/not_ewaste/Plastic_Waste__IMG_20250805_205402_jpg.rf.1dbf2217905b58de972eeee23b80a74c.jpg,train,ml/data/candidates/reject_v2/test/not_ewaste/Plastic_Waste__IMG_20250805_205403_jpg.rf.5a9b820f5d2612316dc692feb3654491.jpg,test,NEAR_DUPLICATE,"Side-by-side visual review shows the same apparent object or same scene composition with near-identical framing; many filenames are adjacent capture sequence numbers. Exact source/object IDs are absent, so this is a conservative near-duplicate call rather than a claim of byte identity.",Keep the images in one connected capture group and assign the entire group to one split; do not delete files solely for this similarity.,afbe8176046634651235357af32567c1362889418941da7238578c41a64c34af,9edebe01c36c5a1202dc31cf0551fcf17230209315788d9f7a7f7a34380a959f
115,1,ml/data/candidates/reject_v2/train/not_ewaste/Plastic_Waste__IMG_20250805_205430_jpg.rf.d8863fc6a81de62568ce4e1bcd7c5686.jpg,train,ml/data/candidates/reject_v2/test/not_ewaste/Plastic_Waste__IMG_20250805_205431_jpg.rf.c92632bd2a6247d852d374aa96d40a8d.jpg,test,NEAR_DUPLICATE,"Side-by-side visual review shows the same apparent object or same scene composition with near-identical framing; many filenames are adjacent capture sequence numbers. Exact source/object IDs are absent, so this is a conservative near-duplicate call rather than a claim of byte identity.",Keep the images in one connected capture group and assign the entire group to one split; do not delete files solely for this similarity.,1255bae1c0ac2d623d4338bcc6e546b3d8e7e5f2f1c72d13ab191af1840f701d,4fbb8e191d5d0a9ec1a465270429be5ed92b4f1a07577c4cd9119427dbabf3c2
116,1,ml/data/candidates/reject_v2/train/not_ewaste/Plastic_Waste__IMG_20250820_000313_jpg.rf.90f8514d86ea7c191f26ebebb000e75e.jpg,train,ml/data/candidates/reject_v2/validation/not_ewaste/Plastic_Waste__IMG_20250820_000316_1_jpg.rf.be1578bc456f996747c3eb106972406c.jpg,validation,NEAR_DUPLICATE,"Side-by-side visual review shows the same apparent object or same scene composition with near-identical framing; many filenames are adjacent capture sequence numbers. Exact source/object IDs are absent, so this is a conservative near-duplicate call rather than a claim of byte identity.",Keep the images in one connected capture group and assign the entire group to one split; do not delete files solely for this similarity.,66b5639f7a6dd1bf4059923ab1f3919c61b32dd06bad2fa7d59be1a449a5c10e,4f2b2c5fde88beeb4f3af849601c614644a2a941dacde98b57ebe4ecd620ca18
117,3,ml/data/candidates/reject_v2/train/not_ewaste/Plastic_Waste__IMG_20250820_000313_jpg.rf.90f8514d86ea7c191f26ebebb000e75e.jpg,train,ml/data/candidates/reject_v2/validation/not_ewaste/Plastic_Waste__IMG_20250820_000316_jpg.rf.0916c882ca1fcb87dbc489b2742f0074.jpg,validation,NEAR_DUPLICATE,"Side-by-side visual review shows the same apparent object or same scene composition with near-identical framing; many filenames are adjacent capture sequence numbers. Exact source/object IDs are absent, so this is a conservative near-duplicate call rather than a claim of byte identity.",Keep the images in one connected capture group and assign the entire group to one split; do not delete files solely for this similarity.,66b5639f7a6dd1bf4059923ab1f3919c61b32dd06bad2fa7d59be1a449a5c10e,3b0423f762ea685e544e4de5e7462e6a97bd60b4a8ec862716a01398fa0b84b0
118,2,ml/data/candidates/reject_v2/train/not_ewaste/Plastic_Waste__IMG_20250820_000314_jpg.rf.8a268f105867fc687ee5d5b228cab616.jpg,train,ml/data/candidates/reject_v2/validation/not_ewaste/Plastic_Waste__IMG_20250820_000316_1_jpg.rf.be1578bc456f996747c3eb106972406c.jpg,validation,NEAR_DUPLICATE,"Side-by-side visual review shows the same apparent object or same scene composition with near-identical framing; many filenames are adjacent capture sequence numbers. Exact source/object IDs are absent, so this is a conservative near-duplicate call rather than a claim of byte identity.",Keep the images in one connected capture group and assign the entire group to one split; do not delete files solely for this similarity.,95eed54c4df99e2f422ff10416516912f174db27f589b551bb8ed2db57c20ae3,4f2b2c5fde88beeb4f3af849601c614644a2a941dacde98b57ebe4ecd620ca18
119,3,ml/data/candidates/reject_v2/train/not_ewaste/Plastic_Waste__IMG_20250820_000317_jpg.rf.497b0ac65f9cb2a0a569ed84d604a2f4.jpg,train,ml/data/candidates/reject_v2/validation/not_ewaste/Plastic_Waste__IMG_20250820_000316_1_jpg.rf.be1578bc456f996747c3eb106972406c.jpg,validation,NEAR_DUPLICATE,"Side-by-side visual review shows the same apparent object or same scene composition with near-identical framing; many filenames are adjacent capture sequence numbers. Exact source/object IDs are absent, so this is a conservative near-duplicate call rather than a claim of byte identity.",Keep the images in one connected capture group and assign the entire group to one split; do not delete files solely for this similarity.,91d838060f24665523e89c6964acb07a1f5db1e43cf5021093260e68da36746a,4f2b2c5fde88beeb4f3af849601c614644a2a941dacde98b57ebe4ecd620ca18
120,3,ml/data/candidates/reject_v2/train/not_ewaste/Plastic_Waste__IMG_20250820_000324_jpg.rf.822ed8dd127a3dd7c189de0798c6cdb9.jpg,train,ml/data/candidates/reject_v2/test/not_ewaste/Plastic_Waste__IMG_20250820_000327_jpg.rf.0057c7022a462cf14b440bdb3e8d1681.jpg,test,NEAR_DUPLICATE,"Side-by-side visual review shows the same apparent object or same scene composition with near-identical framing; many filenames are adjacent capture sequence numbers. Exact source/object IDs are absent, so this is a conservative near-duplicate call rather than a claim of byte identity.",Keep the images in one connected capture group and assign the entire group to one split; do not delete files solely for this similarity.,1b6ba05fd4e11188f6fb6446a69f16e922ef9eb976edf3d72cf7469ea8b7d13c,f6a310341629deaeb60ef8e177c8ff65f1b043d610d65ef7c1ca116220473302
121,2,ml/data/candidates/reject_v2/train/not_ewaste/Plastic_Waste__IMG_20250820_000326_jpg.rf.90d9675991b991431f8f2f4b9571f403.jpg,train,ml/data/candidates/reject_v2/validation/not_ewaste/Plastic_Waste__IMG_20250820_000329_jpg.rf.6eb3fdff32f72ecc14203b4c5ba7d620.jpg,validation,NEAR_DUPLICATE,"Side-by-side visual review shows the same apparent object or same scene composition with near-identical framing; many filenames are adjacent capture sequence numbers. Exact source/object IDs are absent, so this is a conservative near-duplicate call rather than a claim of byte identity.",Keep the images in one connected capture group and assign the entire group to one split; do not delete files solely for this similarity.,f3920cbfc5f864e0381dfa3498637d158338cfdb3a3da86e146ba8e9cad7249a,c95e02d9080b94bbc5d3156d5d0f07368385370942fa0b3251fe03008d759586
122,1,ml/data/candidates/reject_v2/train/not_ewaste/Plastic_Waste__IMG_20250820_000326_jpg.rf.90d9675991b991431f8f2f4b9571f403.jpg,train,ml/data/candidates/reject_v2/test/not_ewaste/Plastic_Waste__IMG_20250820_000327_jpg.rf.0057c7022a462cf14b440bdb3e8d1681.jpg,test,NEAR_DUPLICATE,"Side-by-side visual review shows the same apparent object or same scene composition with near-identical framing; many filenames are adjacent capture sequence numbers. Exact source/object IDs are absent, so this is a conservative near-duplicate call rather than a claim of byte identity.",Keep the images in one connected capture group and assign the entire group to one split; do not delete files solely for this similarity.,f3920cbfc5f864e0381dfa3498637d158338cfdb3a3da86e146ba8e9cad7249a,f6a310341629deaeb60ef8e177c8ff65f1b043d610d65ef7c1ca116220473302
123,3,ml/data/candidates/reject_v2/train/not_ewaste/Plastic_Waste__IMG_20250820_000327_1_jpg.rf.b9e8b025817a070cc33ee3a4eedf799d.jpg,train,ml/data/candidates/reject_v2/validation/not_ewaste/Plastic_Waste__IMG_20250820_000329_jpg.rf.6eb3fdff32f72ecc14203b4c5ba7d620.jpg,validation,NEAR_DUPLICATE,"Side-by-side visual review shows the same apparent object or same scene composition with near-identical framing; many filenames are adjacent capture sequence numbers. Exact source/object IDs are absent, so this is a conservative near-duplicate call rather than a claim of byte identity.",Keep the images in one connected capture group and assign the entire group to one split; do not delete files solely for this similarity.,8aa9cd483221f49575cc1256ae8014c22e02430fb36a836ae9e5dfb03ac277c9,c95e02d9080b94bbc5d3156d5d0f07368385370942fa0b3251fe03008d759586
124,2,ml/data/candidates/reject_v2/train/not_ewaste/Plastic_Waste__IMG_20250820_000327_1_jpg.rf.b9e8b025817a070cc33ee3a4eedf799d.jpg,train,ml/data/candidates/reject_v2/test/not_ewaste/Plastic_Waste__IMG_20250820_000327_jpg.rf.0057c7022a462cf14b440bdb3e8d1681.jpg,test,NEAR_DUPLICATE,"Side-by-side visual review shows the same apparent object or same scene composition with near-identical framing; many filenames are adjacent capture sequence numbers. Exact source/object IDs are absent, so this is a conservative near-duplicate call rather than a claim of byte identity.",Keep the images in one connected capture group and assign the entire group to one split; do not delete files solely for this similarity.,8aa9cd483221f49575cc1256ae8014c22e02430fb36a836ae9e5dfb03ac277c9,f6a310341629deaeb60ef8e177c8ff65f1b043d610d65ef7c1ca116220473302
125,3,ml/data/candidates/reject_v2/train/not_ewaste/Plastic_Waste__IMG_20250820_000329_1_jpg.rf.7626d9567087cf71b3f02e425e821d54.jpg,train,ml/data/candidates/reject_v2/validation/not_ewaste/Plastic_Waste__IMG_20250820_000329_jpg.rf.6eb3fdff32f72ecc14203b4c5ba7d620.jpg,validation,NEAR_DUPLICATE,"Side-by-side visual review shows the same apparent object or same scene composition with near-identical framing; many filenames are adjacent capture sequence numbers. Exact source/object IDs are absent, so this is a conservative near-duplicate call rather than a claim of byte identity.",Keep the images in one connected capture group and assign the entire group to one split; do not delete files solely for this similarity.,cfd3934d05143ec8a2106d6961999c00b1f9f7d0bb05df827164327fb4449d3c,c95e02d9080b94bbc5d3156d5d0f07368385370942fa0b3251fe03008d759586
126,0,ml/data/candidates/reject_v2/train/not_ewaste/Plastic_Waste__IMG_20250820_000347_1_jpg.rf.94489190eb1363224e88b2b0960f9117.jpg,train,ml/data/candidates/reject_v2/validation/not_ewaste/Plastic_Waste__IMG_20250820_000345_jpg.rf.f5ce578c3eae046df54c887265f22e42.jpg,validation,NEAR_DUPLICATE,"Side-by-side visual review shows the same apparent object or same scene composition with near-identical framing; many filenames are adjacent capture sequence numbers. Exact source/object IDs are absent, so this is a conservative near-duplicate call rather than a claim of byte identity.",Keep the images in one connected capture group and assign the entire group to one split; do not delete files solely for this similarity.,364a052e3dcf0ad7d2ed1f4ac28ca4b312e277777dbc224bb5d7e44a4b71c852,f23e5991c035b2910e48fda04d5bbcea1d025254b2915ca9696e44d56c5020d7
127,0,ml/data/candidates/reject_v2/train/not_ewaste/Plastic_Waste__IMG_20250820_000347_1_jpg.rf.94489190eb1363224e88b2b0960f9117.jpg,train,ml/data/candidates/reject_v2/test/not_ewaste/Plastic_Waste__IMG_20250820_000345_1_jpg.rf.8a56e4c81b502c74fced7db7285abde0.jpg,test,NEAR_DUPLICATE,"Side-by-side visual review shows the same apparent object or same scene composition with near-identical framing; many filenames are adjacent capture sequence numbers. Exact source/object IDs are absent, so this is a conservative near-duplicate call rather than a claim of byte identity.",Keep the images in one connected capture group and assign the entire group to one split; do not delete files solely for this similarity.,364a052e3dcf0ad7d2ed1f4ac28ca4b312e277777dbc224bb5d7e44a4b71c852,c404a8e8b325d406229fac0c51e33578c881f2a5bf4cb4e9b14bbabef12bec25
128,0,ml/data/candidates/reject_v2/train/not_ewaste/Plastic_Waste__IMG_20250820_000347_1_jpg.rf.94489190eb1363224e88b2b0960f9117.jpg,train,ml/data/candidates/reject_v2/test/not_ewaste/Plastic_Waste__IMG_20250820_000347_jpg.rf.b087947381255155846ccf96858177ef.jpg,test,NEAR_DUPLICATE,"Side-by-side visual review shows the same apparent object or same scene composition with near-identical framing; many filenames are adjacent capture sequence numbers. Exact source/object IDs are absent, so this is a conservative near-duplicate call rather than a claim of byte identity.",Keep the images in one connected capture group and assign the entire group to one split; do not delete files solely for this similarity.,364a052e3dcf0ad7d2ed1f4ac28ca4b312e277777dbc224bb5d7e44a4b71c852,d3007933bfe802b956b72ebb9da0f63c74682a54d3bc5200ba700bc30a9cbc76
129,2,ml/data/candidates/reject_v2/train/not_ewaste/Plastic_Waste__IMG_20250820_000359_jpg.rf.8c5e990ab0f481aab61529c7a03c85cd.jpg,train,ml/data/candidates/reject_v2/test/not_ewaste/Plastic_Waste__IMG_20250820_000401_jpg.rf.e850d2354d04cd96561cbc82dce9263b.jpg,test,NEAR_DUPLICATE,"Side-by-side visual review shows the same apparent object or same scene composition with near-identical framing; many filenames are adjacent capture sequence numbers. Exact source/object IDs are absent, so this is a conservative near-duplicate call rather than a claim of byte identity.",Keep the images in one connected capture group and assign the entire group to one split; do not delete files solely for this similarity.,2325e3b32ff6cf98cdaa240714082c167583c1cadf4d9d8574b28f5d7f58bc4f,f7607377697d35d9cc2aaa47eb061c66ac7b2ff10e32b040bd8202e9c5be537b
130,2,ml/data/candidates/reject_v2/train/not_ewaste/Plastic_Waste__IMG_20250820_000400_jpg.rf.110894f67fa3e61b01b5b54d8bb14484.jpg,train,ml/data/candidates/reject_v2/validation/not_ewaste/Plastic_Waste__IMG_20250820_000400_1_jpg.rf.19d37a3e87ee1b6e09deb768a8d87036.jpg,validation,NEAR_DUPLICATE,"Side-by-side visual review shows the same apparent object or same scene composition with near-identical framing; many filenames are adjacent capture sequence numbers. Exact source/object IDs are absent, so this is a conservative near-duplicate call rather than a claim of byte identity.",Keep the images in one connected capture group and assign the entire group to one split; do not delete files solely for this similarity.,317024423b6cb87bef3dde9fe457477a368dbccb5146d0551c1eb6afb1ff80c9,be60039d1af6689d832aefcb10a1266cb874f2009f96e32962054e0216763ff0
131,0,ml/data/candidates/reject_v2/train/not_ewaste/Plastic_Waste__IMG_20250820_000400_jpg.rf.110894f67fa3e61b01b5b54d8bb14484.jpg,train,ml/data/candidates/reject_v2/test/not_ewaste/Plastic_Waste__IMG_20250820_000401_jpg.rf.e850d2354d04cd96561cbc82dce9263b.jpg,test,NEAR_DUPLICATE,"Side-by-side visual review shows the same apparent object or same scene composition with near-identical framing; many filenames are adjacent capture sequence numbers. Exact source/object IDs are absent, so this is a conservative near-duplicate call rather than a claim of byte identity.",Keep the images in one connected capture group and assign the entire group to one split; do not delete files solely for this similarity.,317024423b6cb87bef3dde9fe457477a368dbccb5146d0551c1eb6afb1ff80c9,f7607377697d35d9cc2aaa47eb061c66ac7b2ff10e32b040bd8202e9c5be537b
132,2,ml/data/candidates/reject_v2/train/not_ewaste/Plastic_Waste__IMG_20250820_000401_1_jpg.rf.689d1e3ff52832fc8c1d29a54d1998a2.jpg,train,ml/data/candidates/reject_v2/test/not_ewaste/Plastic_Waste__IMG_20250820_000401_jpg.rf.e850d2354d04cd96561cbc82dce9263b.jpg,test,NEAR_DUPLICATE,"Side-by-side visual review shows the same apparent object or same scene composition with near-identical framing; many filenames are adjacent capture sequence numbers. Exact source/object IDs are absent, so this is a conservative near-duplicate call rather than a claim of byte identity.",Keep the images in one connected capture group and assign the entire group to one split; do not delete files solely for this similarity.,402e8369c0486554724b2594a64e99588b7c870dedab4aef4553aa263cf9723c,f7607377697d35d9cc2aaa47eb061c66ac7b2ff10e32b040bd8202e9c5be537b
133,1,ml/data/candidates/reject_v2/train/not_ewaste/Plastic_Waste__IMG_20250822_142031_jpg.rf.ca7d362147a04ec533ed60814b407813.jpg,train,ml/data/candidates/reject_v2/validation/not_ewaste/Plastic_Waste__IMG_20250822_142028_jpg.rf.e397cba6a075cfa8e1d5c9edfa40abcd.jpg,validation,NEAR_DUPLICATE,"Side-by-side visual review shows the same apparent object or same scene composition with near-identical framing; many filenames are adjacent capture sequence numbers. Exact source/object IDs are absent, so this is a conservative near-duplicate call rather than a claim of byte identity.",Keep the images in one connected capture group and assign the entire group to one split; do not delete files solely for this similarity.,cc87e9dbc903448063b0f888c3d628dbb5e6e76ff39280064c6168079b04840e,dc1a467f3f7fd8c1cac23afbd87784faef8112c87bbfd6184dd168ea79df3885
134,1,ml/data/candidates/reject_v2/train/not_ewaste/Plastic_Waste__IMG_20250822_142031_jpg.rf.ca7d362147a04ec533ed60814b407813.jpg,train,ml/data/candidates/reject_v2/validation/not_ewaste/Plastic_Waste__IMG_20250822_142029_jpg.rf.e13f709f722a9c85a631db36a33b3c99.jpg,validation,NEAR_DUPLICATE,"Side-by-side visual review shows the same apparent object or same scene composition with near-identical framing; many filenames are adjacent capture sequence numbers. Exact source/object IDs are absent, so this is a conservative near-duplicate call rather than a claim of byte identity.",Keep the images in one connected capture group and assign the entire group to one split; do not delete files solely for this similarity.,cc87e9dbc903448063b0f888c3d628dbb5e6e76ff39280064c6168079b04840e,20a83401a01d1312c52bedab995237cda0fd83d5c73740157797a31280a4599d
135,1,ml/data/candidates/reject_v2/train/not_ewaste/Plastic_Waste__IMG_20250822_142031_jpg.rf.ca7d362147a04ec533ed60814b407813.jpg,train,ml/data/candidates/reject_v2/validation/not_ewaste/Plastic_Waste__IMG_20250822_142030_jpg.rf.f32349d4aff512b88a4ff86f3dfdb4b4.jpg,validation,NEAR_DUPLICATE,"Side-by-side visual review shows the same apparent object or same scene composition with near-identical framing; many filenames are adjacent capture sequence numbers. Exact source/object IDs are absent, so this is a conservative near-duplicate call rather than a claim of byte identity.",Keep the images in one connected capture group and assign the entire group to one split; do not delete files solely for this similarity.,cc87e9dbc903448063b0f888c3d628dbb5e6e76ff39280064c6168079b04840e,119890c4f6bbf74024c6dc3e1f166979a75f74e6e0376d6615148864a8d774f9
136,2,ml/data/candidates/reject_v2/train/not_ewaste/Plastic_Waste__IMG_20250822_142031_jpg.rf.ca7d362147a04ec533ed60814b407813.jpg,train,ml/data/candidates/reject_v2/test/not_ewaste/Plastic_Waste__IMG_20250822_142033_jpg.rf.2fc15d3a056ebab3ac87cbef4af69dec.jpg,test,NEAR_DUPLICATE,"Side-by-side visual review shows the same apparent object or same scene composition with near-identical framing; many filenames are adjacent capture sequence numbers. Exact source/object IDs are absent, so this is a conservative near-duplicate call rather than a claim of byte identity.",Keep the images in one connected capture group and assign the entire group to one split; do not delete files solely for this similarity.,cc87e9dbc903448063b0f888c3d628dbb5e6e76ff39280064c6168079b04840e,c3558e11a14202d204d1ab0f51c97bb035c101dd1ba9a47c25dd1c6a22a96b5f
137,2,ml/data/candidates/reject_v2/train/not_ewaste/Plastic_Waste__IMG_20250822_142126_jpg.rf.67d9289fc3c0c5462ad672c82b47ae22.jpg,train,ml/data/candidates/reject_v2/test/not_ewaste/Plastic_Waste__IMG_20250822_142127_jpg.rf.7154f032cdb6100faf18f6342f4a5710.jpg,test,NEAR_DUPLICATE,"Side-by-side visual review shows the same apparent object or same scene composition with near-identical framing; many filenames are adjacent capture sequence numbers. Exact source/object IDs are absent, so this is a conservative near-duplicate call rather than a claim of byte identity.",Keep the images in one connected capture group and assign the entire group to one split; do not delete files solely for this similarity.,6a615db0e2282fdf42cb3f3d8462261168cf6f3adb2ff23f535cd8cb0f24f332,151537854f36f8eb2e87787c5af746622d44a84492f33774fd5e866188e4f280
138,2,ml/data/candidates/reject_v2/train/not_ewaste/Plastic_Waste__IMG_20250822_142130_jpg.rf.30cf1130d863e4a597302c6bf8b35a66.jpg,train,ml/data/candidates/reject_v2/test/not_ewaste/Plastic_Waste__IMG_20250822_142131_jpg.rf.25cf35369d5a38003db90902ee4053f6.jpg,test,NEAR_DUPLICATE,"Side-by-side visual review shows the same apparent object or same scene composition with near-identical framing; many filenames are adjacent capture sequence numbers. Exact source/object IDs are absent, so this is a conservative near-duplicate call rather than a claim of byte identity.",Keep the images in one connected capture group and assign the entire group to one split; do not delete files solely for this similarity.,32f723afa96d21bc6e5a402399054c3d0f398c796bc2175454dd6211ee2f3927,ada285629eefd6dd38f8904f7194afe6e38257fe87a72590c045258f768f2058
139,1,ml/data/candidates/reject_v2/train/not_ewaste/Plastic_Waste__IMG_20250822_142130_jpg.rf.30cf1130d863e4a597302c6bf8b35a66.jpg,train,ml/data/candidates/reject_v2/test/not_ewaste/Plastic_Waste__IMG_20250822_142132_jpg.rf.6409191476f26c685eef0a3154877d1a.jpg,test,NEAR_DUPLICATE,"Side-by-side visual review shows the same apparent object or same scene composition with near-identical framing; many filenames are adjacent capture sequence numbers. Exact source/object IDs are absent, so this is a conservative near-duplicate call rather than a claim of byte identity.",Keep the images in one connected capture group and assign the entire group to one split; do not delete files solely for this similarity.,32f723afa96d21bc6e5a402399054c3d0f398c796bc2175454dd6211ee2f3927,4992e96a21484ee13b02ea42a32bb6bccd352fc60a06f0e158ecedc68441fb58
140,3,ml/data/candidates/reject_v2/train/not_ewaste/Plastic_Waste__IMG_20250822_142143_jpg.rf.1ffd886e202f47f704edad54c5176c9a.jpg,train,ml/data/candidates/reject_v2/validation/not_ewaste/Plastic_Waste__IMG_20250822_142147_jpg.rf.94cd758475f73a6586d112cda87ac370.jpg,validation,NEAR_DUPLICATE,"Side-by-side visual review shows the same apparent object or same scene composition with near-identical framing; many filenames are adjacent capture sequence numbers. Exact source/object IDs are absent, so this is a conservative near-duplicate call rather than a claim of byte identity.",Keep the images in one connected capture group and assign the entire group to one split; do not delete files solely for this similarity.,0abdb4019b160c94482889307bba018efb842a5a1427d36fc9a800186cbce835,5b7309cda4322b4b3156775d09af78453c9f470704a78aee91069b64f3a0563c
141,3,ml/data/candidates/reject_v2/train/not_ewaste/Plastic_Waste__IMG_20250822_142145_jpg.rf.b893efc51e46ef4c3fca8f8b455ca26f.jpg,train,ml/data/candidates/reject_v2/validation/not_ewaste/Plastic_Waste__IMG_20250822_142147_jpg.rf.94cd758475f73a6586d112cda87ac370.jpg,validation,NEAR_DUPLICATE,"Side-by-side visual review shows the same apparent object or same scene composition with near-identical framing; many filenames are adjacent capture sequence numbers. Exact source/object IDs are absent, so this is a conservative near-duplicate call rather than a claim of byte identity.",Keep the images in one connected capture group and assign the entire group to one split; do not delete files solely for this similarity.,de791e9fec16b7fcb2c7e7f2cc6a8a8f130c419540fa13518a2de521314237bd,5b7309cda4322b4b3156775d09af78453c9f470704a78aee91069b64f3a0563c
142,2,ml/data/candidates/reject_v2/train/pcb/IMG_20250819_235853_jpg.rf.e95c8d2b451c6f2c57a329213addcc46.jpg,train,ml/data/candidates/reject_v2/test/pcb/IMG_20250819_235855_1_jpg.rf.f04c1306dc16b1f9b9278111b7d62f68.jpg,test,NEAR_DUPLICATE,"Side-by-side visual review shows the same apparent object or same scene composition with near-identical framing; many filenames are adjacent capture sequence numbers. Exact source/object IDs are absent, so this is a conservative near-duplicate call rather than a claim of byte identity.",Keep the images in one connected capture group and assign the entire group to one split; do not delete files solely for this similarity.,3777b2ed7aa8ff34991229ce9747d372baeb2632703ac98721987d6c28cc3e86,a9f8bddddcaf48fa0c52a5f242de16b08aebcd7cd05532b55c5cfd63618cdf81
143,3,ml/data/candidates/reject_v2/train/pcb/IMG_20250819_235957_1_jpg.rf.8395b3c2109ab1b121449f163cf7c81d.jpg,train,ml/data/candidates/reject_v2/test/pcb/IMG_20250819_235956_1_jpg.rf.13c8f40791f750605aa42a1d3e903da9.jpg,test,NEAR_DUPLICATE,"Side-by-side visual review shows the same apparent object or same scene composition with near-identical framing; many filenames are adjacent capture sequence numbers. Exact source/object IDs are absent, so this is a conservative near-duplicate call rather than a claim of byte identity.",Keep the images in one connected capture group and assign the entire group to one split; do not delete files solely for this similarity.,3cb12dd3873eec4581f22443e5af6c288121e1134b03c011493995cb742817c6,07c98c92587a01bfc88897cc91664d82c0b24aaf72f7ceb507d458a5fa99c866
144,1,ml/data/candidates/reject_v2/train/pcb/IMG_20250820_000208_1_jpg.rf.ab380142c7dec1bf20a763ba6d75c2ec.jpg,train,ml/data/candidates/reject_v2/validation/pcb/IMG_20250820_000208_jpg.rf.8ef14c59eeed172b81cad649377fa976.jpg,validation,NEAR_DUPLICATE,"Side-by-side visual review shows the same apparent object or same scene composition with near-identical framing; many filenames are adjacent capture sequence numbers. Exact source/object IDs are absent, so this is a conservative near-duplicate call rather than a claim of byte identity.",Keep the images in one connected capture group and assign the entire group to one split; do not delete files solely for this similarity.,2b565319df4d654d0e4bee89ad572529cf10c183b5c26f33ff444ce2533f4f9d,5231e13674f448d6d46f9052ee5142e2ac40b28c0236e4ec7ccad04b5b43dc9d
145,0,ml/data/candidates/reject_v2/validation/not_ewaste/Glass_Waste__IMG_20250805_204620_jpg.rf.46cae3537038a9e3ecab0ebbab0f31f4.jpg,validation,ml/data/candidates/reject_v2/test/not_ewaste/Glass_Waste__IMG_20250805_204617_jpg.rf.6bb21b42c794bd4cb885ac3a9aae5e46.jpg,test,NEAR_DUPLICATE,"Side-by-side visual review shows the same apparent object or same scene composition with near-identical framing; many filenames are adjacent capture sequence numbers. Exact source/object IDs are absent, so this is a conservative near-duplicate call rather than a claim of byte identity.",Keep the images in one connected capture group and assign the entire group to one split; do not delete files solely for this similarity.,ea592aec62514c37af80f8c25a5f1da507448537e20ae5d140d93118fefe0c6d,7524118be6354c4df1ff69a3fdf5de0d8165c4c7bae1b6efd551839be3325240
146,0,ml/data/candidates/reject_v2/validation/not_ewaste/Glass_Waste__IMG_20250805_204620_jpg.rf.46cae3537038a9e3ecab0ebbab0f31f4.jpg,validation,ml/data/candidates/reject_v2/test/not_ewaste/Glass_Waste__IMG_20250805_204618_jpg.rf.16ccf63a195520f6ec112fd61ab536e3.jpg,test,NEAR_DUPLICATE,"Side-by-side visual review shows the same apparent object or same scene composition with near-identical framing; many filenames are adjacent capture sequence numbers. Exact source/object IDs are absent, so this is a conservative near-duplicate call rather than a claim of byte identity.",Keep the images in one connected capture group and assign the entire group to one split; do not delete files solely for this similarity.,ea592aec62514c37af80f8c25a5f1da507448537e20ae5d140d93118fefe0c6d,8d412c2e8de2913fb58947027bc23d002791b896cf716140241fd24a08b88ce8
147,3,ml/data/candidates/reject_v2/validation/not_ewaste/Glass_Waste__IMG_20250822_142454_jpg.rf.43c1991162c3bd2e61f256e6622b31fa.jpg,validation,ml/data/candidates/reject_v2/test/not_ewaste/Glass_Waste__IMG_20250822_142452_jpg.rf.e0311189664f12052f6fcf5c4aaf0cf1.jpg,test,NEAR_DUPLICATE,"Side-by-side visual review shows the same apparent object or same scene composition with near-identical framing; many filenames are adjacent capture sequence numbers. Exact source/object IDs are absent, so this is a conservative near-duplicate call rather than a claim of byte identity.",Keep the images in one connected capture group and assign the entire group to one split; do not delete files solely for this similarity.,a0ff745964ea51c7e95b3797e186c865b281cab5bcabab2518d3aac88c8da8c0,6db20fff80bac484c8f05ba0c3febba2436cd62748624a7e523553523bc741e9
148,2,ml/data/candidates/reject_v2/validation/not_ewaste/Glass_Waste__IMG_20250822_142454_jpg.rf.43c1991162c3bd2e61f256e6622b31fa.jpg,validation,ml/data/candidates/reject_v2/test/not_ewaste/Glass_Waste__IMG_20250822_142453_jpg.rf.3b3ce19a8afac31caaf9084aaa6fb245.jpg,test,NEAR_DUPLICATE,"Side-by-side visual review shows the same apparent object or same scene composition with near-identical framing; many filenames are adjacent capture sequence numbers. Exact source/object IDs are absent, so this is a conservative near-duplicate call rather than a claim of byte identity.",Keep the images in one connected capture group and assign the entire group to one split; do not delete files solely for this similarity.,a0ff745964ea51c7e95b3797e186c865b281cab5bcabab2518d3aac88c8da8c0,406a2971b18543d74443d538a8a9f12e98c9bfa7d224907771c562ff7524b124
149,3,ml/data/candidates/reject_v2/validation/not_ewaste/Glass_Waste__IMG_20250822_142454_jpg.rf.43c1991162c3bd2e61f256e6622b31fa.jpg,validation,ml/data/candidates/reject_v2/test/not_ewaste/Glass_Waste__IMG_20250822_142455_jpg.rf.ffe575329ec6e702d3f2aa8f6ec4aa36.jpg,test,NEAR_DUPLICATE,"Side-by-side visual review shows the same apparent object or same scene composition with near-identical framing; many filenames are adjacent capture sequence numbers. Exact source/object IDs are absent, so this is a conservative near-duplicate call rather than a claim of byte identity.",Keep the images in one connected capture group and assign the entire group to one split; do not delete files solely for this similarity.,a0ff745964ea51c7e95b3797e186c865b281cab5bcabab2518d3aac88c8da8c0,c689c6b5d6072e4e4c15ce005d737b84586a686185b6d23e8b18e73095162f4c
150,1,ml/data/candidates/reject_v2/validation/not_ewaste/Glass_Waste__IMG_20250822_142549_jpg.rf.ceaa32446f155ab02be4bf2521046d48.jpg,validation,ml/data/candidates/reject_v2/test/not_ewaste/Glass_Waste__IMG_20250822_142551_jpg.rf.3745eaa37cd825062d50a2cc8d2a6ed6.jpg,test,NEAR_DUPLICATE,"Side-by-side visual review shows the same apparent object or same scene composition with near-identical framing; many filenames are adjacent capture sequence numbers. Exact source/object IDs are absent, so this is a conservative near-duplicate call rather than a claim of byte identity.",Keep the images in one connected capture group and assign the entire group to one split; do not delete files solely for this similarity.,1f848f7570bb563e66f2b1d794cc23e1c464620c1e4743e6144b288863ce4b4e,597eadfd7e674670093240c4a9ad90e8d89a7918bd4ec0b8cd9be287063d4c14
151,3,ml/data/candidates/reject_v2/validation/not_ewaste/Paper_Waste__IMG_20250805_204034_jpg.rf.15036e8bb4a67ee5ac7c722c26a80781.jpg,validation,ml/data/candidates/reject_v2/test/not_ewaste/Paper_Waste__IMG_20250805_204035_jpg.rf.e1c07dca1c4c1fbee2f331681dfa44d3.jpg,test,NEAR_DUPLICATE,"Side-by-side visual review shows the same apparent object or same scene composition with near-identical framing; many filenames are adjacent capture sequence numbers. Exact source/object IDs are absent, so this is a conservative near-duplicate call rather than a claim of byte identity.",Keep the images in one connected capture group and assign the entire group to one split; do not delete files solely for this similarity.,9c2069a3cd8f9331a13ac4ef3e2dc94b78719e6ca3c01e0ecce64e7dfdc8ac77,ba0817772ad831c5289fcfa276b8e99b595cd0baf5ff2cc675df07ac0374f7c3
152,2,ml/data/candidates/reject_v2/validation/not_ewaste/Paper_Waste__IMG_20250805_205249_jpg.rf.c00f1841c88990f1eb3c331bdd3d2fdd.jpg,validation,ml/data/candidates/reject_v2/test/not_ewaste/Paper_Waste__IMG_20250805_205250_jpg.rf.299bcff334c54651f50f43d8337ce02a.jpg,test,NEAR_DUPLICATE,"Side-by-side visual review shows the same apparent object or same scene composition with near-identical framing; many filenames are adjacent capture sequence numbers. Exact source/object IDs are absent, so this is a conservative near-duplicate call rather than a claim of byte identity.",Keep the images in one connected capture group and assign the entire group to one split; do not delete files solely for this similarity.,98b07daad078f441d34dd8074c53483af247fc219e6cb343a7f898624c254e7d,2918b860ccba0bd4b5b7ffd9398d633fcbef8e886157bb8a325ff01f4624f917
153,2,ml/data/candidates/reject_v2/validation/not_ewaste/Paper_Waste__IMG_20250822_140538_jpg.rf.ac48c9f6c937875957fe3fe945c55063.jpg,validation,ml/data/candidates/reject_v2/test/not_ewaste/Paper_Waste__IMG_20250822_140539_jpg.rf.cde02abebb4dcdae8d8bff45501e38e8.jpg,test,NEAR_DUPLICATE,"Side-by-side visual review shows the same apparent object or same scene composition with near-identical framing; many filenames are adjacent capture sequence numbers. Exact source/object IDs are absent, so this is a conservative near-duplicate call rather than a claim of byte identity.",Keep the images in one connected capture group and assign the entire group to one split; do not delete files solely for this similarity.,95403da494028edf4826898d4bd3e579a38d48a872fefb62bf56a19241920361,0b74b33fec2d1734a8405785576d53506bb2e6457522d0ae81cc9a2b376ac6b5
154,3,ml/data/candidates/reject_v2/validation/not_ewaste/Paper_Waste__IMG_20250822_140541_jpg.rf.a8e4182a5555f7534f1c1b8cedc611d2.jpg,validation,ml/data/candidates/reject_v2/test/not_ewaste/Paper_Waste__IMG_20250822_140544_jpg.rf.e28c16fcab9ebedbb7287210430f0c0e.jpg,test,NEAR_DUPLICATE,"Side-by-side visual review shows the same apparent object or same scene composition with near-identical framing; many filenames are adjacent capture sequence numbers. Exact source/object IDs are absent, so this is a conservative near-duplicate call rather than a claim of byte identity.",Keep the images in one connected capture group and assign the entire group to one split; do not delete files solely for this similarity.,0bdaae3f8eeadf00e757efa3482b58af54f09a1435d6cab70ce20a85fc93703a,43f65ba31ee299af930acbaf6eddddd5f175b414c1fdb1839c892f9eafb34698
155,3,ml/data/candidates/reject_v2/validation/not_ewaste/Paper_Waste__IMG_20250822_140542_jpg.rf.1e3b8260fa03431f2c0a20a56bbdc207.jpg,validation,ml/data/candidates/reject_v2/test/not_ewaste/Paper_Waste__IMG_20250822_140544_jpg.rf.e28c16fcab9ebedbb7287210430f0c0e.jpg,test,NEAR_DUPLICATE,"Side-by-side visual review shows the same apparent object or same scene composition with near-identical framing; many filenames are adjacent capture sequence numbers. Exact source/object IDs are absent, so this is a conservative near-duplicate call rather than a claim of byte identity.",Keep the images in one connected capture group and assign the entire group to one split; do not delete files solely for this similarity.,90cbbe07e5969b5bceaf96e293ca15dfbbc6d69829b80d109a22fa9d96f11005,43f65ba31ee299af930acbaf6eddddd5f175b414c1fdb1839c892f9eafb34698
156,1,ml/data/candidates/reject_v2/validation/not_ewaste/Paper_Waste__IMG_20250822_140734_jpg.rf.22901ffbca3572a3cd4c501aecfa6853.jpg,validation,ml/data/candidates/reject_v2/test/not_ewaste/Paper_Waste__IMG_20250822_140735_jpg.rf.7c52bddb838601517556ba12ba6a3f7e.jpg,test,NEAR_DUPLICATE,"Side-by-side visual review shows the same apparent object or same scene composition with near-identical framing; many filenames are adjacent capture sequence numbers. Exact source/object IDs are absent, so this is a conservative near-duplicate call rather than a claim of byte identity.",Keep the images in one connected capture group and assign the entire group to one split; do not delete files solely for this similarity.,853eb490bb9f65cc1f0beb1c96a61fc616e20bfa123118d9884407988c7d2cab,2a221d6155a992c3543403a7899b273422d54844a262b8d1385296ea668fefbd
157,1,ml/data/candidates/reject_v2/validation/not_ewaste/Paper_Waste__IMG_20250822_140902_jpg.rf.b5185070d5fb1ca4c0cf2d5600eabd3e.jpg,validation,ml/data/candidates/reject_v2/test/not_ewaste/Paper_Waste__IMG_20250822_140901_jpg.rf.eb59ae1ee095dcc3b5c4d4faf6eba8fb.jpg,test,NEAR_DUPLICATE,"Side-by-side visual review shows the same apparent object or same scene composition with near-identical framing; many filenames are adjacent capture sequence numbers. Exact source/object IDs are absent, so this is a conservative near-duplicate call rather than a claim of byte identity.",Keep the images in one connected capture group and assign the entire group to one split; do not delete files solely for this similarity.,16658a82cfb1ae293e9523566c62b0bb715a0ac3848568456f5ce4698b2e8ce0,7602137a212d4dac6955f0acd7283f1406eda25ac12a15af91b87412890f3c44
158,2,ml/data/candidates/reject_v2/validation/not_ewaste/Paper_Waste__IMG_20250822_140902_jpg.rf.b5185070d5fb1ca4c0cf2d5600eabd3e.jpg,validation,ml/data/candidates/reject_v2/test/not_ewaste/Paper_Waste__IMG_20250822_140903_jpg.rf.0ab3494f906b9f6e76136edfb1d74544.jpg,test,NEAR_DUPLICATE,"Side-by-side visual review shows the same apparent object or same scene composition with near-identical framing; many filenames are adjacent capture sequence numbers. Exact source/object IDs are absent, so this is a conservative near-duplicate call rather than a claim of byte identity.",Keep the images in one connected capture group and assign the entire group to one split; do not delete files solely for this similarity.,16658a82cfb1ae293e9523566c62b0bb715a0ac3848568456f5ce4698b2e8ce0,c134b657a62a67c10a3292bff1bd4bbf0ac69bd614406265736c74e0ce4db3c7
159,2,ml/data/candidates/reject_v2/validation/not_ewaste/Paper_Waste__IMG_20250822_142225_jpg.rf.fb98ee37ad43b9c50c7034721f3dbd67.jpg,validation,ml/data/candidates/reject_v2/test/not_ewaste/Paper_Waste__IMG_20250822_142226_jpg.rf.a86e6e16236c763e0b1d7d58ef48acb6.jpg,test,NEAR_DUPLICATE,"Side-by-side visual review shows the same apparent object or same scene composition with near-identical framing; many filenames are adjacent capture sequence numbers. Exact source/object IDs are absent, so this is a conservative near-duplicate call rather than a claim of byte identity.",Keep the images in one connected capture group and assign the entire group to one split; do not delete files solely for this similarity.,e1365e16a9c0eaecf7897d793461e39a5612d3f23c8571ca692014f6d22a665e,d317f7393c525e5d3b2a228784449b8faa52992752bc3850be4e01d79c790203
160,2,ml/data/candidates/reject_v2/validation/not_ewaste/Paper_Waste__IMG_20250822_142225_jpg.rf.fb98ee37ad43b9c50c7034721f3dbd67.jpg,validation,ml/data/candidates/reject_v2/test/not_ewaste/Paper_Waste__IMG_20250822_142229_jpg.rf.0e6d6225a922628f52fc8f3e34d4cc83.jpg,test,NEAR_DUPLICATE,"Side-by-side visual review shows the same apparent object or same scene composition with near-identical framing; many filenames are adjacent capture sequence numbers. Exact source/object IDs are absent, so this is a conservative near-duplicate call rather than a claim of byte identity.",Keep the images in one connected capture group and assign the entire group to one split; do not delete files solely for this similarity.,e1365e16a9c0eaecf7897d793461e39a5612d3f23c8571ca692014f6d22a665e,80a8435028143d54e24b9c5c925edc0a9137f33fa19fcc77741287cdd9049c20
161,3,ml/data/candidates/reject_v2/validation/not_ewaste/Plastic_Waste__IMG_20250805_203719_jpg.rf.8220ca04e669e9154570756ade2cd685.jpg,validation,ml/data/candidates/reject_v2/test/not_ewaste/Plastic_Waste__IMG_20250805_203720_jpg.rf.15922a548d7874a6ff4d0b741a3eca9c.jpg,test,NEAR_DUPLICATE,"Side-by-side visual review shows the same apparent object or same scene composition with near-identical framing; many filenames are adjacent capture sequence numbers. Exact source/object IDs are absent, so this is a conservative near-duplicate call rather than a claim of byte identity.",Keep the images in one connected capture group and assign the entire group to one split; do not delete files solely for this similarity.,f41133e3a21c9f143762b4f5dc5a4921edef58c9f83900940795932bd3c50852,5e510147e42babfa41bc0d10bc98213b0781d455821237439833856101e815db
162,3,ml/data/candidates/reject_v2/validation/not_ewaste/Plastic_Waste__IMG_20250805_203719_jpg.rf.8220ca04e669e9154570756ade2cd685.jpg,validation,ml/data/candidates/reject_v2/test/not_ewaste/Plastic_Waste__IMG_20250805_203721_jpg.rf.1ac5083435db1cc9be594e05cc7a6be1.jpg,test,NEAR_DUPLICATE,"Side-by-side visual review shows the same apparent object or same scene composition with near-identical framing; many filenames are adjacent capture sequence numbers. Exact source/object IDs are absent, so this is a conservative near-duplicate call rather than a claim of byte identity.",Keep the images in one connected capture group and assign the entire group to one split; do not delete files solely for this similarity.,f41133e3a21c9f143762b4f5dc5a4921edef58c9f83900940795932bd3c50852,2046cd02e441c0829da1c44402b6098be4df2650f8b559f3e9111b5d6ffe7baa
163,3,ml/data/candidates/reject_v2/validation/not_ewaste/Plastic_Waste__IMG_20250805_204107_jpg.rf.9a8e47f8a4ba2c0374e901509566fb93.jpg,validation,ml/data/candidates/reject_v2/test/not_ewaste/Plastic_Waste__IMG_20250805_204108_jpg.rf.4af4a9e325ac0c7ff3eca39a2b7d88ea.jpg,test,NEAR_DUPLICATE,"Side-by-side visual review shows the same apparent object or same scene composition with near-identical framing; many filenames are adjacent capture sequence numbers. Exact source/object IDs are absent, so this is a conservative near-duplicate call rather than a claim of byte identity.",Keep the images in one connected capture group and assign the entire group to one split; do not delete files solely for this similarity.,e0ff2ab4b2f8202a8010bcbefed53bfa6ab25d1bf95932073694b95520265b29,567feab069680713314942357d84efbbd641cfbdaf72dffd663588de331a5c7c
164,3,ml/data/candidates/reject_v2/validation/not_ewaste/Plastic_Waste__IMG_20250805_204127_jpg.rf.952dac11cc93268bad625e9bf48028d6.jpg,validation,ml/data/candidates/reject_v2/test/not_ewaste/Plastic_Waste__IMG_20250805_204126_1_jpg.rf.9a9df0bec9c45b42c64cddc67af2c9c8.jpg,test,NEAR_DUPLICATE,"Side-by-side visual review shows the same apparent object or same scene composition with near-identical framing; many filenames are adjacent capture sequence numbers. Exact source/object IDs are absent, so this is a conservative near-duplicate call rather than a claim of byte identity.",Keep the images in one connected capture group and assign the entire group to one split; do not delete files solely for this similarity.,8cce02adb66481b7dda56311f97994c7cdcdc6ce46d6177d77a6f57294ab69a7,e4f597206cd9a3caa303fb40b6e92eb3f89e04bdc04475355239fa0cd096fe41
165,3,ml/data/candidates/reject_v2/validation/not_ewaste/Plastic_Waste__IMG_20250805_204127_jpg.rf.952dac11cc93268bad625e9bf48028d6.jpg,validation,ml/data/candidates/reject_v2/test/not_ewaste/Plastic_Waste__IMG_20250805_204128_jpg.rf.5b8f7b79ed1140bc2cf21ff49fc3827a.jpg,test,NEAR_DUPLICATE,"Side-by-side visual review shows the same apparent object or same scene composition with near-identical framing; many filenames are adjacent capture sequence numbers. Exact source/object IDs are absent, so this is a conservative near-duplicate call rather than a claim of byte identity.",Keep the images in one connected capture group and assign the entire group to one split; do not delete files solely for this similarity.,8cce02adb66481b7dda56311f97994c7cdcdc6ce46d6177d77a6f57294ab69a7,6866fa971992fa9e2814eb5367bac21018756b812c826aa9bfe3dc203041ac4e
166,3,ml/data/candidates/reject_v2/validation/not_ewaste/Plastic_Waste__IMG_20250805_204137_jpg.rf.78cf875b74c82eb92cc07b375e058ffb.jpg,validation,ml/data/candidates/reject_v2/test/not_ewaste/Plastic_Waste__IMG_20250805_204136_jpg.rf.27a6ab940a35b768e293348d61b95943.jpg,test,NEAR_DUPLICATE,"Side-by-side visual review shows the same apparent object or same scene composition with near-identical framing; many filenames are adjacent capture sequence numbers. Exact source/object IDs are absent, so this is a conservative near-duplicate call rather than a claim of byte identity.",Keep the images in one connected capture group and assign the entire group to one split; do not delete files solely for this similarity.,5b291a8a94a0f5ff2c915588eac06d1b44272fca982629894b6fe661219264e0,54f7e297990f9f336fa18e7b7c252face5f77b777fd395e557459d2cf942be66
167,3,ml/data/candidates/reject_v2/validation/not_ewaste/Plastic_Waste__IMG_20250805_205009_jpg.rf.0292aedad341e86afd7847ea27857feb.jpg,validation,ml/data/candidates/reject_v2/test/not_ewaste/Plastic_Waste__IMG_20250805_205008_jpg.rf.a4c86fb79e5cdc6a0bf0e8d4691a2628.jpg,test,NEAR_DUPLICATE,"Side-by-side visual review shows the same apparent object or same scene composition with near-identical framing; many filenames are adjacent capture sequence numbers. Exact source/object IDs are absent, so this is a conservative near-duplicate call rather than a claim of byte identity.",Keep the images in one connected capture group and assign the entire group to one split; do not delete files solely for this similarity.,d096a22dc6ffe26bd3691f80fdc7e274429a97c620c85638099305bc001c74a3,03d9f6818657d59572058ba7231b05e39873a02e7f075a273ffb94bf5475a125
168,0,ml/data/candidates/reject_v2/validation/not_ewaste/Plastic_Waste__IMG_20250805_205024_jpg.rf.d712c687a82bbe88f51807560183469b.jpg,validation,ml/data/candidates/reject_v2/test/not_ewaste/Plastic_Waste__IMG_20250805_205023_jpg.rf.ca9a6515e2b28cc0bf600793ec912a51.jpg,test,NEAR_DUPLICATE,"Side-by-side visual review shows the same apparent object or same scene composition with near-identical framing; many filenames are adjacent capture sequence numbers. Exact source/object IDs are absent, so this is a conservative near-duplicate call rather than a claim of byte identity.",Keep the images in one connected capture group and assign the entire group to one split; do not delete files solely for this similarity.,550da78ae830282ebbc40941d93f9dcf769d6c6516ca1421b9ca9d03ebe4fdd1,1d6b28a6af6203b5873fdaa4cb2dc6c1da53951bdd779e7320411bf05e58e5bc
169,0,ml/data/candidates/reject_v2/validation/not_ewaste/Plastic_Waste__IMG_20250805_205024_jpg.rf.d712c687a82bbe88f51807560183469b.jpg,validation,ml/data/candidates/reject_v2/test/not_ewaste/Plastic_Waste__IMG_20250805_205026_jpg.rf.2b4336e312c5c015dec782fa65d0d53a.jpg,test,NEAR_DUPLICATE,"Side-by-side visual review shows the same apparent object or same scene composition with near-identical framing; many filenames are adjacent capture sequence numbers. Exact source/object IDs are absent, so this is a conservative near-duplicate call rather than a claim of byte identity.",Keep the images in one connected capture group and assign the entire group to one split; do not delete files solely for this similarity.,550da78ae830282ebbc40941d93f9dcf769d6c6516ca1421b9ca9d03ebe4fdd1,a0988f8fdf8520a76eade1ee5607a69369552e09cea44ef086012b0765496fa3
170,1,ml/data/candidates/reject_v2/validation/not_ewaste/Plastic_Waste__IMG_20250805_205104_jpg.rf.13fe8b932124c1d9b7a12c0fe5709be4.jpg,validation,ml/data/candidates/reject_v2/test/not_ewaste/Plastic_Waste__IMG_20250805_205103_jpg.rf.98fd26f06009a55e2ebc9d5ef8f07b79.jpg,test,NEAR_DUPLICATE,"Side-by-side visual review shows the same apparent object or same scene composition with near-identical framing; many filenames are adjacent capture sequence numbers. Exact source/object IDs are absent, so this is a conservative near-duplicate call rather than a claim of byte identity.",Keep the images in one connected capture group and assign the entire group to one split; do not delete files solely for this similarity.,dcad3fd974c47313fc91c888b493ae0a49426637ab4449b27f233ce7167f6ccb,0bdcabf7343a6705e1e242a5dffe4960bf26924b25cab32843e8cd2a88406bb4
171,0,ml/data/candidates/reject_v2/validation/not_ewaste/Plastic_Waste__IMG_20250805_205402_1_jpg.rf.52b9b8f73f3b91a34da7deb704776245.jpg,validation,ml/data/candidates/reject_v2/test/not_ewaste/Plastic_Waste__IMG_20250805_205403_jpg.rf.5a9b820f5d2612316dc692feb3654491.jpg,test,NEAR_DUPLICATE,"Side-by-side visual review shows the same apparent object or same scene composition with near-identical framing; many filenames are adjacent capture sequence numbers. Exact source/object IDs are absent, so this is a conservative near-duplicate call rather than a claim of byte identity.",Keep the images in one connected capture group and assign the entire group to one split; do not delete files solely for this similarity.,0ebf8db68409f9c1ec6d51f8668a03cd2d4ac477f9399e03767752d09bf1499e,9edebe01c36c5a1202dc31cf0551fcf17230209315788d9f7a7f7a34380a959f
172,1,ml/data/candidates/reject_v2/validation/not_ewaste/Plastic_Waste__IMG_20250820_000329_jpg.rf.6eb3fdff32f72ecc14203b4c5ba7d620.jpg,validation,ml/data/candidates/reject_v2/test/not_ewaste/Plastic_Waste__IMG_20250820_000327_jpg.rf.0057c7022a462cf14b440bdb3e8d1681.jpg,test,NEAR_DUPLICATE,"Side-by-side visual review shows the same apparent object or same scene composition with near-identical framing; many filenames are adjacent capture sequence numbers. Exact source/object IDs are absent, so this is a conservative near-duplicate call rather than a claim of byte identity.",Keep the images in one connected capture group and assign the entire group to one split; do not delete files solely for this similarity.,c95e02d9080b94bbc5d3156d5d0f07368385370942fa0b3251fe03008d759586,f6a310341629deaeb60ef8e177c8ff65f1b043d610d65ef7c1ca116220473302
173,0,ml/data/candidates/reject_v2/validation/not_ewaste/Plastic_Waste__IMG_20250820_000345_jpg.rf.f5ce578c3eae046df54c887265f22e42.jpg,validation,ml/data/candidates/reject_v2/test/not_ewaste/Plastic_Waste__IMG_20250820_000345_1_jpg.rf.8a56e4c81b502c74fced7db7285abde0.jpg,test,NEAR_DUPLICATE,"Side-by-side visual review shows the same apparent object or same scene composition with near-identical framing; many filenames are adjacent capture sequence numbers. Exact source/object IDs are absent, so this is a conservative near-duplicate call rather than a claim of byte identity.",Keep the images in one connected capture group and assign the entire group to one split; do not delete files solely for this similarity.,f23e5991c035b2910e48fda04d5bbcea1d025254b2915ca9696e44d56c5020d7,c404a8e8b325d406229fac0c51e33578c881f2a5bf4cb4e9b14bbabef12bec25
174,0,ml/data/candidates/reject_v2/validation/not_ewaste/Plastic_Waste__IMG_20250820_000345_jpg.rf.f5ce578c3eae046df54c887265f22e42.jpg,validation,ml/data/candidates/reject_v2/test/not_ewaste/Plastic_Waste__IMG_20250820_000347_jpg.rf.b087947381255155846ccf96858177ef.jpg,test,NEAR_DUPLICATE,"Side-by-side visual review shows the same apparent object or same scene composition with near-identical framing; many filenames are adjacent capture sequence numbers. Exact source/object IDs are absent, so this is a conservative near-duplicate call rather than a claim of byte identity.",Keep the images in one connected capture group and assign the entire group to one split; do not delete files solely for this similarity.,f23e5991c035b2910e48fda04d5bbcea1d025254b2915ca9696e44d56c5020d7,d3007933bfe802b956b72ebb9da0f63c74682a54d3bc5200ba700bc30a9cbc76
175,2,ml/data/candidates/reject_v2/validation/not_ewaste/Plastic_Waste__IMG_20250820_000400_1_jpg.rf.19d37a3e87ee1b6e09deb768a8d87036.jpg,validation,ml/data/candidates/reject_v2/test/not_ewaste/Plastic_Waste__IMG_20250820_000401_jpg.rf.e850d2354d04cd96561cbc82dce9263b.jpg,test,NEAR_DUPLICATE,"Side-by-side visual review shows the same apparent object or same scene composition with near-identical framing; many filenames are adjacent capture sequence numbers. Exact source/object IDs are absent, so this is a conservative near-duplicate call rather than a claim of byte identity.",Keep the images in one connected capture group and assign the entire group to one split; do not delete files solely for this similarity.,be60039d1af6689d832aefcb10a1266cb874f2009f96e32962054e0216763ff0,f7607377697d35d9cc2aaa47eb061c66ac7b2ff10e32b040bd8202e9c5be537b
176,1,ml/data/candidates/reject_v2/validation/not_ewaste/Plastic_Waste__IMG_20250822_142028_jpg.rf.e397cba6a075cfa8e1d5c9edfa40abcd.jpg,validation,ml/data/candidates/reject_v2/test/not_ewaste/Plastic_Waste__IMG_20250822_142033_jpg.rf.2fc15d3a056ebab3ac87cbef4af69dec.jpg,test,NEAR_DUPLICATE,"Side-by-side visual review shows the same apparent object or same scene composition with near-identical framing; many filenames are adjacent capture sequence numbers. Exact source/object IDs are absent, so this is a conservative near-duplicate call rather than a claim of byte identity.",Keep the images in one connected capture group and assign the entire group to one split; do not delete files solely for this similarity.,dc1a467f3f7fd8c1cac23afbd87784faef8112c87bbfd6184dd168ea79df3885,c3558e11a14202d204d1ab0f51c97bb035c101dd1ba9a47c25dd1c6a22a96b5f
177,1,ml/data/candidates/reject_v2/validation/not_ewaste/Plastic_Waste__IMG_20250822_142029_jpg.rf.e13f709f722a9c85a631db36a33b3c99.jpg,validation,ml/data/candidates/reject_v2/test/not_ewaste/Plastic_Waste__IMG_20250822_142033_jpg.rf.2fc15d3a056ebab3ac87cbef4af69dec.jpg,test,NEAR_DUPLICATE,"Side-by-side visual review shows the same apparent object or same scene composition with near-identical framing; many filenames are adjacent capture sequence numbers. Exact source/object IDs are absent, so this is a conservative near-duplicate call rather than a claim of byte identity.",Keep the images in one connected capture group and assign the entire group to one split; do not delete files solely for this similarity.,20a83401a01d1312c52bedab995237cda0fd83d5c73740157797a31280a4599d,c3558e11a14202d204d1ab0f51c97bb035c101dd1ba9a47c25dd1c6a22a96b5f
178,3,ml/data/candidates/reject_v2/validation/not_ewaste/Plastic_Waste__IMG_20250822_142030_jpg.rf.f32349d4aff512b88a4ff86f3dfdb4b4.jpg,validation,ml/data/candidates/reject_v2/test/not_ewaste/Plastic_Waste__IMG_20250822_142033_jpg.rf.2fc15d3a056ebab3ac87cbef4af69dec.jpg,test,NEAR_DUPLICATE,"Side-by-side visual review shows the same apparent object or same scene composition with near-identical framing; many filenames are adjacent capture sequence numbers. Exact source/object IDs are absent, so this is a conservative near-duplicate call rather than a claim of byte identity.",Keep the images in one connected capture group and assign the entire group to one split; do not delete files solely for this similarity.,119890c4f6bbf74024c6dc3e1f166979a75f74e6e0376d6615148864a8d774f9,c3558e11a14202d204d1ab0f51c97bb035c101dd1ba9a47c25dd1c6a22a96b5f
179,3,ml/data/candidates/reject_v2/validation/not_ewaste/Plastic_Waste__IMG_20250822_142053_jpg.rf.3867619f5e714c25ddc1b4d3fd5c017b.jpg,validation,ml/data/candidates/reject_v2/test/not_ewaste/Plastic_Waste__IMG_20250822_142054_jpg.rf.d4f53d0d3b0017ba730f9f36844d41c9.jpg,test,NEAR_DUPLICATE,"Side-by-side visual review shows the same apparent object or same scene composition with near-identical framing; many filenames are adjacent capture sequence numbers. Exact source/object IDs are absent, so this is a conservative near-duplicate call rather than a claim of byte identity.",Keep the images in one connected capture group and assign the entire group to one split; do not delete files solely for this similarity.,04dd68e8f8aa1d2a3e14f1a7dcfb5fdfdb578b1f31e3582543d884c9082fc677,cf9a19ea9a65b06ad2a04eb43eb2473c9d376a0d52189353a2aa36badbdfa28f
180,3,ml/data/candidates/reject_v2/validation/not_ewaste/Plastic_Waste__IMG_20250822_142129_jpg.rf.5f8da18536b8ae2bf9b982f14b4c96fb.jpg,validation,ml/data/candidates/reject_v2/test/not_ewaste/Plastic_Waste__IMG_20250822_142132_jpg.rf.6409191476f26c685eef0a3154877d1a.jpg,test,NEAR_DUPLICATE,"Side-by-side visual review shows the same apparent object or same scene composition with near-identical framing; many filenames are adjacent capture sequence numbers. Exact source/object IDs are absent, so this is a conservative near-duplicate call rather than a claim of byte identity.",Keep the images in one connected capture group and assign the entire group to one split; do not delete files solely for this similarity.,d5a8e4195f92fa0431f486272c37f63897bbdaed076abeb06e5dbf762682bd5d,4992e96a21484ee13b02ea42a32bb6bccd352fc60a06f0e158ecedc68441fb58
