source_file,original_split,source_label,new_split,group_id,decision,new_file,sha256
ml/data/candidates/reject_v2/train/battery_waste/IMG_20250822_231226_jpg.rf.a384c4024b55ba7bf2eda542344eef69.jpg,train,battery_waste,train,634362c096372fca02b97e237b3dbc0d5539b2aad792c44f600d5ff6ebe1c1eb,COPIED,ml/data/candidates/phase11_reblocked/train/battery_waste/IMG_20250822_231226_jpg.rf.a384c4024b55ba7bf2eda542344eef69.jpg,6a266060efc949d798168e2b4cb8fe535e89eb82d0a0e7c6cb2aebf05bfe2c79
ml/data/candidates/reject_v2/train/battery_waste/IMG_20250822_231226_jpg.rf.af949f552ee40abb9ba0d2ea22afdb16.jpg,train,battery_waste,train,634362c096372fca02b97e237b3dbc0d5539b2aad792c44f600d5ff6ebe1c1eb,COPIED,ml/data/candidates/phase11_reblocked/train/battery_waste/IMG_20250822_231226_jpg.rf.af949f552ee40abb9ba0d2ea22afdb16.jpg,44e06160199a1b4462c222a0254d8f0a3dcee99b20ed98dccf6aca7680407882
ml/data/candidates/reject_v2/train/battery_waste/IMG_20250822_231226_jpg.rf.f5c80448ec1e3edadd7fe58129065dd8.jpg,train,battery_waste,train,634362c096372fca02b97e237b3dbc0d5539b2aad792c44f600d5ff6ebe1c1eb,COPIED,ml/data/candidates/phase11_reblocked/train/battery_waste/IMG_20250822_231226_jpg.rf.f5c80448ec1e3edadd7fe58129065dd8.jpg,d950528e5bc1ee9a21208704e45419949a22fce929a5065414c73539444ed9f8
ml/data/candidates/reject_v2/train/battery_waste/IMG_20250822_231220_jpg.rf.2b36d46a7e22d101be3c9448b72ef6f1.jpg,train,battery_waste,train,6afc8c5ebcc98f9feb0cac846fc9357f9e506573b8426c267e45403398d7cb34,COPIED,ml/data/candidates/phase11_reblocked/train/battery_waste/IMG_20250822_231220_jpg.rf.2b36d46a7e22d101be3c9448b72ef6f1.jpg,1f37415e1ea3b605b7e0a0d731be4e86462c3904a8016cca3fa30cdf15f4be54
ml/data/candidates/reject_v2/train/battery_waste/IMG_20250822_231220_jpg.rf.847cf565415d2346e0fabc16a3fb1f28.jpg,train,battery_waste,train,6afc8c5ebcc98f9feb0cac846fc9357f9e506573b8426c267e45403398d7cb34,COPIED,ml/data/candidates/phase11_reblocked/train/battery_waste/IMG_20250822_231220_jpg.rf.847cf565415d2346e0fabc16a3fb1f28.jpg,d1e0c48b4c07b8bba2c21876dd5cf9059025ed6ed4ab97687251135847cd6466
ml/data/candidates/reject_v2/train/battery_waste/IMG_20250822_231220_jpg.rf.9c02b05d7b7b49ba3c228d2dc9bf9b7e.jpg,train,battery_waste,train,6afc8c5ebcc98f9feb0cac846fc9357f9e506573b8426c267e45403398d7cb34,COPIED,ml/data/candidates/phase11_reblocked/train/battery_waste/IMG_20250822_231220_jpg.rf.9c02b05d7b7b49ba3c228d2dc9bf9b7e.jpg,54c24e28914c7e6efb9c981b089feb0309f90cf225ed90f0bc0bf355aeda4061
ml/data/candidates/reject_v2/train/battery_waste/IMG_20250822_231209_jpg.rf.4c130981a9fbbd3987e2dd770795972d.jpg,train,battery_waste,train,d366d43603abf0b89d8617548a95f034a656d1e1fb207c50deb463d4364edda2,COPIED,ml/data/candidates/phase11_reblocked/train/battery_waste/IMG_20250822_231209_jpg.rf.4c130981a9fbbd3987e2dd770795972d.jpg,596a84bceee6718e44d91bbec592a65bc6f9d6da5bb699d180e1c6ab71924288
ml/data/candidates/reject_v2/train/battery_waste/IMG_20250822_231209_jpg.rf.5fbcecd2f828c4d73be632426a997488.jpg,train,battery_waste,train,d366d43603abf0b89d8617548a95f034a656d1e1fb207c50deb463d4364edda2,COPIED,ml/data/candidates/phase11_reblocked/train/battery_waste/IMG_20250822_231209_jpg.rf.5fbcecd2f828c4d73be632426a997488.jpg,c114f4ac06918460f525b5b5501e3b508ad2ecdb21f496f2c21b445728f4d8bd
ml/data/candidates/reject_v2/train/battery_waste/IMG_20250822_231209_jpg.rf.71062767ff841e54501edf3ddc7a9c7a.jpg,train,battery_waste,train,d366d43603abf0b89d8617548a95f034a656d1e1fb207c50deb463d4364edda2,COPIED,ml/data/candidates/phase11_reblocked/train/battery_waste/IMG_20250822_231209_jpg.rf.71062767ff841e54501edf3ddc7a9c7a.jpg,e7a3178ce1903d1cc11a7fdf622a027cbf26c32c54edf0d2ed207688a08e3166
ml/data/candidates/reject_v2/train/battery_waste/IMG_20250822_231211_jpg.rf.29439c714ba00a43492ccf5b2673e53f.jpg,train,battery_waste,train,d366d43603abf0b89d8617548a95f034a656d1e1fb207c50deb463d4364edda2,COPIED,ml/data/candidates/phase11_reblocked/train/battery_waste/IMG_20250822_231211_jpg.rf.29439c714ba00a43492ccf5b2673e53f.jpg,574fc925f45dcfef13207975632d4c65556402c1b8a79a11f952787b41b27c75
ml/data/candidates/reject_v2/train/battery_waste/IMG_20250822_231134_1_jpg.rf.19857d21bf15db9b7b5a3e2669c53f03.jpg,train,battery_waste,train,2d127f5bea4044c2e44e3e0df816b028bf3af59e6bbd6cc92b97578482111ed9,COPIED,ml/data/candidates/phase11_reblocked/train/battery_waste/IMG_20250822_231134_1_jpg.rf.19857d21bf15db9b7b5a3e2669c53f03.jpg,37d6d330c5d23891554ab86ac5731b40774e441d97ca9e9968caa3fd2429a276
ml/data/candidates/reject_v2/train/battery_waste/IMG_20250822_231134_1_jpg.rf.3f4911838e7d399e2c29009938d92851.jpg,train,battery_waste,train,2d127f5bea4044c2e44e3e0df816b028bf3af59e6bbd6cc92b97578482111ed9,COPIED,ml/data/candidates/phase11_reblocked/train/battery_waste/IMG_20250822_231134_1_jpg.rf.3f4911838e7d399e2c29009938d92851.jpg,c53fb020c3e8d976a3b92b5bd7c3e44d0a5c42d30f8b23133eeae36814bf56be
ml/data/candidates/reject_v2/train/battery_waste/IMG_20250822_231134_1_jpg.rf.82a4dc567acd78e78794d5bba1b3300a.jpg,train,battery_waste,train,2d127f5bea4044c2e44e3e0df816b028bf3af59e6bbd6cc92b97578482111ed9,COPIED,ml/data/candidates/phase11_reblocked/train/battery_waste/IMG_20250822_231134_1_jpg.rf.82a4dc567acd78e78794d5bba1b3300a.jpg,383a67a3fdcf263cf54a331c4780f399afe54a2ca8bfa8ba56757b24e5afe660
ml/data/candidates/reject_v2/train/battery_waste/IMG_20250822_231135_1_jpg.rf.40d27b8048589bd7f6a91ff8c07f1d84.jpg,train,battery_waste,train,2d127f5bea4044c2e44e3e0df816b028bf3af59e6bbd6cc92b97578482111ed9,COPIED,ml/data/candidates/phase11_reblocked/train/battery_waste/IMG_20250822_231135_1_jpg.rf.40d27b8048589bd7f6a91ff8c07f1d84.jpg,bf5dd5a09b5520594150c2f1f73692af49fe151fdc55799ef21a487655df9700
ml/data/candidates/reject_v2/train/battery_waste/IMG_20250822_231135_1_jpg.rf.9c3779c2a1dd1c261e91e6a7e74a3e6b.jpg,train,battery_waste,train,2d127f5bea4044c2e44e3e0df816b028bf3af59e6bbd6cc92b97578482111ed9,COPIED,ml/data/candidates/phase11_reblocked/train/battery_waste/IMG_20250822_231135_1_jpg.rf.9c3779c2a1dd1c261e91e6a7e74a3e6b.jpg,f20c7fcbefd45817661a5ac5c799b1c2e0df98f8f81905e8de1f9b01b8a39cee
ml/data/candidates/reject_v2/train/battery_waste/IMG_20250822_231135_1_jpg.rf.d42078c33df83bcadfbe932693eb51fb.jpg,train,battery_waste,train,2d127f5bea4044c2e44e3e0df816b028bf3af59e6bbd6cc92b97578482111ed9,COPIED,ml/data/candidates/phase11_reblocked/train/battery_waste/IMG_20250822_231135_1_jpg.rf.d42078c33df83bcadfbe932693eb51fb.jpg,6f3001e409819ab2269927bf84fd4f2c9b5e1799c128c4768e53883189ee17c9
ml/data/candidates/reject_v2/train/battery_waste/IMG_20250822_231135_jpg.rf.5eab8abfbf6ce0006e47452bb4e351aa.jpg,train,battery_waste,train,2d127f5bea4044c2e44e3e0df816b028bf3af59e6bbd6cc92b97578482111ed9,COPIED,ml/data/candidates/phase11_reblocked/train/battery_waste/IMG_20250822_231135_jpg.rf.5eab8abfbf6ce0006e47452bb4e351aa.jpg,d1a1618ed5c5c1dffab6a0698f0c8e959023f957f6dd5debee1a110874dadac5
ml/data/candidates/reject_v2/train/battery_waste/IMG_20250803_215725_jpg.rf.7d5f701994ab8ce96ca5d49e1d276ee3.jpg,train,battery_waste,train,21c4e7e758fd5e76c841b6f1560208324e5654a2f45a60c0a7223f5ae001b7a7,COPIED,ml/data/candidates/phase11_reblocked/train/battery_waste/IMG_20250803_215725_jpg.rf.7d5f701994ab8ce96ca5d49e1d276ee3.jpg,7cb1898f1883ce2e8af2428505bef5e8728ce94f1cd0183a906294a2e34fc4d1
ml/data/candidates/reject_v2/train/battery_waste/IMG_20250803_215727_jpg.rf.ed0c24ebb5a6e14c10a1c4d99dbf6530.jpg,train,battery_waste,train,21c4e7e758fd5e76c841b6f1560208324e5654a2f45a60c0a7223f5ae001b7a7,COPIED,ml/data/candidates/phase11_reblocked/train/battery_waste/IMG_20250803_215727_jpg.rf.ed0c24ebb5a6e14c10a1c4d99dbf6530.jpg,4765929cb39f50b5e5833ff109d06424ac32d7159c5daca63951fe5e8504e029
ml/data/candidates/reject_v2/test/battery_waste/IMG_20250822_231124_1_jpg.rf.15f6be87893a7f3e91d86d821962f40f.jpg,test,battery_waste,train,c1ee5258588c8e29372b6ac8d2e19167e54ae9552bf9ca484b1fd51f2d8bd786,COPIED,ml/data/candidates/phase11_reblocked/train/battery_waste/IMG_20250822_231124_1_jpg.rf.15f6be87893a7f3e91d86d821962f40f.jpg,b18b0a16d80fc6663cc5ac54b6f5438181077907a13fb370589d6bfa05679731
ml/data/candidates/reject_v2/test/battery_waste/IMG_20250822_231125_1_jpg.rf.055929b00c16ff17c6d4a49b7cef58a9.jpg,test,battery_waste,train,c1ee5258588c8e29372b6ac8d2e19167e54ae9552bf9ca484b1fd51f2d8bd786,COPIED,ml/data/candidates/phase11_reblocked/train/battery_waste/IMG_20250822_231125_1_jpg.rf.055929b00c16ff17c6d4a49b7cef58a9.jpg,8e5aca2aca1cc1ef6c48e7c3b500ae3a213db544172a1ef24898572286785a29
ml/data/candidates/reject_v2/test/battery_waste/IMG_20250822_231125_jpg.rf.712cf5e8bb04d06029470cfebfd9db8a.jpg,test,battery_waste,train,c1ee5258588c8e29372b6ac8d2e19167e54ae9552bf9ca484b1fd51f2d8bd786,COPIED,ml/data/candidates/phase11_reblocked/train/battery_waste/IMG_20250822_231125_jpg.rf.712cf5e8bb04d06029470cfebfd9db8a.jpg,78556295e21539701601b0a1a67699bde3bbe3cdf8c7fbfaddeb2d8d12993bc6
ml/data/candidates/reject_v2/test/battery_waste/IMG_20250822_231126_jpg.rf.7712b4701c0e3c8ad2f513a37cac8107.jpg,test,battery_waste,train,c1ee5258588c8e29372b6ac8d2e19167e54ae9552bf9ca484b1fd51f2d8bd786,COPIED,ml/data/candidates/phase11_reblocked/train/battery_waste/IMG_20250822_231126_jpg.rf.7712b4701c0e3c8ad2f513a37cac8107.jpg,53aadecd598f246bf55fac6bd0896a7aba6d9eafa2395454db32118e1e1525f5
ml/data/candidates/reject_v2/train/battery_waste/IMG_20250822_231227_jpg.rf.03756de636cf7cc1ebd60892c444e82f.jpg,train,battery_waste,train,bdd8e81e96012400dec8bbdb51fe79b545e20c5263b8f068b6082553eaaf44aa,COPIED,ml/data/candidates/phase11_reblocked/train/battery_waste/IMG_20250822_231227_jpg.rf.03756de636cf7cc1ebd60892c444e82f.jpg,1d96d4de10586d80c0ec5e4584d4c306ad0f1db10554dbeeced26a527d76c7a3
ml/data/candidates/reject_v2/train/battery_waste/IMG_20250822_231227_jpg.rf.8ff7f770de4f04e022e8f12c213838c1.jpg,train,battery_waste,train,bdd8e81e96012400dec8bbdb51fe79b545e20c5263b8f068b6082553eaaf44aa,COPIED,ml/data/candidates/phase11_reblocked/train/battery_waste/IMG_20250822_231227_jpg.rf.8ff7f770de4f04e022e8f12c213838c1.jpg,239f27497c94c88d6cbe9e38e8d192bd62027efbe016ac0a8d309a0e83e8bbc4
ml/data/candidates/reject_v2/train/battery_waste/IMG_20250822_231227_jpg.rf.e13a9b5400f8a9c58d97fea44a360ba9.jpg,train,battery_waste,train,bdd8e81e96012400dec8bbdb51fe79b545e20c5263b8f068b6082553eaaf44aa,COPIED,ml/data/candidates/phase11_reblocked/train/battery_waste/IMG_20250822_231227_jpg.rf.e13a9b5400f8a9c58d97fea44a360ba9.jpg,ff3fde3918fed2e0bf6fd51360ac1047b5bdab1d8eb080cafc0dce4538c7d479
ml/data/candidates/reject_v2/train/battery_waste/IMG_20250805_205053_jpg.rf.4a5a176714e4c428774a32fbd7e0f915.jpg,train,battery_waste,train,a020428a7322da1b03d37547f2d608b9eb01e56f6c4b38f629fe5d40e8e0c230,COPIED,ml/data/candidates/phase11_reblocked/train/battery_waste/IMG_20250805_205053_jpg.rf.4a5a176714e4c428774a32fbd7e0f915.jpg,9bb0d394b5af80076c0cc78e0e329fdb21d0d7c82d88e0ff0206ca52d5e8a2e8
ml/data/candidates/reject_v2/train/battery_waste/IMG_20250822_231238_jpg.rf.3c4cd2453b779bbf5224c35672da6c9d.jpg,train,battery_waste,train,91d306e54714305135bbd91258b2dd1cb83c4bf6e2807c24d45bdf5f0891cf7c,COPIED,ml/data/candidates/phase11_reblocked/train/battery_waste/IMG_20250822_231238_jpg.rf.3c4cd2453b779bbf5224c35672da6c9d.jpg,deeca37e84f9535621cfc1a4df7d5f1ced47011efa9df6be83a8f91899085268
ml/data/candidates/reject_v2/train/battery_waste/IMG_20250822_231239_1_jpg.rf.1b55959316611efa584bdc9a073bc60b.jpg,train,battery_waste,train,91d306e54714305135bbd91258b2dd1cb83c4bf6e2807c24d45bdf5f0891cf7c,COPIED,ml/data/candidates/phase11_reblocked/train/battery_waste/IMG_20250822_231239_1_jpg.rf.1b55959316611efa584bdc9a073bc60b.jpg,381c60617f6afb870536de1a73db70c0e5d053c2a146ba1bb52b1f5ff56ef049
ml/data/candidates/reject_v2/train/battery_waste/IMG_20250822_231239_1_jpg.rf.d7c89c449cafe2a0f21c3245793671f9.jpg,train,battery_waste,train,91d306e54714305135bbd91258b2dd1cb83c4bf6e2807c24d45bdf5f0891cf7c,COPIED,ml/data/candidates/phase11_reblocked/train/battery_waste/IMG_20250822_231239_1_jpg.rf.d7c89c449cafe2a0f21c3245793671f9.jpg,77f12751463c3ed71b0b1b8768beeecc274eff025c134ca47fa127c16bcc9348
ml/data/candidates/reject_v2/train/battery_waste/IMG_20250822_231239_1_jpg.rf.ff7c20ffa1b97e6f85e4860b6c2eefbc.jpg,train,battery_waste,train,91d306e54714305135bbd91258b2dd1cb83c4bf6e2807c24d45bdf5f0891cf7c,COPIED,ml/data/candidates/phase11_reblocked/train/battery_waste/IMG_20250822_231239_1_jpg.rf.ff7c20ffa1b97e6f85e4860b6c2eefbc.jpg,1dbfdd5b78c499134868bb0a09f4dff415c5a86d4d6791cfafdcc99e1a2ee724
ml/data/candidates/reject_v2/train/battery_waste/IMG_20250822_231239_jpg.rf.a708ada26d463e1fc8125634fc78cbf5.jpg,train,battery_waste,train,91d306e54714305135bbd91258b2dd1cb83c4bf6e2807c24d45bdf5f0891cf7c,COPIED,ml/data/candidates/phase11_reblocked/train/battery_waste/IMG_20250822_231239_jpg.rf.a708ada26d463e1fc8125634fc78cbf5.jpg,efdf104ec0996b817ae42085873056f8e1767f17da84ff99a5295ca7fb7408f5
ml/data/candidates/reject_v2/train/battery_waste/IMG_20250822_231241_jpg.rf.d6ccb4191c62c428828b1cebbd503123.jpg,train,battery_waste,train,91d306e54714305135bbd91258b2dd1cb83c4bf6e2807c24d45bdf5f0891cf7c,COPIED,ml/data/candidates/phase11_reblocked/train/battery_waste/IMG_20250822_231241_jpg.rf.d6ccb4191c62c428828b1cebbd503123.jpg,838623acbc96392a2dbea47a8e86b841264aedec711fb306d004f57ce2628cbd
ml/data/candidates/reject_v2/train/battery_waste/IMG_20250822_231152_jpg.rf.e62543112ad7bd0d4593d533a2e3f231.jpg,train,battery_waste,train,c16ea2e83a3211978e657bf5bd8cf3fd94e4d48dfee0d7633f9d1ade484dcda5,COPIED,ml/data/candidates/phase11_reblocked/train/battery_waste/IMG_20250822_231152_jpg.rf.e62543112ad7bd0d4593d533a2e3f231.jpg,8025485b99f0f3f69f4504ba76758f57e38c43a8a39f9e2789c97d9cf3336a11
ml/data/candidates/reject_v2/train/battery_waste/IMG_20250822_231241_1_jpg.rf.08f4254c1a6be413d72d48bc233c8175.jpg,train,battery_waste,train,9099c9ba73c44bf9ecdcb92432e2fc7e1f6fbcbfec41d1f7137aaa60cfa49204,COPIED,ml/data/candidates/phase11_reblocked/train/battery_waste/IMG_20250822_231241_1_jpg.rf.08f4254c1a6be413d72d48bc233c8175.jpg,591d56268f954096bdfe65b378462e226827c5c48ee2a9c1861df474aac33959
ml/data/candidates/reject_v2/train/battery_waste/IMG_20250822_231219_jpg.rf.03d08967efba3804f23ba15aac3d4cca.jpg,train,battery_waste,train,a651b90008c26640c4658deb94066797c132bbd10fae97c5eeb5ff1af0089c92,COPIED,ml/data/candidates/phase11_reblocked/train/battery_waste/IMG_20250822_231219_jpg.rf.03d08967efba3804f23ba15aac3d4cca.jpg,1bd627ba7b2f56d1daebe5792e8d882890df6bb76bdd3bca35e888c947ac7f26
ml/data/candidates/reject_v2/train/battery_waste/IMG_20250822_231219_jpg.rf.152f0425291ed55f66ec4bea49524c43.jpg,train,battery_waste,train,a651b90008c26640c4658deb94066797c132bbd10fae97c5eeb5ff1af0089c92,COPIED,ml/data/candidates/phase11_reblocked/train/battery_waste/IMG_20250822_231219_jpg.rf.152f0425291ed55f66ec4bea49524c43.jpg,8877628f3fbe6527233fdd2566bd970a5759cfd6b0ac33543b53c6219035526a
ml/data/candidates/reject_v2/train/battery_waste/IMG_20250822_231219_jpg.rf.392d276fdfc40327967ce3017eaf01ac.jpg,train,battery_waste,train,a651b90008c26640c4658deb94066797c132bbd10fae97c5eeb5ff1af0089c92,COPIED,ml/data/candidates/phase11_reblocked/train/battery_waste/IMG_20250822_231219_jpg.rf.392d276fdfc40327967ce3017eaf01ac.jpg,abbee3b6bcb47b3381df4d9c7bbe6fc7c6532bb38b782c540be93eab3601cd96
ml/data/candidates/reject_v2/train/battery_waste/IMG_20250822_231134_jpg.rf.76bc5a7c35544dbfd4c168ab5ec537e3.jpg,train,battery_waste,train,0b3670043420dc550f542eaf2f4e3a3f638bb7cfb3886b2cd5fbfef585b3e9b3,COPIED,ml/data/candidates/phase11_reblocked/train/battery_waste/IMG_20250822_231134_jpg.rf.76bc5a7c35544dbfd4c168ab5ec537e3.jpg,25b7cc28fe025fe3ea691209247f866ab0cbfaf4b9262d732e41c94de03bb329
ml/data/candidates/reject_v2/train/battery_waste/IMG_20250803_215645_jpg.rf.e82c2404db3f48100de5904104aa16a5.jpg,train,battery_waste,train,b3b99565733931f56f13e8fb396f983b3eba2963de3223043b3097882c49b039,COPIED,ml/data/candidates/phase11_reblocked/train/battery_waste/IMG_20250803_215645_jpg.rf.e82c2404db3f48100de5904104aa16a5.jpg,cd77deb41e80bfe67afc77dabe5f3f80892e77bda128adc50822c3cee76e4125
ml/data/candidates/reject_v2/validation/battery_waste/IMG_20250803_215810_jpg.rf.bf03fc4486612281e874dcbde3267f8b.jpg,validation,battery_waste,train,678ee20adeef908a0c0eb23bf52c5569a0bd8ce9e2a53070e31de3caea1a2e85,COPIED,ml/data/candidates/phase11_reblocked/train/battery_waste/IMG_20250803_215810_jpg.rf.bf03fc4486612281e874dcbde3267f8b.jpg,9937a9ae3037928e59193aed6d1083a0fbed4634ac3909fabcefe0be7efd4cf0
ml/data/candidates/reject_v2/validation/battery_waste/IMG_20250822_231238_1_jpg.rf.6b34d7600d1352cab6f4fa768e169697.jpg,validation,battery_waste,train,ea6fba4a1b621c6cf0afa1d25a216a542a33731ad18f3d6ad2e7067ab94ceaca,COPIED,ml/data/candidates/phase11_reblocked/train/battery_waste/IMG_20250822_231238_1_jpg.rf.6b34d7600d1352cab6f4fa768e169697.jpg,ed9f34f4995e137fac5fa92ea68d16532fb8a95ed19f2af5f7937ca7fc8fd44e
ml/data/candidates/reject_v2/train/battery_waste/IMG_20250822_231124_jpg.rf.454eb5a36ebdb2ad770c60899ed1ff5d.jpg,train,battery_waste,train,0b33a4b31554b1a84efdc73314465819aa932946ac508b6e3d52407262c71c59,COPIED,ml/data/candidates/phase11_reblocked/train/battery_waste/IMG_20250822_231124_jpg.rf.454eb5a36ebdb2ad770c60899ed1ff5d.jpg,ee3dfb89efbf0a79224228750f68cfc76d8a0c30e2e2e898b6de04e2bfb8bfb8
ml/data/candidates/reject_v2/train/battery_waste/IMG_20250822_231222_jpg.rf.44ed716c90773067e2cf27b0d901024b.jpg,train,battery_waste,train,d8843b17e66408289e9a44c5958fb6388fcfbb44181749a0627efa88c42b09e9,COPIED,ml/data/candidates/phase11_reblocked/train/battery_waste/IMG_20250822_231222_jpg.rf.44ed716c90773067e2cf27b0d901024b.jpg,00ddb0d770c9fa412d1c6b94b9f1fa52b2b19a795b494cd314ab73a02634e2e8
ml/data/candidates/reject_v2/train/battery_waste/IMG_20250822_231222_jpg.rf.6da281988f9a7ad6de6a237c773340b0.jpg,train,battery_waste,train,d8843b17e66408289e9a44c5958fb6388fcfbb44181749a0627efa88c42b09e9,COPIED,ml/data/candidates/phase11_reblocked/train/battery_waste/IMG_20250822_231222_jpg.rf.6da281988f9a7ad6de6a237c773340b0.jpg,4490551a33b15d409125a610a696b6a9e8104afafd0aa7a24f7c0ad5166c648a
ml/data/candidates/reject_v2/train/battery_waste/IMG_20250822_231222_jpg.rf.a82c3365421ee2a0e83bc207acc9927d.jpg,train,battery_waste,train,d8843b17e66408289e9a44c5958fb6388fcfbb44181749a0627efa88c42b09e9,COPIED,ml/data/candidates/phase11_reblocked/train/battery_waste/IMG_20250822_231222_jpg.rf.a82c3365421ee2a0e83bc207acc9927d.jpg,7d7e75562bc5777dccee5b7a4006e40c16684b7169e6b1a61bbdef9af4217738
ml/data/candidates/reject_v2/test/battery_waste/IMG_20250822_231221_1_jpg.rf.187ee67700b833c74c2c876f9f8165c7.jpg,test,battery_waste,train,7a6752f52fd281c1869e4751980d37f6090f9a10a257bdacff9a52f13ef45ad4,COPIED,ml/data/candidates/phase11_reblocked/train/battery_waste/IMG_20250822_231221_1_jpg.rf.187ee67700b833c74c2c876f9f8165c7.jpg,c72694f24797b481bfb8d45876f5b67468d87452f13b636702a7b5c26af9c263
ml/data/candidates/reject_v2/train/battery_waste/IMG_20250803_215603_jpg.rf.6e8709bdcb9736888dd7c4631b35debc.jpg,train,battery_waste,train,581fd94086bee4556908d76f6c2129761f342389ae3cb30c339769593f773296,COPIED,ml/data/candidates/phase11_reblocked/train/battery_waste/IMG_20250803_215603_jpg.rf.6e8709bdcb9736888dd7c4631b35debc.jpg,5576463bb0dcc0e20cc6f0859379eb15532c73994c2ea34a215fdee35fe6cb63
ml/data/candidates/reject_v2/test/battery_waste/IMG_20250803_220321_jpg.rf.18be45e7ac54d6c3c9f1bac80e64585e.jpg,test,battery_waste,train,9f2bd9257f614aecc77e510421321acded80cfc1e93b347503aba0326b4336ff,COPIED,ml/data/candidates/phase11_reblocked/train/battery_waste/IMG_20250803_220321_jpg.rf.18be45e7ac54d6c3c9f1bac80e64585e.jpg,79cc6547c59c8fe6e94b0951125d3aa20bc3327ab14a889d45d0af7b21aba178
ml/data/candidates/reject_v2/train/battery_waste/IMG_20250822_231201_jpg.rf.44bc2d8fc2946f343332124c030baa7e.jpg,train,battery_waste,train,04fea1269984b99c8d0ba9c70c39e2fe0769f5fa553967db60d42607f0f1915a,COPIED,ml/data/candidates/phase11_reblocked/train/battery_waste/IMG_20250822_231201_jpg.rf.44bc2d8fc2946f343332124c030baa7e.jpg,b5e2f233849524faac4e929a44a59b75b500ecdc4d8ea5dde583ed633dbf16c8
ml/data/candidates/reject_v2/validation/battery_waste/IMG_20250822_231201_1_jpg.rf.3ee4562ffda16d4de26bfe881d3c0a8b.jpg,validation,battery_waste,train,04fea1269984b99c8d0ba9c70c39e2fe0769f5fa553967db60d42607f0f1915a,COPIED,ml/data/candidates/phase11_reblocked/train/battery_waste/IMG_20250822_231201_1_jpg.rf.3ee4562ffda16d4de26bfe881d3c0a8b.jpg,d5b7afa03359882c3867e11cefec4ab0b26a672902ceb1f555fbb7f52d6bc3e6
ml/data/candidates/reject_v2/train/battery_waste/IMG_20250822_231254_jpg.rf.b3dfdd482b858b6fb25f930221870e93.jpg,train,battery_waste,train,bd12eda439ef05f462d749bb74c8ead2a06df64218a542fabe3dbaf0c737b331,COPIED,ml/data/candidates/phase11_reblocked/train/battery_waste/IMG_20250822_231254_jpg.rf.b3dfdd482b858b6fb25f930221870e93.jpg,d1ab9c97551e7ca7784ff3a3d21ac1329928e6f8ed6190a2b0a9d4b0452be3b9
ml/data/candidates/reject_v2/train/battery_waste/IMG_20250822_231255_1_jpg.rf.5f530548951cb35377a1987db865ecc0.jpg,train,battery_waste,train,bd12eda439ef05f462d749bb74c8ead2a06df64218a542fabe3dbaf0c737b331,COPIED,ml/data/candidates/phase11_reblocked/train/battery_waste/IMG_20250822_231255_1_jpg.rf.5f530548951cb35377a1987db865ecc0.jpg,87332ccc2836d260ed79ee4cc4e9969a4fcf4e6033d9f9a5e251efe0753d14a1
ml/data/candidates/reject_v2/train/battery_waste/IMG_20250822_231255_1_jpg.rf.e32021e200cdfed4065135f35ee4bca8.jpg,train,battery_waste,train,bd12eda439ef05f462d749bb74c8ead2a06df64218a542fabe3dbaf0c737b331,COPIED,ml/data/candidates/phase11_reblocked/train/battery_waste/IMG_20250822_231255_1_jpg.rf.e32021e200cdfed4065135f35ee4bca8.jpg,1a6c5775ecd45820e386bd1358ecc98b5f756ebcaa540017053797dace3dc590
ml/data/candidates/reject_v2/train/battery_waste/IMG_20250822_231255_1_jpg.rf.e3ebfec65816d16aff257a0db04a3372.jpg,train,battery_waste,train,bd12eda439ef05f462d749bb74c8ead2a06df64218a542fabe3dbaf0c737b331,COPIED,ml/data/candidates/phase11_reblocked/train/battery_waste/IMG_20250822_231255_1_jpg.rf.e3ebfec65816d16aff257a0db04a3372.jpg,b85999a41192541dbbc2aefa910c2d149d40730d4bf24f3b47f1f24786acf69f
ml/data/candidates/reject_v2/train/battery_waste/IMG_20250822_231255_jpg.rf.36ef9257a4993f8d263c5dd4cb7bf7f5.jpg,train,battery_waste,train,bd12eda439ef05f462d749bb74c8ead2a06df64218a542fabe3dbaf0c737b331,COPIED,ml/data/candidates/phase11_reblocked/train/battery_waste/IMG_20250822_231255_jpg.rf.36ef9257a4993f8d263c5dd4cb7bf7f5.jpg,ba4f5b11ade4c25de80c4bb5b714292ca378ea885b0fecce73f312c008690351
ml/data/candidates/reject_v2/train/battery_waste/IMG_20250822_231255_jpg.rf.7c431d715c6666390961f2fd29ff327e.jpg,train,battery_waste,train,bd12eda439ef05f462d749bb74c8ead2a06df64218a542fabe3dbaf0c737b331,COPIED,ml/data/candidates/phase11_reblocked/train/battery_waste/IMG_20250822_231255_jpg.rf.7c431d715c6666390961f2fd29ff327e.jpg,40369c8dcf10b2a276143231747a7e629e984d77a7eda0d636b77b2233d92774
ml/data/candidates/reject_v2/train/battery_waste/IMG_20250822_231255_jpg.rf.874ad060677087d05bc1987392adbfbb.jpg,train,battery_waste,train,bd12eda439ef05f462d749bb74c8ead2a06df64218a542fabe3dbaf0c737b331,COPIED,ml/data/candidates/phase11_reblocked/train/battery_waste/IMG_20250822_231255_jpg.rf.874ad060677087d05bc1987392adbfbb.jpg,0ebf4dabb1fcc6cb1306fd05d0e55f4534b75f10897841dcf87ceb6f60de5548
ml/data/candidates/reject_v2/train/battery_waste/IMG_20250822_231256_1_jpg.rf.aea99bc61d2369c19f56241e3f0876cf.jpg,train,battery_waste,train,bd12eda439ef05f462d749bb74c8ead2a06df64218a542fabe3dbaf0c737b331,COPIED,ml/data/candidates/phase11_reblocked/train/battery_waste/IMG_20250822_231256_1_jpg.rf.aea99bc61d2369c19f56241e3f0876cf.jpg,84fb71e063a07e37fee10b87aa974eeb8fdb644624b12020776e0ada7394f528
ml/data/candidates/reject_v2/train/battery_waste/IMG_20250822_231256_jpg.rf.77db81774004ef79c28d543c812b7e54.jpg,train,battery_waste,train,bd12eda439ef05f462d749bb74c8ead2a06df64218a542fabe3dbaf0c737b331,COPIED,ml/data/candidates/phase11_reblocked/train/battery_waste/IMG_20250822_231256_jpg.rf.77db81774004ef79c28d543c812b7e54.jpg,06802e75b896852635e70b4750b35cf8be6a3dfea468e5dc1270b2d98f14bc11
ml/data/candidates/reject_v2/train/battery_waste/IMG_20250822_231256_jpg.rf.b5c48e1da6f07d1a4053ac81da1a3b2c.jpg,train,battery_waste,train,bd12eda439ef05f462d749bb74c8ead2a06df64218a542fabe3dbaf0c737b331,COPIED,ml/data/candidates/phase11_reblocked/train/battery_waste/IMG_20250822_231256_jpg.rf.b5c48e1da6f07d1a4053ac81da1a3b2c.jpg,ca90df3829a22936944cb8f6debe8f4e82fbdcadb97463d0d1f9c2e079e4d2a6
ml/data/candidates/reject_v2/train/battery_waste/IMG_20250822_231256_jpg.rf.eb79bcac78e20f8fb24d570dc248ba25.jpg,train,battery_waste,train,bd12eda439ef05f462d749bb74c8ead2a06df64218a542fabe3dbaf0c737b331,COPIED,ml/data/candidates/phase11_reblocked/train/battery_waste/IMG_20250822_231256_jpg.rf.eb79bcac78e20f8fb24d570dc248ba25.jpg,97d00182307e3627ec4934cb26ce0257d14907ae023f5b7725acdf573e635056
ml/data/candidates/reject_v2/train/battery_waste/IMG_20250822_231257_jpg.rf.2db20ee5a5e4fda240d26419f21c7ee8.jpg,train,battery_waste,train,bd12eda439ef05f462d749bb74c8ead2a06df64218a542fabe3dbaf0c737b331,COPIED,ml/data/candidates/phase11_reblocked/train/battery_waste/IMG_20250822_231257_jpg.rf.2db20ee5a5e4fda240d26419f21c7ee8.jpg,7c5fa709c7d992fadf20e2d7238d37ba59a4fa906338633940e97d19ad5d839a
ml/data/candidates/reject_v2/train/battery_waste/IMG_20250822_231257_jpg.rf.9f96d6100cf9c4dab496702706a56721.jpg,train,battery_waste,train,bd12eda439ef05f462d749bb74c8ead2a06df64218a542fabe3dbaf0c737b331,COPIED,ml/data/candidates/phase11_reblocked/train/battery_waste/IMG_20250822_231257_jpg.rf.9f96d6100cf9c4dab496702706a56721.jpg,b94e38baa2054b8f349ac882afc66227eff50823e9b3d4f313fac08969f27a29
ml/data/candidates/reject_v2/train/battery_waste/IMG_20250822_231257_jpg.rf.faf456eebb5f026fde69eb667b9ae98e.jpg,train,battery_waste,train,bd12eda439ef05f462d749bb74c8ead2a06df64218a542fabe3dbaf0c737b331,COPIED,ml/data/candidates/phase11_reblocked/train/battery_waste/IMG_20250822_231257_jpg.rf.faf456eebb5f026fde69eb667b9ae98e.jpg,4c8000a98da06b11e74450e6ff732475259c4513ab16e06c518d1bc3c7b11a50
ml/data/candidates/reject_v2/test/battery_waste/IMG_20250822_231202_jpg.rf.1763ce102999536a602ed04b81bf0435.jpg,test,battery_waste,train,a829a5e671025d56e771e270f2847bfb1292a7ac0a04a88e15280c2b5202235f,COPIED,ml/data/candidates/phase11_reblocked/train/battery_waste/IMG_20250822_231202_jpg.rf.1763ce102999536a602ed04b81bf0435.jpg,ab4487157d901a59d64b5776c99671e49452b53d8d9d2631b62b1d984e6a3a71
ml/data/candidates/reject_v2/validation/battery_waste/IMG_20250803_215704_jpg.rf.0d941aee39572d80f929eb96b4640aaa.jpg,validation,battery_waste,train,ca2489d66a22c3faba1f35c49ce980720b0bf0a1bbf8b238a53683b93195b736,COPIED,ml/data/candidates/phase11_reblocked/train/battery_waste/IMG_20250803_215704_jpg.rf.0d941aee39572d80f929eb96b4640aaa.jpg,96b43e9ac32a330d3e9375cc5d0b9e709bf381ec43e0beb1e1be29cd2791089a
ml/data/candidates/reject_v2/train/battery_waste/IMG_20250822_231240_jpg.rf.0be8aa7a50a7759b7663c4d15fee22ee.jpg,train,battery_waste,train,cd3bc21aed7a8aa1ed2f2842a11bfd556129c6c86e21de213242e6391ab9d01e,COPIED,ml/data/candidates/phase11_reblocked/train/battery_waste/IMG_20250822_231240_jpg.rf.0be8aa7a50a7759b7663c4d15fee22ee.jpg,df1635d682c328cc7b3b2ad647a778658ead91a2874e557b3510beb0dabd66f6
ml/data/candidates/reject_v2/train/battery_waste/IMG_20250822_231229_jpg.rf.74aa09b68e143f0d05c0449cf7200946.jpg,train,battery_waste,train,d3809fd19a6d321ef912988464b864888daf1ca62a4fa30b834b61f059d022a1,COPIED,ml/data/candidates/phase11_reblocked/train/battery_waste/IMG_20250822_231229_jpg.rf.74aa09b68e143f0d05c0449cf7200946.jpg,ef4d20f22916f5e43b279f7887355bfcfae072133da26f15d9ef7e9bddbb84e0
ml/data/candidates/reject_v2/train/battery_waste/IMG_20250822_231229_jpg.rf.9286a8bea2098e273163b8a58657f4c0.jpg,train,battery_waste,train,d3809fd19a6d321ef912988464b864888daf1ca62a4fa30b834b61f059d022a1,COPIED,ml/data/candidates/phase11_reblocked/train/battery_waste/IMG_20250822_231229_jpg.rf.9286a8bea2098e273163b8a58657f4c0.jpg,426850ce3e9b360da6e8ff9202c53937ed41499d2ba186c71dac549354f0ebe2
ml/data/candidates/reject_v2/train/battery_waste/IMG_20250822_231229_jpg.rf.e7e6036503debb760b34e87faa28dc66.jpg,train,battery_waste,train,d3809fd19a6d321ef912988464b864888daf1ca62a4fa30b834b61f059d022a1,COPIED,ml/data/candidates/phase11_reblocked/train/battery_waste/IMG_20250822_231229_jpg.rf.e7e6036503debb760b34e87faa28dc66.jpg,035f5631b57e8242c260a350aeb9666c09bc887bce5b484eb369a0364bdce50c
ml/data/candidates/reject_v2/train/battery_waste/IMG_20250822_231210_1_jpg.rf.7e7d56093797517d49417300b1eceb44.jpg,train,battery_waste,train,883a2499b7a891579842943d4f582e7548a66360da9b1221d10337c3f8f288f1,COPIED,ml/data/candidates/phase11_reblocked/train/battery_waste/IMG_20250822_231210_1_jpg.rf.7e7d56093797517d49417300b1eceb44.jpg,7dccb2b73355f1c0e287a109fdd539dc65217b71bc08b6baad5c773e7ebf2636
ml/data/candidates/reject_v2/train/battery_waste/IMG_20250822_231210_1_jpg.rf.b643e8ffe7294d17bcf888a766981b1a.jpg,train,battery_waste,train,883a2499b7a891579842943d4f582e7548a66360da9b1221d10337c3f8f288f1,COPIED,ml/data/candidates/phase11_reblocked/train/battery_waste/IMG_20250822_231210_1_jpg.rf.b643e8ffe7294d17bcf888a766981b1a.jpg,b2a9190438d9ecddbd18f9dd7ff1c1cd153661c81c2c7d1b4e7d63f9864289f2
ml/data/candidates/reject_v2/train/battery_waste/IMG_20250822_231210_1_jpg.rf.bf5f830d9485eb8d3bf5ca84d009a28d.jpg,train,battery_waste,train,883a2499b7a891579842943d4f582e7548a66360da9b1221d10337c3f8f288f1,COPIED,ml/data/candidates/phase11_reblocked/train/battery_waste/IMG_20250822_231210_1_jpg.rf.bf5f830d9485eb8d3bf5ca84d009a28d.jpg,f494c712980bdbe81813f30d92be540cdbb8da2371981fc25710cc42ed598053
ml/data/candidates/reject_v2/train/battery_waste/IMG_20250822_231210_jpg.rf.3e928d15c853583abf8b89eff296af81.jpg,train,battery_waste,train,883a2499b7a891579842943d4f582e7548a66360da9b1221d10337c3f8f288f1,COPIED,ml/data/candidates/phase11_reblocked/train/battery_waste/IMG_20250822_231210_jpg.rf.3e928d15c853583abf8b89eff296af81.jpg,b96bf989b15f2f760618b0e637389096be4deb2ca0916cd1c59e72cb3badb47b
ml/data/candidates/reject_v2/train/battery_waste/IMG_20250822_231211_1_jpg.rf.81b7eb1b4bb750b87e50a18ac5a90583.jpg,train,battery_waste,train,883a2499b7a891579842943d4f582e7548a66360da9b1221d10337c3f8f288f1,COPIED,ml/data/candidates/phase11_reblocked/train/battery_waste/IMG_20250822_231211_1_jpg.rf.81b7eb1b4bb750b87e50a18ac5a90583.jpg,056314d42cc5563845a9615036c5ce421e0353abde2fc8dbb1b6cc38fa2abdb3
ml/data/candidates/reject_v2/test/battery_waste/IMG_20250822_231209_1_jpg.rf.fcf651145e2d95b81efe4e9904f3cfed.jpg,test,battery_waste,train,883a2499b7a891579842943d4f582e7548a66360da9b1221d10337c3f8f288f1,COPIED,ml/data/candidates/phase11_reblocked/train/battery_waste/IMG_20250822_231209_1_jpg.rf.fcf651145e2d95b81efe4e9904f3cfed.jpg,4c94ae150118519e0764f9b2a143ff68f2f5ffddb66904bfa03e1f3a031f89a9
ml/data/candidates/reject_v2/train/battery_waste/IMG_20250822_231220_1_jpg.rf.32d046cd028697cf3c99f250db87866d.jpg,train,battery_waste,train,20aaa5d26aab915a714fb6000ee8059ba7008fa509571ac9533256990187bd47,COPIED,ml/data/candidates/phase11_reblocked/train/battery_waste/IMG_20250822_231220_1_jpg.rf.32d046cd028697cf3c99f250db87866d.jpg,d8ccc6f2a489f7511f488b2563e5c39dc39e0076b27517b3186bf495fe3c11f0
ml/data/candidates/reject_v2/train/battery_waste/IMG_20250822_231221_jpg.rf.f1b09c45232ce7f53d9929c1a6024cc0.jpg,train,battery_waste,train,20aaa5d26aab915a714fb6000ee8059ba7008fa509571ac9533256990187bd47,COPIED,ml/data/candidates/phase11_reblocked/train/battery_waste/IMG_20250822_231221_jpg.rf.f1b09c45232ce7f53d9929c1a6024cc0.jpg,861e656422db093747d7abefefa1eb66affcc69b8443bd7d925b56973314d6c2
ml/data/candidates/reject_v2/test/battery_waste/IMG_20250803_220311_jpg.rf.72c9015fb578049a797e0d93bd65aee3.jpg,test,battery_waste,train,2d0b36e33b42c26c2f040d7976864af366b48c885f7f810cb293f7c015a9d44c,COPIED,ml/data/candidates/phase11_reblocked/train/battery_waste/IMG_20250803_220311_jpg.rf.72c9015fb578049a797e0d93bd65aee3.jpg,0ba29832d53dcad6f8d92456f8906413a311db1da66b8f7e6c34fe7566989c76
ml/data/candidates/reject_v2/test/battery_waste/IMG_20250803_220312_jpg.rf.07000a53f58fd8b7ca0a0d97613d25f3.jpg,test,battery_waste,train,2d0b36e33b42c26c2f040d7976864af366b48c885f7f810cb293f7c015a9d44c,COPIED,ml/data/candidates/phase11_reblocked/train/battery_waste/IMG_20250803_220312_jpg.rf.07000a53f58fd8b7ca0a0d97613d25f3.jpg,279076bebccecdd7dc92c526f30fd7540d2234099e58e7fe97a9335d9101e899
ml/data/candidates/reject_v2/test/battery_waste/IMG_20250822_231153_1_jpg.rf.055d65f1f0714e9fda6d890f79bc15ab.jpg,test,battery_waste,train,476b12af7c5bdefd6eee3ab3f6a39f41b0c03bcb9e274a965c14c99c1ad1809a,COPIED,ml/data/candidates/phase11_reblocked/train/battery_waste/IMG_20250822_231153_1_jpg.rf.055d65f1f0714e9fda6d890f79bc15ab.jpg,f812eb53457cceedb3ee63c7316cbc50859c2d83fccf0b5c0342fce3633136ed
ml/data/candidates/reject_v2/test/battery_waste/IMG_20250822_231153_jpg.rf.c0581636936ffd3f551a62ae4e3aadb3.jpg,test,battery_waste,train,476b12af7c5bdefd6eee3ab3f6a39f41b0c03bcb9e274a965c14c99c1ad1809a,COPIED,ml/data/candidates/phase11_reblocked/train/battery_waste/IMG_20250822_231153_jpg.rf.c0581636936ffd3f551a62ae4e3aadb3.jpg,b9536ef77a8dc91338a7507a41abdaee5bd96eb8e47f4e8573bc4bcd7cbe7b7e
ml/data/candidates/reject_v2/validation/battery_waste/IMG_20250803_215807_jpg.rf.949f4e1a94325c40ad658940123c68d8.jpg,validation,battery_waste,train,85fb4e002e525ff8c516d07b3f8400b0345c03b4418db7fc2b192a24c2a1e60f,COPIED,ml/data/candidates/phase11_reblocked/train/battery_waste/IMG_20250803_215807_jpg.rf.949f4e1a94325c40ad658940123c68d8.jpg,b0e033fc2443bb338ef6c2fbc41eb2b9614a2f5723215418e7636fb5178b06fb
ml/data/candidates/reject_v2/validation/battery_waste/IMG_20250803_215808_jpg.rf.8a06ce738b95b31fc02705ce61b6d0ad.jpg,validation,battery_waste,train,85fb4e002e525ff8c516d07b3f8400b0345c03b4418db7fc2b192a24c2a1e60f,COPIED,ml/data/candidates/phase11_reblocked/train/battery_waste/IMG_20250803_215808_jpg.rf.8a06ce738b95b31fc02705ce61b6d0ad.jpg,2087cbdd00d20bd0274ab5a2481d86358c4d80451eb96607e8a95ac4e7b68e1f
ml/data/candidates/reject_v2/test/battery_waste/IMG_20250803_220322_jpg.rf.4ad5d2a122e2ec7a03c34971a4269fd9.jpg,test,battery_waste,train,62d35cbb1181be6485abe2759e3b6fbef9db6ab97f23f35a48971e4b960a69bc,COPIED,ml/data/candidates/phase11_reblocked/train/battery_waste/IMG_20250803_220322_jpg.rf.4ad5d2a122e2ec7a03c34971a4269fd9.jpg,2b57ee0f0b9a075263b7d4e880dd83e716aa14d97605d26243ae26a46fa17996
ml/data/candidates/reject_v2/train/battery_waste/IMG_20250822_231136_1_jpg.rf.dfd740b56687c8a262b0ca3521ea517e.jpg,train,battery_waste,train,ba4d11d687616891bf7a444b2f143d70d84b9c89163a8cdae785b73f6b2bef80,COPIED,ml/data/candidates/phase11_reblocked/train/battery_waste/IMG_20250822_231136_1_jpg.rf.dfd740b56687c8a262b0ca3521ea517e.jpg,d3479f2122be73739ed53fe8d4acae629f15fd16592127ba5095f161ea026901
ml/data/candidates/reject_v2/train/battery_waste/IMG_20250822_231136_jpg.rf.744ffa1266ae25359cf64542d5c6e0ef.jpg,train,battery_waste,train,ba4d11d687616891bf7a444b2f143d70d84b9c89163a8cdae785b73f6b2bef80,COPIED,ml/data/candidates/phase11_reblocked/train/battery_waste/IMG_20250822_231136_jpg.rf.744ffa1266ae25359cf64542d5c6e0ef.jpg,b675cd9fb0d96068d59670d6bb44643ef8801e7c4e1f62c34a3bec4cb6015e76
ml/data/candidates/reject_v2/train/battery_waste/IMG_20250822_231136_jpg.rf.892f7aaf1ac6a2fe9c249f6744bb872e.jpg,train,battery_waste,train,ba4d11d687616891bf7a444b2f143d70d84b9c89163a8cdae785b73f6b2bef80,COPIED,ml/data/candidates/phase11_reblocked/train/battery_waste/IMG_20250822_231136_jpg.rf.892f7aaf1ac6a2fe9c249f6744bb872e.jpg,949ef9132a24becae50a3f56fd7666e06681565bf92bd482e1b435501d4fb7d9
ml/data/candidates/reject_v2/train/battery_waste/IMG_20250822_231136_jpg.rf.facafbb903d0e49f4895b43e2448f178.jpg,train,battery_waste,train,ba4d11d687616891bf7a444b2f143d70d84b9c89163a8cdae785b73f6b2bef80,COPIED,ml/data/candidates/phase11_reblocked/train/battery_waste/IMG_20250822_231136_jpg.rf.facafbb903d0e49f4895b43e2448f178.jpg,3c6a8c941ce70c9698908bca4e5c7d6bb48654f5aab0bd44ae839715b0ad0da2
ml/data/candidates/reject_v2/train/battery_waste/IMG_20250822_231137_jpg.rf.082d8b78b35dc56a1b88168f6e387d7d.jpg,train,battery_waste,train,ba4d11d687616891bf7a444b2f143d70d84b9c89163a8cdae785b73f6b2bef80,COPIED,ml/data/candidates/phase11_reblocked/train/battery_waste/IMG_20250822_231137_jpg.rf.082d8b78b35dc56a1b88168f6e387d7d.jpg,9e7beefb21aaeafc1d572ca745a21fc437df8f132da1e506b15571ac5f165a8f
ml/data/candidates/reject_v2/train/battery_waste/IMG_20250822_231137_jpg.rf.96ed63464751f15129b76e9093788b0a.jpg,train,battery_waste,train,ba4d11d687616891bf7a444b2f143d70d84b9c89163a8cdae785b73f6b2bef80,COPIED,ml/data/candidates/phase11_reblocked/train/battery_waste/IMG_20250822_231137_jpg.rf.96ed63464751f15129b76e9093788b0a.jpg,9c2b844db62f10983500332353fe2fb31982f4ef564062eb9331f7c9c2ee694e
ml/data/candidates/reject_v2/train/battery_waste/IMG_20250822_231137_jpg.rf.af50867b8ea72e358cc90be68f1b3739.jpg,train,battery_waste,train,ba4d11d687616891bf7a444b2f143d70d84b9c89163a8cdae785b73f6b2bef80,COPIED,ml/data/candidates/phase11_reblocked/train/battery_waste/IMG_20250822_231137_jpg.rf.af50867b8ea72e358cc90be68f1b3739.jpg,7c6cc43d68b1a1c19ca9086468e6aa8054075e8a3a2d8ac0d783ed74204590e3
ml/data/candidates/reject_v2/train/battery_waste/IMG_20250822_231138_jpg.rf.0edbeb921cea2c27bf09a0a7aea04b04.jpg,train,battery_waste,train,ba4d11d687616891bf7a444b2f143d70d84b9c89163a8cdae785b73f6b2bef80,COPIED,ml/data/candidates/phase11_reblocked/train/battery_waste/IMG_20250822_231138_jpg.rf.0edbeb921cea2c27bf09a0a7aea04b04.jpg,83abeac2c90021e0efa72ea56f8f676eabefc73eedb12802f1cba2f75f7a73e1
ml/data/candidates/reject_v2/train/battery_waste/IMG_20250822_231138_jpg.rf.327c80badfebf025a88bbe352e1fd3cc.jpg,train,battery_waste,train,ba4d11d687616891bf7a444b2f143d70d84b9c89163a8cdae785b73f6b2bef80,COPIED,ml/data/candidates/phase11_reblocked/train/battery_waste/IMG_20250822_231138_jpg.rf.327c80badfebf025a88bbe352e1fd3cc.jpg,5cba4c6d5a7088990cdf9fa05f5e27d76bed23f437c3d7819125f04d71c4f60b
ml/data/candidates/reject_v2/train/battery_waste/IMG_20250822_231138_jpg.rf.c2066d8066e40dd14cf4c6af5b886414.jpg,train,battery_waste,train,ba4d11d687616891bf7a444b2f143d70d84b9c89163a8cdae785b73f6b2bef80,COPIED,ml/data/candidates/phase11_reblocked/train/battery_waste/IMG_20250822_231138_jpg.rf.c2066d8066e40dd14cf4c6af5b886414.jpg,56d9d315b8bb47d943e9a170caecb6f47b5ad68475dbf6eab82da9c898578e82
ml/data/candidates/reject_v2/validation/battery_waste/IMG_20250822_231240_1_jpg.rf.29e3db85d081590d2c545b6a25bf448f.jpg,validation,battery_waste,validation,ee6399caf2425ffac9b21c5b4f0119a1e870cd2eb2ae1855ff6b25beb13bc871,COPIED,ml/data/candidates/phase11_reblocked/validation/battery_waste/IMG_20250822_231240_1_jpg.rf.29e3db85d081590d2c545b6a25bf448f.jpg,1d030e0b7c8bd37b62ac135502b9a00ec5fdc2ee81c47c05dd7f915e8a20715b
ml/data/candidates/reject_v2/test/battery_waste/IMG_20250822_231155_jpg.rf.504426a470f2b291095627bb367e7dad.jpg,test,battery_waste,validation,91900f3b0372f5a954aed93dc8c8a64f3cf953b7a558cd8df56578720eb8545d,COPIED,ml/data/candidates/phase11_reblocked/validation/battery_waste/IMG_20250822_231155_jpg.rf.504426a470f2b291095627bb367e7dad.jpg,133e4c00a8875ce7bc9929649ae357d47cdf9622a6d26463f16c924be61d9a20
ml/data/candidates/reject_v2/train/battery_waste/IMG_20250803_215638_jpg.rf.ba4f3127b341131ea269136e3d2b124e.jpg,train,battery_waste,validation,7654f5f2cc9c58d66dd2ae48dfcaecf668fb2827a3f1d113e4fd696a80af74f3,SAME_GROUP_HOLDOUT_SIBLING_NOT_EVALUATED,,91942de1bdc954e8858d2b6e1cddd432a854328518a9f15f467c035ff2053f9b
ml/data/candidates/reject_v2/train/battery_waste/IMG_20250803_215648_jpg.rf.76ccb3808e396afdab350d5bc97f6366.jpg,train,battery_waste,validation,7654f5f2cc9c58d66dd2ae48dfcaecf668fb2827a3f1d113e4fd696a80af74f3,SAME_GROUP_HOLDOUT_SIBLING_NOT_EVALUATED,,f2ffbc16e01dbb5c0e470209272a21da444e3d4c6d24d719717e60e0f5998dce
ml/data/candidates/reject_v2/train/battery_waste/IMG_20250803_215648_jpg.rf.c339d9561861e32aec3649527f4423f7.jpg,train,battery_waste,validation,7654f5f2cc9c58d66dd2ae48dfcaecf668fb2827a3f1d113e4fd696a80af74f3,COPIED,ml/data/candidates/phase11_reblocked/validation/battery_waste/IMG_20250803_215648_jpg.rf.c339d9561861e32aec3649527f4423f7.jpg,24e39c1924b8b1e531771fed5755b390b79a871b2abaf6e27c0f3eac338fee00
ml/data/candidates/reject_v2/train/battery_waste/IMG_20250803_215648_jpg.rf.e06da5e80cf6d6815419245cec540057.jpg,train,battery_waste,validation,7654f5f2cc9c58d66dd2ae48dfcaecf668fb2827a3f1d113e4fd696a80af74f3,SAME_GROUP_HOLDOUT_SIBLING_NOT_EVALUATED,,2c74d65d89c07d4fef57de0804fe53dca8b2a88415d2b8d644512032708bcf3b
ml/data/candidates/reject_v2/validation/battery_waste/IMG_20250803_215639_jpg.rf.fbe999007ecf4fd037195142c1702267.jpg,validation,battery_waste,validation,7654f5f2cc9c58d66dd2ae48dfcaecf668fb2827a3f1d113e4fd696a80af74f3,SAME_GROUP_HOLDOUT_SIBLING_NOT_EVALUATED,,eccbe839337f4491b86844162b4eed17d3bcfaf763d00e71a8ccd4844a88d084
ml/data/candidates/reject_v2/train/battery_waste/IMG_20250822_231228_jpg.rf.5878b0c9eb72ca9d1cdcfc596fc61234.jpg,train,battery_waste,validation,f6bee2ae822604ac162cb1e3f0d1060bd6c2e94806676f13a16c6b097c7f2088,COPIED,ml/data/candidates/phase11_reblocked/validation/battery_waste/IMG_20250822_231228_jpg.rf.5878b0c9eb72ca9d1cdcfc596fc61234.jpg,eea46ec6b6aae11525f5ffa98f225c1d6559ccabb631c3d7cd222e5c037d32eb
ml/data/candidates/reject_v2/validation/battery_waste/IMG_20250822_231228_1_jpg.rf.8374d1d76854c1115c33fd7b7bedb107.jpg,validation,battery_waste,validation,68b87b7932adc9101fe438c55a495ee114d3680e5da56226f41b4ad71728c833,COPIED,ml/data/candidates/phase11_reblocked/validation/battery_waste/IMG_20250822_231228_1_jpg.rf.8374d1d76854c1115c33fd7b7bedb107.jpg,a449859fbf10af3f12e5bffdba23128c401e240c9e2ab014f997a00dcade7169
ml/data/candidates/reject_v2/train/battery_waste/IMG_20250803_215738_jpg.rf.576b5312e98cc236b1ed1246493119c6.jpg,train,battery_waste,validation,862059a0f575b19890a265ff9ebe439e782f9a6efb41d6fd5ee04cdd88219d84,COPIED,ml/data/candidates/phase11_reblocked/validation/battery_waste/IMG_20250803_215738_jpg.rf.576b5312e98cc236b1ed1246493119c6.jpg,4c0357359e41bb8c34cbc6b444e044ad11ecbb0a7af2b7241854a40fefc0d843
ml/data/candidates/reject_v2/validation/battery_waste/IMG_20250803_215740_jpg.rf.758acdd6ad672a13af608eafffc805dd.jpg,validation,battery_waste,validation,fcc94c667aac0210e0aa8825473f93d1830a707576b421df5a280eb697f1a40c,COPIED,ml/data/candidates/phase11_reblocked/validation/battery_waste/IMG_20250803_215740_jpg.rf.758acdd6ad672a13af608eafffc805dd.jpg,4fe9a77e48b19ebce49a264158de820c4c0feb39577071822ebc313f6d38cc16
ml/data/candidates/reject_v2/train/battery_waste/IMG_20250803_215753_jpg.rf.665f84f766199c759bdabee414daf5ad.jpg,train,battery_waste,test,3c8be90abc7a8a97b35b8993deca440e76870941db1e39b2ff8c8e332b8aefd2,COPIED,ml/data/candidates/phase11_reblocked/test/battery_waste/IMG_20250803_215753_jpg.rf.665f84f766199c759bdabee414daf5ad.jpg,1d4fc8ee64b88c0f91c03661901ba928ab2e98d84f9c033d5a0c7879b8ece3bb
ml/data/candidates/reject_v2/train/battery_waste/IMG_20250803_215753_jpg.rf.6b4e8f027d529c142a005c8042a782a1.jpg,train,battery_waste,test,3c8be90abc7a8a97b35b8993deca440e76870941db1e39b2ff8c8e332b8aefd2,SAME_GROUP_HOLDOUT_SIBLING_NOT_EVALUATED,,666e8edd99c3ddc739d733afc46b6818fd3cc710df86bdf2e734712aef27c91f
ml/data/candidates/reject_v2/train/battery_waste/IMG_20250803_215753_jpg.rf.fcef9d6acea49b62724194527689a086.jpg,train,battery_waste,test,3c8be90abc7a8a97b35b8993deca440e76870941db1e39b2ff8c8e332b8aefd2,SAME_GROUP_HOLDOUT_SIBLING_NOT_EVALUATED,,692ad29d575dc445694eb9ed11a38df9fa50338af9774db9e0ef3f8b5344e810
ml/data/candidates/reject_v2/train/battery_waste/IMG_20250803_215755_jpg.rf.02fea5708529fa5762186f65ab447c9e.jpg,train,battery_waste,test,3c8be90abc7a8a97b35b8993deca440e76870941db1e39b2ff8c8e332b8aefd2,SAME_GROUP_HOLDOUT_SIBLING_NOT_EVALUATED,,bff9fb1a08b8d43bae4bdfec190c5a7af722a1846b0c3889eecff059309b63fa
ml/data/candidates/reject_v2/train/battery_waste/IMG_20250803_215755_jpg.rf.86629ff209a27b91f91ada50042844d8.jpg,train,battery_waste,test,3c8be90abc7a8a97b35b8993deca440e76870941db1e39b2ff8c8e332b8aefd2,SAME_GROUP_HOLDOUT_SIBLING_NOT_EVALUATED,,bb33ca62e4ace9f92119ced2201ec910e547b66f0f26aed34c60eb8c5c6e7862
ml/data/candidates/reject_v2/train/battery_waste/IMG_20250803_215755_jpg.rf.ee180e7cf5243b0f31a037d431aac714.jpg,train,battery_waste,test,3c8be90abc7a8a97b35b8993deca440e76870941db1e39b2ff8c8e332b8aefd2,SAME_GROUP_HOLDOUT_SIBLING_NOT_EVALUATED,,a5fdd7616df6af21aba09f7491b5edd59636d50354612370b0fb9c9351c1b214
ml/data/candidates/reject_v2/train/battery_waste/IMG_20250803_220320_1_jpg.rf.4004befc73e0f7a956fcd25d6de4037b.jpg,train,battery_waste,test,8987c639d28b2c203b7af237ce5307e6869810a753e822c9526571c5fd638569,SAME_GROUP_HOLDOUT_SIBLING_NOT_EVALUATED,,ad42835caa15c96275dbd114c2ab1ed9c20bc9157bdc04710ae549e1b5096295
ml/data/candidates/reject_v2/train/battery_waste/IMG_20250803_220320_jpg.rf.10f96e152fbca7bb72a58524897b976a.jpg,train,battery_waste,test,8987c639d28b2c203b7af237ce5307e6869810a753e822c9526571c5fd638569,COPIED,ml/data/candidates/phase11_reblocked/test/battery_waste/IMG_20250803_220320_jpg.rf.10f96e152fbca7bb72a58524897b976a.jpg,3f2830dcdfef1be884390510264d89f54a1d73a52beb5c00bf1f40bf04a29800
ml/data/candidates/reject_v2/train/battery_waste/IMG_20250803_220323_1_jpg.rf.573457ae657057432e59564c621a62b2.jpg,train,battery_waste,test,8987c639d28b2c203b7af237ce5307e6869810a753e822c9526571c5fd638569,SAME_GROUP_HOLDOUT_SIBLING_NOT_EVALUATED,,d9db9f1b7c219ae65618a590c9f7bce93460b24a79e273bb592af81608000db8
ml/data/candidates/reject_v2/train/battery_waste/IMG_20250803_220323_jpg.rf.dae4ff08759027feadbee436a4098da3.jpg,train,battery_waste,test,8987c639d28b2c203b7af237ce5307e6869810a753e822c9526571c5fd638569,SAME_GROUP_HOLDOUT_SIBLING_NOT_EVALUATED,,64fd70ded84e86b4f416a61aef403771b7225cf5d4edcf2fa13e672dd98304b9
ml/data/candidates/reject_v2/train/battery_waste/IMG_20250822_231138_1_jpg.rf.0ac4f5a7cb3daffeb355a4abc877a794.jpg,train,battery_waste,test,b830472c1ab86918a9bbcc7a18e72a10c9158a1e1402b7a761ff0619df538aa0,SAME_GROUP_HOLDOUT_SIBLING_NOT_EVALUATED,,97bc4c6bef16e3dcca270ae35431b9fd58dd52eb5ea9c7d7edcab57af2e074eb
ml/data/candidates/reject_v2/train/battery_waste/IMG_20250822_231138_1_jpg.rf.3868dbe6e9b2118cafab7f0bd82fa478.jpg,train,battery_waste,test,b830472c1ab86918a9bbcc7a18e72a10c9158a1e1402b7a761ff0619df538aa0,COPIED,ml/data/candidates/phase11_reblocked/test/battery_waste/IMG_20250822_231138_1_jpg.rf.3868dbe6e9b2118cafab7f0bd82fa478.jpg,453cf40ab284964de9ae2c49357537807b8e28626ddd8d6401807461266f323f
ml/data/candidates/reject_v2/train/battery_waste/IMG_20250822_231138_1_jpg.rf.793734fc9cc4adbb935973beb2fd4034.jpg,train,battery_waste,test,b830472c1ab86918a9bbcc7a18e72a10c9158a1e1402b7a761ff0619df538aa0,SAME_GROUP_HOLDOUT_SIBLING_NOT_EVALUATED,,693415244b92d6274996a540afa2ed424a9626325a5034bec1b922d87e775fe0
ml/data/candidates/reject_v2/train/battery_waste/IMG_20250822_231151_jpg.rf.2607ab2dc8acaf81e39a0adf8e0950f7.jpg,train,battery_waste,test,7b1beb39efead1e260d5f13c7de754ec9431000574955dee6a5031e608ab7726,COPIED,ml/data/candidates/phase11_reblocked/test/battery_waste/IMG_20250822_231151_jpg.rf.2607ab2dc8acaf81e39a0adf8e0950f7.jpg,d6b5f32b32a96cd0494eeae128c7ea62193f3b22d7e3f9c5c707cec505c9059a
ml/data/candidates/reject_v2/train/battery_waste/IMG_20250822_231200_jpg.rf.0f6db813145281c72c353be21cbd72aa.jpg,train,battery_waste,test,493a7d6ac41f48c168ca62dea4f888036ce7f783816fb1b7cd11af09854149e6,COPIED,ml/data/candidates/phase11_reblocked/test/battery_waste/IMG_20250822_231200_jpg.rf.0f6db813145281c72c353be21cbd72aa.jpg,aa5845f5a51cb21fd98470e7616b6e928bccf9bc5f92c36818ecb69f31531b5f
ml/data/candidates/reject_v2/train/battery_waste/IMG_20250822_231200_jpg.rf.81019355e8515e8e16bfa79d6ab2b910.jpg,train,battery_waste,test,493a7d6ac41f48c168ca62dea4f888036ce7f783816fb1b7cd11af09854149e6,SAME_GROUP_HOLDOUT_SIBLING_NOT_EVALUATED,,d19b70a2b67363222e687997038018cf7db8335bf4ddd76351ba76f342b93999
ml/data/candidates/reject_v2/train/battery_waste/IMG_20250822_231200_jpg.rf.ff53aaba394c0304da0a909829ab90c5.jpg,train,battery_waste,test,493a7d6ac41f48c168ca62dea4f888036ce7f783816fb1b7cd11af09854149e6,SAME_GROUP_HOLDOUT_SIBLING_NOT_EVALUATED,,d1e34f6ba11f505b65702cc0bca08ede6d59460c222bd309b113e4b1c31ad62d
ml/data/candidates/reject_v2/train/battery_waste/IMG_20250803_215632_jpg.rf.e24ffa46f609d1debb2febc7da520dae.jpg,train,battery_waste,test,9f1729e9d2fdca6db56deb573d752c6236752b9fcdaece73b420d85d0210b74c,COPIED,ml/data/candidates/phase11_reblocked/test/battery_waste/IMG_20250803_215632_jpg.rf.e24ffa46f609d1debb2febc7da520dae.jpg,9503169bebb6396c87869bcdcb765b550ade5fe19789d80727009131238c09b4
ml/data/candidates/reject_v2/train/battery_waste/IMG_20250803_220313_jpg.rf.64f586e62091d23ee0746e2a666392b5.jpg,train,battery_waste,test,cc0ab59add6505925e0281c1fa48dce1dd1b2c277b1c1fb2ede1aeafc1f0a2c0,COPIED,ml/data/candidates/phase11_reblocked/test/battery_waste/IMG_20250803_220313_jpg.rf.64f586e62091d23ee0746e2a666392b5.jpg,475febc1be8d4188ea1951eaeff59c51702dd64e2da725e5c130cfb02043fe98
ml/data/candidates/reject_v2/test/battery_waste/IMG_20250803_215701_jpg.rf.352a524931e1295dac040a7f6381d4f1.jpg,test,battery_waste,test,7703a44a7718fcc0c54d1349179345594631e2afebf388b1e35287ab4efbb5d3,COPIED,ml/data/candidates/phase11_reblocked/test/battery_waste/IMG_20250803_215701_jpg.rf.352a524931e1295dac040a7f6381d4f1.jpg,e6899e75f2e5ecbcf7a7f329a0639e988ed80ef21e6b61443cbb7dd4eeb2b041
ml/data/candidates/reject_v2/train/keyboard/IMG_20250822_140208_jpg.rf.56c420fec3a0651d4c6c50df49405659.jpg,train,keyboard,train,1880705df89fdeee216aa14b3a1c07e62550492f71e997709158ad07925f8781,COPIED,ml/data/candidates/phase11_reblocked/train/keyboard/IMG_20250822_140208_jpg.rf.56c420fec3a0651d4c6c50df49405659.jpg,c799fa72640dcaf0f8f5baedd5cd18b2d6e3f45f56cf36da8331a4e4489e6e99
ml/data/candidates/reject_v2/train/keyboard/IMG_20250822_140208_jpg.rf.7ce01b155d47798216aaebd83d3b1879.jpg,train,keyboard,train,1880705df89fdeee216aa14b3a1c07e62550492f71e997709158ad07925f8781,COPIED,ml/data/candidates/phase11_reblocked/train/keyboard/IMG_20250822_140208_jpg.rf.7ce01b155d47798216aaebd83d3b1879.jpg,0a6230add4460177e8d5dabe25b094575f339e53197d5b0bbb7ea8a100f84878
ml/data/candidates/reject_v2/train/keyboard/IMG_20250822_140208_jpg.rf.e99f9f8c7325cd974749b65b0198473f.jpg,train,keyboard,train,1880705df89fdeee216aa14b3a1c07e62550492f71e997709158ad07925f8781,COPIED,ml/data/candidates/phase11_reblocked/train/keyboard/IMG_20250822_140208_jpg.rf.e99f9f8c7325cd974749b65b0198473f.jpg,080f628dd420c11f0691f3c3abcd75aa5e50d1c35dc8f75ac7fc14dc7dcf4f02
ml/data/candidates/reject_v2/train/keyboard/IMG_20250822_135857_jpg.rf.203ff1d415de4f0edb8dd6bc5850cb1c.jpg,train,keyboard,train,542630fd4b6afb9ff2b60287df3de35145551f7c2bb03be1e394a04b3c563bcd,COPIED,ml/data/candidates/phase11_reblocked/train/keyboard/IMG_20250822_135857_jpg.rf.203ff1d415de4f0edb8dd6bc5850cb1c.jpg,4784cd28a5f8194ffa758acd84646796c9ca7edfbc61de3f8f269c284bb09c61
ml/data/candidates/reject_v2/train/keyboard/IMG_20250822_135900_jpg.rf.453e2314c45b42bcd284114778b8c551.jpg,train,keyboard,train,542630fd4b6afb9ff2b60287df3de35145551f7c2bb03be1e394a04b3c563bcd,COPIED,ml/data/candidates/phase11_reblocked/train/keyboard/IMG_20250822_135900_jpg.rf.453e2314c45b42bcd284114778b8c551.jpg,cd93c5a4681255dd867a66ef28103fffc59a7c83c56c7362a17c47ad3662358a
ml/data/candidates/reject_v2/train/keyboard/IMG_20250822_140159_jpg.rf.74aaa63443e33b800cd53eccd5b716e3.jpg,train,keyboard,train,d5b5543f500c29acfeb1151c1e4e2f640bf9a07690aa64fd353b2cbcf16c7ad2,COPIED,ml/data/candidates/phase11_reblocked/train/keyboard/IMG_20250822_140159_jpg.rf.74aaa63443e33b800cd53eccd5b716e3.jpg,c91e2e068a33b33eb9228010f68ab2059558d80b865773da7e6c1e2764eb2a01
ml/data/candidates/reject_v2/train/keyboard/IMG_20250822_140200_jpg.rf.af2503a2670d2f94e469c0740775525b.jpg,train,keyboard,train,d5b5543f500c29acfeb1151c1e4e2f640bf9a07690aa64fd353b2cbcf16c7ad2,COPIED,ml/data/candidates/phase11_reblocked/train/keyboard/IMG_20250822_140200_jpg.rf.af2503a2670d2f94e469c0740775525b.jpg,ca637244d2f619e101ce2a50cca6e09049a9c1b87593ec3d7ecb9ce43ec1784a
ml/data/candidates/reject_v2/train/keyboard/IMG_20250822_140202_jpg.rf.c0a630e65cc7b8642eff38483bc89ebc.jpg,train,keyboard,train,d5b5543f500c29acfeb1151c1e4e2f640bf9a07690aa64fd353b2cbcf16c7ad2,COPIED,ml/data/candidates/phase11_reblocked/train/keyboard/IMG_20250822_140202_jpg.rf.c0a630e65cc7b8642eff38483bc89ebc.jpg,10af46d4957a2c74c12e9f877a0f68cfb52e52f04d911b5010fe409253a3505e
ml/data/candidates/reject_v2/train/keyboard/IMG_20250822_140202_jpg.rf.d759572e9dd7370e19527cfe9802bd80.jpg,train,keyboard,train,d5b5543f500c29acfeb1151c1e4e2f640bf9a07690aa64fd353b2cbcf16c7ad2,COPIED,ml/data/candidates/phase11_reblocked/train/keyboard/IMG_20250822_140202_jpg.rf.d759572e9dd7370e19527cfe9802bd80.jpg,d80246f0a034e6b1bed04a308da14261787d41eae3743d60ee51cf057839ba44
ml/data/candidates/reject_v2/train/keyboard/IMG_20250822_140202_jpg.rf.e796daa4eb60ba47be53f0d32ac84a45.jpg,train,keyboard,train,d5b5543f500c29acfeb1151c1e4e2f640bf9a07690aa64fd353b2cbcf16c7ad2,COPIED,ml/data/candidates/phase11_reblocked/train/keyboard/IMG_20250822_140202_jpg.rf.e796daa4eb60ba47be53f0d32ac84a45.jpg,b7f2f4dbd8856306cb6ffae9c6bdc995ba19e7006fe920c012d06bb4fcc63f8c
ml/data/candidates/reject_v2/validation/keyboard/IMG_20250822_140009_jpg.rf.f15772bec2401f30e84df176faf9bf5b.jpg,validation,keyboard,train,8565398c874c0a6155cac8b4bca2463b10de8fe6585d66b0ec149a6e096319b4,COPIED,ml/data/candidates/phase11_reblocked/train/keyboard/IMG_20250822_140009_jpg.rf.f15772bec2401f30e84df176faf9bf5b.jpg,4ad7fa72dc114810cee1586f2d4d746cf29fd6e28f41cf46dcb76685d84972a3
ml/data/candidates/reject_v2/test/keyboard/IMG_20250822_140248_jpg.rf.961c47dc7a9179c5684484af5d6a9b4f.jpg,test,keyboard,train,25a672537a2b071e66c564d0c528474ed6f6fac8585194363080df8a28af17e8,COPIED,ml/data/candidates/phase11_reblocked/train/keyboard/IMG_20250822_140248_jpg.rf.961c47dc7a9179c5684484af5d6a9b4f.jpg,a48d524d9220a525e8cf3126157a4c650ff3365c3579f3ae02da0434b44e0fdf
ml/data/candidates/reject_v2/train/keyboard/IMG_20250822_140316_jpg.rf.2120c5421f7bc51322fc49657684b069.jpg,train,keyboard,train,d9f2cb5930d2b169b10bb5ffd8216f6adb2fc721b05408e8ce925a1f2e886d43,COPIED,ml/data/candidates/phase11_reblocked/train/keyboard/IMG_20250822_140316_jpg.rf.2120c5421f7bc51322fc49657684b069.jpg,67b21e7e7dbd2209c8a02e685b4b4fc18374a8f2462dba352e375218a723410e
ml/data/candidates/reject_v2/train/keyboard/IMG_20250822_140316_jpg.rf.3785eb131d82b0273dfe6659c62b0f5d.jpg,train,keyboard,train,d9f2cb5930d2b169b10bb5ffd8216f6adb2fc721b05408e8ce925a1f2e886d43,COPIED,ml/data/candidates/phase11_reblocked/train/keyboard/IMG_20250822_140316_jpg.rf.3785eb131d82b0273dfe6659c62b0f5d.jpg,502f6ed8cb1d0d49e4c7a3499a84fafe2e5785330a91c75066eea76aea80892f
ml/data/candidates/reject_v2/train/keyboard/IMG_20250822_140316_jpg.rf.ee07999425e965357a1cf5a45b46d93f.jpg,train,keyboard,train,d9f2cb5930d2b169b10bb5ffd8216f6adb2fc721b05408e8ce925a1f2e886d43,COPIED,ml/data/candidates/phase11_reblocked/train/keyboard/IMG_20250822_140316_jpg.rf.ee07999425e965357a1cf5a45b46d93f.jpg,cf8d3785dc44a129c2f60eb3f3135cbc246a84f715d81206be1eb45cb6aab020
ml/data/candidates/reject_v2/validation/keyboard/IMG_20250822_140317_jpg.rf.8a8350e9a0119414b9d805cd5d27bb2a.jpg,validation,keyboard,train,d9f2cb5930d2b169b10bb5ffd8216f6adb2fc721b05408e8ce925a1f2e886d43,COPIED,ml/data/candidates/phase11_reblocked/train/keyboard/IMG_20250822_140317_jpg.rf.8a8350e9a0119414b9d805cd5d27bb2a.jpg,a7efae64f2ce9e156be6a3fc0824482ccf7c845310b2049d9ed1330aba8a8ce8
ml/data/candidates/reject_v2/train/keyboard/IMG_20250822_140315_jpg.rf.e6810dc36be004b7118803ae8905dbd9.jpg,train,keyboard,train,c437f2f6e18906d4802e35e9b47c69b1ba0eaba160e5fbbeeacc82c7053edb6d,COPIED,ml/data/candidates/phase11_reblocked/train/keyboard/IMG_20250822_140315_jpg.rf.e6810dc36be004b7118803ae8905dbd9.jpg,c3753027440eef5a20f18d2c3b3a0b81f6b96d84c8494620f8377eb055639f30
ml/data/candidates/reject_v2/test/keyboard/IMG_20250822_135858_jpg.rf.6fef6bce27ad1bc4cc43ec098061a9fe.jpg,test,keyboard,train,37197c45a422ba04421a4961831236af77fa7847f6b7c9c93ffefb9e89ad6c79,COPIED,ml/data/candidates/phase11_reblocked/train/keyboard/IMG_20250822_135858_jpg.rf.6fef6bce27ad1bc4cc43ec098061a9fe.jpg,a43c8b7ac1557a8bec143c09b4fe44608538e9c3d68732a737c5fa348f34ab3c
ml/data/candidates/reject_v2/train/keyboard/IMG_20250822_140311_jpg.rf.a3ee07b7977b220b17a4be2eca36ba8f.jpg,train,keyboard,train,702b81ec4e01cf08e07934045999070e8ab87580f474c3bfae7b174f4bb408db,COPIED,ml/data/candidates/phase11_reblocked/train/keyboard/IMG_20250822_140311_jpg.rf.a3ee07b7977b220b17a4be2eca36ba8f.jpg,b2be9f5ef44d5a403e79ee5d439596885cdb07426a54c27feb239168da729251
ml/data/candidates/reject_v2/validation/keyboard/IMG_20250822_140232_jpg.rf.72c3ae9ebcf86f7950084bdd83d2e204.jpg,validation,keyboard,train,f44beb8fb0982fc585a47c83dab42d45c4cd3c3736d68663ee2b831bdfe19f97,COPIED,ml/data/candidates/phase11_reblocked/train/keyboard/IMG_20250822_140232_jpg.rf.72c3ae9ebcf86f7950084bdd83d2e204.jpg,661d5b57ace8903313e8cac45ee0b5d24b8b482b342312556c24970081b24edf
ml/data/candidates/reject_v2/train/keyboard/IMG_20250822_140230_jpg.rf.8e21bb8d48cebe5fdff21d1032e62d54.jpg,train,keyboard,train,dace878863cc5b7d12f8febe5cd9ee00a3c00a5b4d3eae38dfb53b76c72a9c4a,COPIED,ml/data/candidates/phase11_reblocked/train/keyboard/IMG_20250822_140230_jpg.rf.8e21bb8d48cebe5fdff21d1032e62d54.jpg,1d251779992cc68629db0d219de21b71e2df2d239453389646f7dc7a93d0d7f8
ml/data/candidates/reject_v2/train/keyboard/IMG_20250822_140219_jpg.rf.02ec3714370ecd019073128a348ea140.jpg,train,keyboard,train,2ade549932ce560ab6299194c799566a32257169a37d63983b6e37bcde402fc0,COPIED,ml/data/candidates/phase11_reblocked/train/keyboard/IMG_20250822_140219_jpg.rf.02ec3714370ecd019073128a348ea140.jpg,293080a4260ee4bb16df146edfb624186b6a263f05188fa603b3a324a44a6a8b
ml/data/candidates/reject_v2/train/keyboard/IMG_20250822_140221_jpg.rf.fa562f352e53a236baf68ee2df8906c2.jpg,train,keyboard,train,2ade549932ce560ab6299194c799566a32257169a37d63983b6e37bcde402fc0,COPIED,ml/data/candidates/phase11_reblocked/train/keyboard/IMG_20250822_140221_jpg.rf.fa562f352e53a236baf68ee2df8906c2.jpg,6c6b0d84e4bb1f51cf0f7d744810443f20397a712644392b5a5ec6f42550e918
ml/data/candidates/reject_v2/train/keyboard/IMG_20250822_140223_jpg.rf.1306b02c448e484476bfb44cd9960957.jpg,train,keyboard,train,2ade549932ce560ab6299194c799566a32257169a37d63983b6e37bcde402fc0,COPIED,ml/data/candidates/phase11_reblocked/train/keyboard/IMG_20250822_140223_jpg.rf.1306b02c448e484476bfb44cd9960957.jpg,a3ba11e787f3df73a759d758ced6ac654f57954cacd5b674adb2fa1bdaf11761
ml/data/candidates/reject_v2/test/keyboard/IMG_20250822_140222_jpg.rf.ff63928f6fd759424a21461d4c5e1203.jpg,test,keyboard,train,2ade549932ce560ab6299194c799566a32257169a37d63983b6e37bcde402fc0,COPIED,ml/data/candidates/phase11_reblocked/train/keyboard/IMG_20250822_140222_jpg.rf.ff63928f6fd759424a21461d4c5e1203.jpg,65bbfc61b4872877ababa5f9b252f0bebef2ba949345846f7569db0d97f92e78
ml/data/candidates/reject_v2/train/keyboard/IMG_20250822_140209_jpg.rf.608de97ce5b2e1d47b651f54ad16e4e9.jpg,train,keyboard,train,e8e5583d11a484e144125079f7eb5202d4cbe834db2afbc0c05fdc275d6840a4,COPIED,ml/data/candidates/phase11_reblocked/train/keyboard/IMG_20250822_140209_jpg.rf.608de97ce5b2e1d47b651f54ad16e4e9.jpg,d9236a10d0e08c84148d661ce2a562ed826134274d5c3855bdecd86b80a917eb
ml/data/candidates/reject_v2/validation/keyboard/IMG_20250822_140234_jpg.rf.453ac610042d83512884dd5332701e4f.jpg,validation,keyboard,train,36da473e5e39ea32150d38ca2a5ff556614a433c6baeb3b99c030beda18571f8,COPIED,ml/data/candidates/phase11_reblocked/train/keyboard/IMG_20250822_140234_jpg.rf.453ac610042d83512884dd5332701e4f.jpg,48885b42980ea64e8af31cca2ffec2d7b4217dfd6645d6a8d2e514c922033dcc
ml/data/candidates/reject_v2/train/keyboard/IMG_20250822_140003_1_jpg.rf.0e78a2a48ca922c8698712970b716051.jpg,train,keyboard,train,4e4db07c2160c6bc9735e19b3ae0344005be75da3eb4897b4fce1050488edf5d,COPIED,ml/data/candidates/phase11_reblocked/train/keyboard/IMG_20250822_140003_1_jpg.rf.0e78a2a48ca922c8698712970b716051.jpg,33a2d8089623c179ba7f5ab5d752fabc6a407f8daff3a975464b8d35e02d8722
ml/data/candidates/reject_v2/train/keyboard/IMG_20250822_140005_jpg.rf.195b765a30d0cfd96916154243033d3e.jpg,train,keyboard,train,4e4db07c2160c6bc9735e19b3ae0344005be75da3eb4897b4fce1050488edf5d,COPIED,ml/data/candidates/phase11_reblocked/train/keyboard/IMG_20250822_140005_jpg.rf.195b765a30d0cfd96916154243033d3e.jpg,2ff29e428aa39b89ba565ba713dfff16dd33f0e0839d16ed40ccc6f14d2c870d
ml/data/candidates/reject_v2/train/keyboard/IMG_20250822_140005_jpg.rf.34cbccf05c7d2c3210ae88cc32a7f1b2.jpg,train,keyboard,train,4e4db07c2160c6bc9735e19b3ae0344005be75da3eb4897b4fce1050488edf5d,COPIED,ml/data/candidates/phase11_reblocked/train/keyboard/IMG_20250822_140005_jpg.rf.34cbccf05c7d2c3210ae88cc32a7f1b2.jpg,9d8f756ee207a5ded5f8ce737892e1d9e7a6ba85b27b440cbed08b5d1d64959a
ml/data/candidates/reject_v2/train/keyboard/IMG_20250822_140005_jpg.rf.450043366d25170482adf2df1dd6d8ae.jpg,train,keyboard,train,4e4db07c2160c6bc9735e19b3ae0344005be75da3eb4897b4fce1050488edf5d,COPIED,ml/data/candidates/phase11_reblocked/train/keyboard/IMG_20250822_140005_jpg.rf.450043366d25170482adf2df1dd6d8ae.jpg,11a421abf16594398a3b85f1da25920801c6a8b8822a83e917bff784d2675a09
ml/data/candidates/reject_v2/train/keyboard/IMG_20250822_135926_1_jpg.rf.49e382ff8d6056bb91eb8a655f476da9.jpg,train,keyboard,train,1190c184452bfec9371cdb6aa5f47ec6150a6920ccb43015ca6aa96dc3cadb7d,COPIED,ml/data/candidates/phase11_reblocked/train/keyboard/IMG_20250822_135926_1_jpg.rf.49e382ff8d6056bb91eb8a655f476da9.jpg,8ca4d13297bb740bb0c97636e572fe8dfc16ae00f79a40ddc74a28866a431561
ml/data/candidates/reject_v2/train/keyboard/IMG_20250822_135926_1_jpg.rf.7a925c578dbf9baa260ba0ef8197731b.jpg,train,keyboard,train,1190c184452bfec9371cdb6aa5f47ec6150a6920ccb43015ca6aa96dc3cadb7d,COPIED,ml/data/candidates/phase11_reblocked/train/keyboard/IMG_20250822_135926_1_jpg.rf.7a925c578dbf9baa260ba0ef8197731b.jpg,547f78ae1be9bb5faa4a96a7f9b7051cd63fd49d1c225c343fec30140f54e454
ml/data/candidates/reject_v2/train/keyboard/IMG_20250822_135926_1_jpg.rf.8e7642dca56f35155ff9397829ec2ce5.jpg,train,keyboard,train,1190c184452bfec9371cdb6aa5f47ec6150a6920ccb43015ca6aa96dc3cadb7d,COPIED,ml/data/candidates/phase11_reblocked/train/keyboard/IMG_20250822_135926_1_jpg.rf.8e7642dca56f35155ff9397829ec2ce5.jpg,118635a495f44deefa2902bc058e2ced5382de80453732abc464118a32303576
ml/data/candidates/reject_v2/train/keyboard/IMG_20250822_135926_jpg.rf.aec0150c69b71db21d3875a85d27febe.jpg,train,keyboard,train,1190c184452bfec9371cdb6aa5f47ec6150a6920ccb43015ca6aa96dc3cadb7d,COPIED,ml/data/candidates/phase11_reblocked/train/keyboard/IMG_20250822_135926_jpg.rf.aec0150c69b71db21d3875a85d27febe.jpg,a1a7b2bec45c77e0355ba16578dbc7fd091fb0a09a062bff31d00a201088a274
ml/data/candidates/reject_v2/train/keyboard/IMG_20250822_135928_jpg.rf.19a6acb4bf9635132865bde5ab1b90ce.jpg,train,keyboard,train,1190c184452bfec9371cdb6aa5f47ec6150a6920ccb43015ca6aa96dc3cadb7d,COPIED,ml/data/candidates/phase11_reblocked/train/keyboard/IMG_20250822_135928_jpg.rf.19a6acb4bf9635132865bde5ab1b90ce.jpg,17d37b8e6be462289fe88f9234730de5f1abffe8e0d8ccfa369883f01707fbe6
ml/data/candidates/reject_v2/train/keyboard/IMG_20250822_135929_jpg.rf.2f0cf54e9747d01974aa628d24d1dde1.jpg,train,keyboard,train,1190c184452bfec9371cdb6aa5f47ec6150a6920ccb43015ca6aa96dc3cadb7d,COPIED,ml/data/candidates/phase11_reblocked/train/keyboard/IMG_20250822_135929_jpg.rf.2f0cf54e9747d01974aa628d24d1dde1.jpg,19b2dbf8b4fa2f2ff7ca3bad36634664ca24c301b1ff7966d4ccbbcf5d99dc99
ml/data/candidates/reject_v2/train/keyboard/IMG_20250822_135930_jpg.rf.52e0302c2faac0d942d1bcebe89fea8b.jpg,train,keyboard,train,1190c184452bfec9371cdb6aa5f47ec6150a6920ccb43015ca6aa96dc3cadb7d,COPIED,ml/data/candidates/phase11_reblocked/train/keyboard/IMG_20250822_135930_jpg.rf.52e0302c2faac0d942d1bcebe89fea8b.jpg,3e93ce0ae5ea30c248ba3fa6457bd0a4ba7c5f2b2803725ef6e3bc93fd8ab9e9
ml/data/candidates/reject_v2/train/keyboard/IMG_20250822_135930_jpg.rf.d59eb34474a070386781f4c4ceeb15a3.jpg,train,keyboard,train,1190c184452bfec9371cdb6aa5f47ec6150a6920ccb43015ca6aa96dc3cadb7d,COPIED,ml/data/candidates/phase11_reblocked/train/keyboard/IMG_20250822_135930_jpg.rf.d59eb34474a070386781f4c4ceeb15a3.jpg,56a66b11fa2ba3d675954391f7307614e8855aff1e81c8883084189893ba5a6d
ml/data/candidates/reject_v2/train/keyboard/IMG_20250822_135930_jpg.rf.f7fbdf58672b10613baf63480a8ad2b6.jpg,train,keyboard,train,1190c184452bfec9371cdb6aa5f47ec6150a6920ccb43015ca6aa96dc3cadb7d,COPIED,ml/data/candidates/phase11_reblocked/train/keyboard/IMG_20250822_135930_jpg.rf.f7fbdf58672b10613baf63480a8ad2b6.jpg,c2e8f0626b7552f510f890a76afc084425069ab8b3d544803ba5aa09c4a30ff5
ml/data/candidates/reject_v2/train/keyboard/IMG_20250822_135932_jpg.rf.13653e8291d1c070d16796382e0684ac.jpg,train,keyboard,train,1190c184452bfec9371cdb6aa5f47ec6150a6920ccb43015ca6aa96dc3cadb7d,COPIED,ml/data/candidates/phase11_reblocked/train/keyboard/IMG_20250822_135932_jpg.rf.13653e8291d1c070d16796382e0684ac.jpg,f3657707e4499b2020548ef0802018e04477f3538ab50c56e38a2c4df97ce187
ml/data/candidates/reject_v2/train/keyboard/IMG_20250822_135932_jpg.rf.2345fa521af36542f31f81d8c9c874da.jpg,train,keyboard,train,1190c184452bfec9371cdb6aa5f47ec6150a6920ccb43015ca6aa96dc3cadb7d,COPIED,ml/data/candidates/phase11_reblocked/train/keyboard/IMG_20250822_135932_jpg.rf.2345fa521af36542f31f81d8c9c874da.jpg,1b9030c53d567ea515f87ca0344299df862367eb8ce01b8457a38c4dc29c5d94
ml/data/candidates/reject_v2/train/keyboard/IMG_20250822_135932_jpg.rf.ecda9a2591832abc296c9b5bee74230f.jpg,train,keyboard,train,1190c184452bfec9371cdb6aa5f47ec6150a6920ccb43015ca6aa96dc3cadb7d,COPIED,ml/data/candidates/phase11_reblocked/train/keyboard/IMG_20250822_135932_jpg.rf.ecda9a2591832abc296c9b5bee74230f.jpg,62fbf0734374e3c16be39eb321932af6b4cda77c90eeee7cae13124c4f79b0db
ml/data/candidates/reject_v2/train/keyboard/IMG_20250822_140212_jpg.rf.0301ae90c82083c5bd7138fe4b15c596.jpg,train,keyboard,train,80ff23ef8387fbe79b30bec4c78adfc7fc53ebec9659798d4f1ad4add7b6ec12,COPIED,ml/data/candidates/phase11_reblocked/train/keyboard/IMG_20250822_140212_jpg.rf.0301ae90c82083c5bd7138fe4b15c596.jpg,f76b1564304c06f1fdf53dbbbe5130303b9a58c253f7cdaf13d617b87f97ef80
ml/data/candidates/reject_v2/train/keyboard/IMG_20250822_140212_jpg.rf.05f9b5242fe29d37373d1d16ef831ed4.jpg,train,keyboard,train,80ff23ef8387fbe79b30bec4c78adfc7fc53ebec9659798d4f1ad4add7b6ec12,COPIED,ml/data/candidates/phase11_reblocked/train/keyboard/IMG_20250822_140212_jpg.rf.05f9b5242fe29d37373d1d16ef831ed4.jpg,2bc930f6b89e00e67ecf5047c77d045af0e456719e21bd03243cda64f8bfcda8
ml/data/candidates/reject_v2/train/keyboard/IMG_20250822_140212_jpg.rf.fb67ee0228e62c11d02b776fd9189b60.jpg,train,keyboard,train,80ff23ef8387fbe79b30bec4c78adfc7fc53ebec9659798d4f1ad4add7b6ec12,COPIED,ml/data/candidates/phase11_reblocked/train/keyboard/IMG_20250822_140212_jpg.rf.fb67ee0228e62c11d02b776fd9189b60.jpg,9aa52e6085cfc0443d0a7fa98a1747c2fc8392d9ef9bb3c10582ef35180f577f
ml/data/candidates/reject_v2/train/keyboard/IMG_20250822_140218_jpg.rf.62b8084437ec79482ea652792d8bd9a3.jpg,train,keyboard,train,1050f62a99ee4a42588df9a421d55d80e5b869066671acc82bf52627ce09c088,COPIED,ml/data/candidates/phase11_reblocked/train/keyboard/IMG_20250822_140218_jpg.rf.62b8084437ec79482ea652792d8bd9a3.jpg,bcf5fdbbc10aebd6f86f983c8f975f9faf6922e687a1077311d9d1dcab05c9af
ml/data/candidates/reject_v2/train/keyboard/IMG_20250822_140218_jpg.rf.7a5ac6a375ef2a8546b3fbb42418377c.jpg,train,keyboard,train,1050f62a99ee4a42588df9a421d55d80e5b869066671acc82bf52627ce09c088,COPIED,ml/data/candidates/phase11_reblocked/train/keyboard/IMG_20250822_140218_jpg.rf.7a5ac6a375ef2a8546b3fbb42418377c.jpg,3f53c70daf4fcc57ec1e4edfcb7d1d534137ead013c9151961a8905c55f6d325
ml/data/candidates/reject_v2/train/keyboard/IMG_20250822_140218_jpg.rf.d10bf360ede53ae2e2cf370ab4292a79.jpg,train,keyboard,train,1050f62a99ee4a42588df9a421d55d80e5b869066671acc82bf52627ce09c088,COPIED,ml/data/candidates/phase11_reblocked/train/keyboard/IMG_20250822_140218_jpg.rf.d10bf360ede53ae2e2cf370ab4292a79.jpg,f24830851e871fd376c23fc4f723094b0f8dc830fc82b750e587cf78f2356d6b
ml/data/candidates/reject_v2/train/keyboard/IMG_20250822_140225_jpg.rf.853567ed56f80104abe0de86d68a50e1.jpg,train,keyboard,train,1050f62a99ee4a42588df9a421d55d80e5b869066671acc82bf52627ce09c088,COPIED,ml/data/candidates/phase11_reblocked/train/keyboard/IMG_20250822_140225_jpg.rf.853567ed56f80104abe0de86d68a50e1.jpg,6417ab2cba64fef8aa2a5a3db8934574c9ce1c3a1fb055aa327cbb3c3e7cb0c4
ml/data/candidates/reject_v2/test/keyboard/IMG_20250822_135943_jpg.rf.77556fead8d7f313c04b78a1c7ced099.jpg,test,keyboard,train,67fa83c790d8c0760fb04ac89cbd85637a8f832b10cece3f63fc8898ce7fb9b0,COPIED,ml/data/candidates/phase11_reblocked/train/keyboard/IMG_20250822_135943_jpg.rf.77556fead8d7f313c04b78a1c7ced099.jpg,f0d3849b7a87ddd4fdc45ca50863bdca08bc9820a2500d8247541b85c7861db3
ml/data/candidates/reject_v2/train/keyboard/IMG_20250822_140008_jpg.rf.8989c657b76686633249aa1103b65e2e.jpg,train,keyboard,train,324d8f2de8f965b8e4a622ae144d033ce03f8d74d4f695620b59fdc3315ec30f,COPIED,ml/data/candidates/phase11_reblocked/train/keyboard/IMG_20250822_140008_jpg.rf.8989c657b76686633249aa1103b65e2e.jpg,f0add79000f853ddd616c02a1b0c8c6cac0e4bfac16a2041e0aa1c0eec68f796
ml/data/candidates/reject_v2/train/keyboard/IMG_20250822_140206_jpg.rf.9a95dad9141a8c4d803a765ebc67123d.jpg,train,keyboard,train,58352dd9478ad2a8d915e183e4c4b453b5c8f4cbe088a06302627a624b01767e,COPIED,ml/data/candidates/phase11_reblocked/train/keyboard/IMG_20250822_140206_jpg.rf.9a95dad9141a8c4d803a765ebc67123d.jpg,8fa806110b87388ff8c7ac02fe46642a21c057f80a0b3fde37f0f2082b366471
ml/data/candidates/reject_v2/train/keyboard/IMG_20250822_135949_jpg.rf.0263345d8c2dd414a4e8e7d736839830.jpg,train,keyboard,train,b5cc0ae7d7ba60a3be5ff993732087b0677d9ee1453cd55706376979f53dcb4e,COPIED,ml/data/candidates/phase11_reblocked/train/keyboard/IMG_20250822_135949_jpg.rf.0263345d8c2dd414a4e8e7d736839830.jpg,008b0692fe57429bb0c93d1c4259a5818a2c04b6beede5a70127d12c3ed271ba
ml/data/candidates/reject_v2/train/keyboard/IMG_20250822_135949_jpg.rf.4aeac769aec7e849bdb0efe1978cc76b.jpg,train,keyboard,train,b5cc0ae7d7ba60a3be5ff993732087b0677d9ee1453cd55706376979f53dcb4e,COPIED,ml/data/candidates/phase11_reblocked/train/keyboard/IMG_20250822_135949_jpg.rf.4aeac769aec7e849bdb0efe1978cc76b.jpg,bfeb43ec37f35dfb9317c6bed342144e88398c271d5a28e1cd5eddf87da659fa
ml/data/candidates/reject_v2/train/keyboard/IMG_20250822_135949_jpg.rf.a29c2107f57fe17fadfbbc24f0224a9a.jpg,train,keyboard,train,b5cc0ae7d7ba60a3be5ff993732087b0677d9ee1453cd55706376979f53dcb4e,COPIED,ml/data/candidates/phase11_reblocked/train/keyboard/IMG_20250822_135949_jpg.rf.a29c2107f57fe17fadfbbc24f0224a9a.jpg,04bd3b50ef049ba8898e0e13d61ae4ebc2a948b0301c0a9b6514ee586258e92c
ml/data/candidates/reject_v2/validation/keyboard/IMG_20250822_140249_jpg.rf.623539e25bf2ca40f06554623a812fa7.jpg,validation,keyboard,train,7e02c7078c97a755dcc5bbfe938ddfb117624824a35a79ab38952fdaee659501,COPIED,ml/data/candidates/phase11_reblocked/train/keyboard/IMG_20250822_140249_jpg.rf.623539e25bf2ca40f06554623a812fa7.jpg,55991c1677c111583f37f9dd5d8ea46e8a5d582586e91fc45ac32eb73f2ef325
ml/data/candidates/reject_v2/train/keyboard/IMG_20250822_135915_jpg.rf.3b7680f58909d651fd5920b1daaa6aad.jpg,train,keyboard,train,4cb8cf8ecea8058e86f8e89a8110fa824caaaca9447132b373de503ca8a301b5,COPIED,ml/data/candidates/phase11_reblocked/train/keyboard/IMG_20250822_135915_jpg.rf.3b7680f58909d651fd5920b1daaa6aad.jpg,3a44c2a8add3517e48cc6bd5b6ea8232e25a6c49c13323936222d1e50228e6e8
ml/data/candidates/reject_v2/train/keyboard/IMG_20250822_135915_jpg.rf.6e39a8c1794d1e6d744237aa6d00f4fc.jpg,train,keyboard,train,4cb8cf8ecea8058e86f8e89a8110fa824caaaca9447132b373de503ca8a301b5,COPIED,ml/data/candidates/phase11_reblocked/train/keyboard/IMG_20250822_135915_jpg.rf.6e39a8c1794d1e6d744237aa6d00f4fc.jpg,f06a2c1d48e71e63458c9742dcce420c70a85acd2473c53a4124f87c214ec495
ml/data/candidates/reject_v2/train/keyboard/IMG_20250822_135915_jpg.rf.ba271776cfea93d2958463296ac9479a.jpg,train,keyboard,train,4cb8cf8ecea8058e86f8e89a8110fa824caaaca9447132b373de503ca8a301b5,COPIED,ml/data/candidates/phase11_reblocked/train/keyboard/IMG_20250822_135915_jpg.rf.ba271776cfea93d2958463296ac9479a.jpg,d58cdc668426b60725ce819cfbc5a0b0300dc7995810a0d8908cdd8f7c1b62d7
ml/data/candidates/reject_v2/validation/keyboard/IMG_20250822_140003_jpg.rf.123e21ac79c68cb181225a8681341aea.jpg,validation,keyboard,train,268f28029acecd36e68ac4cb84ddfd1f0b2da816a5a8826b83c139a659eb6fdf,COPIED,ml/data/candidates/phase11_reblocked/train/keyboard/IMG_20250822_140003_jpg.rf.123e21ac79c68cb181225a8681341aea.jpg,282803d3762b607e9053485a677b27c9ddbd09b9f46be23208845c173142a872
ml/data/candidates/reject_v2/train/keyboard/IMG_20250822_135911_jpg.rf.19d82328828d08b4ab3938370554b2ad.jpg,train,keyboard,train,f761cb4f03bcd00a81b3d2154643fc8e79f06ff20fda19ce87f4f51cf42fa744,COPIED,ml/data/candidates/phase11_reblocked/train/keyboard/IMG_20250822_135911_jpg.rf.19d82328828d08b4ab3938370554b2ad.jpg,2cb5c14f819d6be5b1571d3206ed4624663c518fb37e4a17139a75fda22eb691
ml/data/candidates/reject_v2/train/keyboard/IMG_20250822_135911_jpg.rf.267733e05cf43b965f3414443be7d673.jpg,train,keyboard,train,f761cb4f03bcd00a81b3d2154643fc8e79f06ff20fda19ce87f4f51cf42fa744,COPIED,ml/data/candidates/phase11_reblocked/train/keyboard/IMG_20250822_135911_jpg.rf.267733e05cf43b965f3414443be7d673.jpg,28fcb416770a0cd0e2f7aa9fb89b1e4b8f006c5354c42cd01f2a3560a593eede
ml/data/candidates/reject_v2/train/keyboard/IMG_20250822_135911_jpg.rf.3c17a94c830285c2baab6a963f036a2a.jpg,train,keyboard,train,f761cb4f03bcd00a81b3d2154643fc8e79f06ff20fda19ce87f4f51cf42fa744,COPIED,ml/data/candidates/phase11_reblocked/train/keyboard/IMG_20250822_135911_jpg.rf.3c17a94c830285c2baab6a963f036a2a.jpg,de976963c3e281a83a723339d66d413268a3585c93a7b779757da7928ee15e04
ml/data/candidates/reject_v2/validation/keyboard/IMG_20250822_135913_1_jpg.rf.e523beb553e404e87d04d9f51fc707e6.jpg,validation,keyboard,train,f761cb4f03bcd00a81b3d2154643fc8e79f06ff20fda19ce87f4f51cf42fa744,COPIED,ml/data/candidates/phase11_reblocked/train/keyboard/IMG_20250822_135913_1_jpg.rf.e523beb553e404e87d04d9f51fc707e6.jpg,7f0a16d3c00949c310f5a0479a1b5d1ac9325339e59acde7fde470b342c445f4
ml/data/candidates/reject_v2/test/keyboard/IMG_20250822_135913_jpg.rf.1a2398d375a8d8737469f91847530138.jpg,test,keyboard,train,f761cb4f03bcd00a81b3d2154643fc8e79f06ff20fda19ce87f4f51cf42fa744,COPIED,ml/data/candidates/phase11_reblocked/train/keyboard/IMG_20250822_135913_jpg.rf.1a2398d375a8d8737469f91847530138.jpg,8e5a1866dbffb27f8eb510cc75ad32508c55c474b11fe9872f6aa1feaa15eb50
ml/data/candidates/reject_v2/train/keyboard/IMG_20250822_135957_jpg.rf.13e2326857ec937b9229ce60ed079db9.jpg,train,keyboard,train,f97814723bf7cf18a9ba19149ed82266494de6e4d33ffdcc733a523a86c5c964,COPIED,ml/data/candidates/phase11_reblocked/train/keyboard/IMG_20250822_135957_jpg.rf.13e2326857ec937b9229ce60ed079db9.jpg,ffc3370b0e24424cd57ebc7f8c636f4d793c0acc12d5c98fc25bd3ffef7cf299
ml/data/candidates/reject_v2/train/keyboard/IMG_20250822_135957_jpg.rf.552703d26fd874843df52e2b99122951.jpg,train,keyboard,train,f97814723bf7cf18a9ba19149ed82266494de6e4d33ffdcc733a523a86c5c964,COPIED,ml/data/candidates/phase11_reblocked/train/keyboard/IMG_20250822_135957_jpg.rf.552703d26fd874843df52e2b99122951.jpg,4358609473b07d5dc6934861b65f7995bfb38dae884407d7be8b391a01e87df0
ml/data/candidates/reject_v2/train/keyboard/IMG_20250822_135957_jpg.rf.55875c1763d4c1622ad4f4f9c07514c7.jpg,train,keyboard,train,f97814723bf7cf18a9ba19149ed82266494de6e4d33ffdcc733a523a86c5c964,COPIED,ml/data/candidates/phase11_reblocked/train/keyboard/IMG_20250822_135957_jpg.rf.55875c1763d4c1622ad4f4f9c07514c7.jpg,06afbac2df6e6d28b2c77b258660500d851c4f5024490286f9a1cf5ad884acc5
ml/data/candidates/reject_v2/train/keyboard/IMG_20250822_135958_jpg.rf.420daab7fb8b612ee27099a692f61e42.jpg,train,keyboard,train,f97814723bf7cf18a9ba19149ed82266494de6e4d33ffdcc733a523a86c5c964,COPIED,ml/data/candidates/phase11_reblocked/train/keyboard/IMG_20250822_135958_jpg.rf.420daab7fb8b612ee27099a692f61e42.jpg,0ef046097a28fe0a1fa6aed71f412818027616292fb22dbeeb7561153b99276f
ml/data/candidates/reject_v2/test/keyboard/IMG_20250822_135947_jpg.rf.3de7e5999050f8b8f3cce938cfe9c1ce.jpg,test,keyboard,validation,b0edbce28418059bc9f59e522a245d3ae6f1d87ab6284701a363c245f9f51a30,COPIED,ml/data/candidates/phase11_reblocked/validation/keyboard/IMG_20250822_135947_jpg.rf.3de7e5999050f8b8f3cce938cfe9c1ce.jpg,a5806f34fd1270a85cc21a9400e06c306336607776f894cda107bb43fac77164
ml/data/candidates/reject_v2/test/keyboard/IMG_20250822_140011_jpg.rf.4ba817efa7531784cd457e7370eee615.jpg,test,keyboard,validation,a382bf778095cabd716b923de1c256b471e4512cdce4138e5ba8064391f82096,COPIED,ml/data/candidates/phase11_reblocked/validation/keyboard/IMG_20250822_140011_jpg.rf.4ba817efa7531784cd457e7370eee615.jpg,50c704ab7814d93ed7078fb3a6d742ea4ad62a556d4db16d1ca4acd1dc22dc5c
ml/data/candidates/reject_v2/train/keyboard/IMG_20250822_140220_jpg.rf.01fed77ba94ca02e647f7279da326857.jpg,train,keyboard,validation,ae3ba149e92a45af6610970d41a7edfe3d0cc7d2fb4bb97618a5fca79c7aab0f,SAME_GROUP_HOLDOUT_SIBLING_NOT_EVALUATED,,71cdbde1d9315578b4cfea388316b324d8865bed59f0313ddd580ca815043a10
ml/data/candidates/reject_v2/train/keyboard/IMG_20250822_140220_jpg.rf.4766af5207c8659378563f9540ead3f3.jpg,train,keyboard,validation,ae3ba149e92a45af6610970d41a7edfe3d0cc7d2fb4bb97618a5fca79c7aab0f,SAME_GROUP_HOLDOUT_SIBLING_NOT_EVALUATED,,cbc4d613f1aa1adf5f7769e40bfffc5bf598f7b2a876ea2210ef3631e3455314
ml/data/candidates/reject_v2/train/keyboard/IMG_20250822_140220_jpg.rf.98dba5b23e2ef3c72807ea20ecf0379a.jpg,train,keyboard,validation,ae3ba149e92a45af6610970d41a7edfe3d0cc7d2fb4bb97618a5fca79c7aab0f,COPIED,ml/data/candidates/phase11_reblocked/validation/keyboard/IMG_20250822_140220_jpg.rf.98dba5b23e2ef3c72807ea20ecf0379a.jpg,6083d7192d597fd64aa2a858a34d8bb2f75b47a02d47e466094be94d0956faf4
ml/data/candidates/reject_v2/train/keyboard/IMG_20250822_135902_jpg.rf.28d0c524f8d7eeaf10878a58f85a159c.jpg,train,keyboard,validation,fdf1cfe5907523334fc423b3046a4b869ec01b9f524a281ebc549c5b161e60ee,SAME_GROUP_HOLDOUT_SIBLING_NOT_EVALUATED,,4ec364cad1f3dc9c219e40eea283a5e180264c8392f5080c2172d808e3aa3a82
ml/data/candidates/reject_v2/train/keyboard/IMG_20250822_135902_jpg.rf.74d747b6bf4265df472619033ad67b14.jpg,train,keyboard,validation,fdf1cfe5907523334fc423b3046a4b869ec01b9f524a281ebc549c5b161e60ee,SAME_GROUP_HOLDOUT_SIBLING_NOT_EVALUATED,,8b2623c8ed1fdd249b9209c62b67627a78c56f02e89f116fd887a5776ef5c8b8
ml/data/candidates/reject_v2/train/keyboard/IMG_20250822_135902_jpg.rf.bc8ab69e5cb5074ac4c4f9313147a695.jpg,train,keyboard,validation,fdf1cfe5907523334fc423b3046a4b869ec01b9f524a281ebc549c5b161e60ee,SAME_GROUP_HOLDOUT_SIBLING_NOT_EVALUATED,,397a2f5e39d5993ff671910fbd1f30ac75d73598809449496df3797fe71aa8d4
ml/data/candidates/reject_v2/validation/keyboard/IMG_20250822_135903_jpg.rf.a4113502495933e697f731c4c8f73979.jpg,validation,keyboard,validation,fdf1cfe5907523334fc423b3046a4b869ec01b9f524a281ebc549c5b161e60ee,SAME_GROUP_HOLDOUT_SIBLING_NOT_EVALUATED,,b4d024d1f053e63ef4bf6044f1be7f32dadaba39ef69e73d2cfd3f81ec46f1d8
ml/data/candidates/reject_v2/validation/keyboard/IMG_20250822_135905_jpg.rf.38ad275938f82a1a7dd66f5e6ea0abbc.jpg,validation,keyboard,validation,fdf1cfe5907523334fc423b3046a4b869ec01b9f524a281ebc549c5b161e60ee,SAME_GROUP_HOLDOUT_SIBLING_NOT_EVALUATED,,670535387b45a6b23c9e1b9962e2761dd26a1fe2b39690a2b632b7319f7a3453
ml/data/candidates/reject_v2/validation/keyboard/IMG_20250822_135906_jpg.rf.3b7d2cbc98e29c0fcb4c76e1ca805446.jpg,validation,keyboard,validation,fdf1cfe5907523334fc423b3046a4b869ec01b9f524a281ebc549c5b161e60ee,COPIED,ml/data/candidates/phase11_reblocked/validation/keyboard/IMG_20250822_135906_jpg.rf.3b7d2cbc98e29c0fcb4c76e1ca805446.jpg,029ff43fd93f7440e3051e36f4340f323af6ca609aff803aa1ee40a8e1eb53d5
ml/data/candidates/reject_v2/train/keyboard/IMG_20250822_135916_jpg.rf.54e0cfb108f147792a3d93ccd555bd96.jpg,train,keyboard,validation,be61bcecacb6521b017f5d71d1dcbf06d6a2a3d736279e9b6c8ed2ea6384c95e,COPIED,ml/data/candidates/phase11_reblocked/validation/keyboard/IMG_20250822_135916_jpg.rf.54e0cfb108f147792a3d93ccd555bd96.jpg,f70b15f98308146108ee251eb9208c97ab100941b3a7560463fc2657e0d1f0ed
ml/data/candidates/reject_v2/train/keyboard/IMG_20250822_140129_jpg.rf.505bb3d99a26a207e71a195c5bf9ed82.jpg,train,keyboard,validation,d307888fcda62538ebc9b9dd380604b7442d21b6e327aaa978f61e63a1ed6619,SAME_GROUP_HOLDOUT_SIBLING_NOT_EVALUATED,,a77af3c41c52038b5c4c4f83151451bc11228c3e208b956d7cf14a216e82eed0
ml/data/candidates/reject_v2/train/keyboard/IMG_20250822_140129_jpg.rf.dec69a666a20dc2067f260a86fef5c8e.jpg,train,keyboard,validation,d307888fcda62538ebc9b9dd380604b7442d21b6e327aaa978f61e63a1ed6619,COPIED,ml/data/candidates/phase11_reblocked/validation/keyboard/IMG_20250822_140129_jpg.rf.dec69a666a20dc2067f260a86fef5c8e.jpg,6472300dd3e1f939f123629d4a807416c14eb059e737f8fb78b9d9b092020fc9
ml/data/candidates/reject_v2/train/keyboard/IMG_20250822_140129_jpg.rf.ebabbd5f925b8274a50fc0c2c3ff279f.jpg,train,keyboard,validation,d307888fcda62538ebc9b9dd380604b7442d21b6e327aaa978f61e63a1ed6619,SAME_GROUP_HOLDOUT_SIBLING_NOT_EVALUATED,,a2520667b05b0d44d22a5687654b0eb96948e4d7022b2763c9c13878e285d0c9
ml/data/candidates/reject_v2/train/keyboard/IMG_20250822_140231_jpg.rf.45142812a6aa538af37f8cd70f09b99a.jpg,train,keyboard,test,e6185dc867d57e277949508abe2e7dee05025337b6a43cb477a59f5a9bf317a5,COPIED,ml/data/candidates/phase11_reblocked/test/keyboard/IMG_20250822_140231_jpg.rf.45142812a6aa538af37f8cd70f09b99a.jpg,7bf94593ee547244cc4c0317954397ea6ad7eaa0b22537f623f5308ba72b8cd2
ml/data/candidates/reject_v2/train/keyboard/IMG_20250822_140233_jpg.rf.2b75d6ba55115782567fe155a8719eb4.jpg,train,keyboard,test,e6185dc867d57e277949508abe2e7dee05025337b6a43cb477a59f5a9bf317a5,SAME_GROUP_HOLDOUT_SIBLING_NOT_EVALUATED,,de078497b56e38ed40891eb8a7ed3d9f9baa7491e2f94b03a286cb1b5f2d314a
ml/data/candidates/reject_v2/train/keyboard/IMG_20250822_140213_jpg.rf.00a3618fa12ce90614ebe8f486a8d9f5.jpg,train,keyboard,test,597b9d94c2335a553c1b03a2fd81b2a28816d8132d4f6f560b81d0d111ad0461,COPIED,ml/data/candidates/phase11_reblocked/test/keyboard/IMG_20250822_140213_jpg.rf.00a3618fa12ce90614ebe8f486a8d9f5.jpg,0475aa91f114262872bbfdbf454e7863b4d44609431eb31af07e850ec9fa8629
ml/data/candidates/reject_v2/train/keyboard/IMG_20250822_140213_jpg.rf.43c77f39ac1219a1ba0f0b24cc951baf.jpg,train,keyboard,test,597b9d94c2335a553c1b03a2fd81b2a28816d8132d4f6f560b81d0d111ad0461,SAME_GROUP_HOLDOUT_SIBLING_NOT_EVALUATED,,daecbbebe2de7a279f04cd7a53ab0613f35cf421decf858abbf7f953784ff5d2
ml/data/candidates/reject_v2/train/keyboard/IMG_20250822_140213_jpg.rf.77476117d4d8887ab39102b5110ee86e.jpg,train,keyboard,test,597b9d94c2335a553c1b03a2fd81b2a28816d8132d4f6f560b81d0d111ad0461,SAME_GROUP_HOLDOUT_SIBLING_NOT_EVALUATED,,054e42bcc1190bbe88c79c81c9938c12ae71a14fed91747a0ca4ec915a3d1bf7
ml/data/candidates/reject_v2/train/keyboard/IMG_20250822_140214_jpg.rf.8b972f6e40c86bc90fb83bd116fc17aa.jpg,train,keyboard,test,597b9d94c2335a553c1b03a2fd81b2a28816d8132d4f6f560b81d0d111ad0461,SAME_GROUP_HOLDOUT_SIBLING_NOT_EVALUATED,,04c0a25b51817eecafd00487ebf0bf91a8e4c6e66e462972830cf045e8d5e6c7
ml/data/candidates/reject_v2/train/keyboard/IMG_20250822_140214_jpg.rf.8dddbf74805927908a50b0038856927a.jpg,train,keyboard,test,597b9d94c2335a553c1b03a2fd81b2a28816d8132d4f6f560b81d0d111ad0461,SAME_GROUP_HOLDOUT_SIBLING_NOT_EVALUATED,,1f4832eabb44b9c28399ec5f36a62089baac8c2d6ce687e4d3dfb972487accb5
ml/data/candidates/reject_v2/train/keyboard/IMG_20250822_140214_jpg.rf.b5f702fcd1ac987b28b6aa3068cccb0b.jpg,train,keyboard,test,597b9d94c2335a553c1b03a2fd81b2a28816d8132d4f6f560b81d0d111ad0461,SAME_GROUP_HOLDOUT_SIBLING_NOT_EVALUATED,,e755cad703cb3f38ef5b4d75210fad5d7ff47f5c7414f467ccabe8370df79179
ml/data/candidates/reject_v2/train/keyboard/IMG_20250822_135922_jpg.rf.c8af085579a9a9e77f321ea5cb54a42c.jpg,train,keyboard,test,2ba9a3725ed0471654a5f7d7c148173938ad8b0681d8150ed1dc2dae1c3ec2ec,SAME_GROUP_HOLDOUT_SIBLING_NOT_EVALUATED,,77b2d22a46542efabd908b35e5b40d96f5c0f158c9c4b33e687b58ac1d355100
ml/data/candidates/reject_v2/train/keyboard/IMG_20250822_135923_jpg.rf.093e30b9e636a584f99200ec22dc90e7.jpg,train,keyboard,test,2ba9a3725ed0471654a5f7d7c148173938ad8b0681d8150ed1dc2dae1c3ec2ec,COPIED,ml/data/candidates/phase11_reblocked/test/keyboard/IMG_20250822_135923_jpg.rf.093e30b9e636a584f99200ec22dc90e7.jpg,60f60193cadc24042c29a4a7637ee9fd14f4eae0b8c91be2f0fad30c91490859
ml/data/candidates/reject_v2/train/keyboard/IMG_20250822_140302_jpg.rf.6eaa141f0ef3721372cbe3dc889dec87.jpg,train,keyboard,test,db80a58628b8c870936403a5d33ad53dec774ae7ead2d08df346269bd981e57f,SAME_GROUP_HOLDOUT_SIBLING_NOT_EVALUATED,,e8fa76138da82da0284adc67b6ed3646925f36fbae6126edcc8d21dbccae02c4
ml/data/candidates/reject_v2/train/keyboard/IMG_20250822_140303_jpg.rf.68c84f598eda90d3ed815a15f1ac931e.jpg,train,keyboard,test,db80a58628b8c870936403a5d33ad53dec774ae7ead2d08df346269bd981e57f,SAME_GROUP_HOLDOUT_SIBLING_NOT_EVALUATED,,83a7e9f02451867f3d790096b4fec39bf818ad778aeae2b57735e4528b340d51
ml/data/candidates/reject_v2/train/keyboard/IMG_20250822_140304_jpg.rf.c89a1817c375cfb5bd51818eb01621f6.jpg,train,keyboard,test,db80a58628b8c870936403a5d33ad53dec774ae7ead2d08df346269bd981e57f,SAME_GROUP_HOLDOUT_SIBLING_NOT_EVALUATED,,accfd0d33ccfad2938fbf569d9126512e79c3b12fdd22bc7c4277a31d12ca972
ml/data/candidates/reject_v2/train/keyboard/IMG_20250822_140306_jpg.rf.2b65e0b906ae6e26b0fee4f478dae4d6.jpg,train,keyboard,test,db80a58628b8c870936403a5d33ad53dec774ae7ead2d08df346269bd981e57f,COPIED,ml/data/candidates/phase11_reblocked/test/keyboard/IMG_20250822_140306_jpg.rf.2b65e0b906ae6e26b0fee4f478dae4d6.jpg,0ea346f9c4e81c59acae26eb354fbbf7ad47a67bad7bd4a64a9cd3191fc7a8db
ml/data/candidates/reject_v2/train/keyboard/IMG_20250822_140306_jpg.rf.b35b7c9e54cb1b7e61e0829024a5b8e2.jpg,train,keyboard,test,db80a58628b8c870936403a5d33ad53dec774ae7ead2d08df346269bd981e57f,SAME_GROUP_HOLDOUT_SIBLING_NOT_EVALUATED,,dfa36ca12e3211e9cae9db10f488732920a834eb9e76aa63f1756aa3eb2bb123
ml/data/candidates/reject_v2/train/keyboard/IMG_20250822_140306_jpg.rf.e9eeff6fe4aaf1a9adcfff0d62f15bc3.jpg,train,keyboard,test,db80a58628b8c870936403a5d33ad53dec774ae7ead2d08df346269bd981e57f,SAME_GROUP_HOLDOUT_SIBLING_NOT_EVALUATED,,25bd02afc354b83110ce5fed485eb163ad0e272aa22c8cfe375f8ff9177f8faa
ml/data/candidates/reject_v2/train/keyboard/IMG_20250822_140307_jpg.rf.2a87ece5d03144e4209ff05bb0e44ae4.jpg,train,keyboard,test,db80a58628b8c870936403a5d33ad53dec774ae7ead2d08df346269bd981e57f,SAME_GROUP_HOLDOUT_SIBLING_NOT_EVALUATED,,d1464a81e2a6db28f0fcc613a5f20d23ca097636baea0df9d9607d487fd0548e
ml/data/candidates/reject_v2/train/keyboard/IMG_20250822_140308_jpg.rf.8d6f8692a27b5076cdc634ac3a93e8fa.jpg,train,keyboard,test,db80a58628b8c870936403a5d33ad53dec774ae7ead2d08df346269bd981e57f,SAME_GROUP_HOLDOUT_SIBLING_NOT_EVALUATED,,fe30596bbb7775a7720069ede8f7c3e78b75ad72329e5b58dc6d21da5150e985
ml/data/candidates/reject_v2/train/keyboard/IMG_20250822_135940_jpg.rf.21280cf79175e652ea82f65d0b9c7f62.jpg,train,keyboard,test,2c8342e81ee93d090db1d7a5bccb421b7682b2d14eff74119cadf3c41c6f5a1b,SAME_GROUP_HOLDOUT_SIBLING_NOT_EVALUATED,,5e13a48f67f6cfcb7f98480e4ab509608544d2ec7239f4d11b0572f335468eb3
ml/data/candidates/reject_v2/train/keyboard/IMG_20250822_135941_jpg.rf.0f849286b56295d86dfac80004043e70.jpg,train,keyboard,test,2c8342e81ee93d090db1d7a5bccb421b7682b2d14eff74119cadf3c41c6f5a1b,COPIED,ml/data/candidates/phase11_reblocked/test/keyboard/IMG_20250822_135941_jpg.rf.0f849286b56295d86dfac80004043e70.jpg,192296c3d8c364dd1627273fb6e76da8f4a842fcbc4e11682841b73bfb5864bc
ml/data/candidates/reject_v2/train/keyboard/IMG_20250822_135941_jpg.rf.6c9f4213072cd4fb3f130e103aa4b935.jpg,train,keyboard,test,2c8342e81ee93d090db1d7a5bccb421b7682b2d14eff74119cadf3c41c6f5a1b,SAME_GROUP_HOLDOUT_SIBLING_NOT_EVALUATED,,c33f97cd470eb88eb21254dbe62d4ce26efd994b7bf185d39350092fb3045182
ml/data/candidates/reject_v2/train/keyboard/IMG_20250822_135941_jpg.rf.b39c996ced2e67dc1020a7a64d1ca943.jpg,train,keyboard,test,2c8342e81ee93d090db1d7a5bccb421b7682b2d14eff74119cadf3c41c6f5a1b,SAME_GROUP_HOLDOUT_SIBLING_NOT_EVALUATED,,b0c626de4c74219745fbcd544a8fb3bc2ee8d7d78c9d2537c2a02ea31cc71f9d
ml/data/candidates/reject_v2/test/keyboard/IMG_20250822_135925_jpg.rf.04443fe2e82a23db600b84c069b411e2.jpg,test,keyboard,test,c02afe2c271d0952d3ccf7e944703dc5094a0c1b8740e4994e09e7b6d3d98b2f,COPIED,ml/data/candidates/phase11_reblocked/test/keyboard/IMG_20250822_135925_jpg.rf.04443fe2e82a23db600b84c069b411e2.jpg,9ab93f4f865b36aaf109bf5f9cb4be34a4130e9727e1b2c56d6da74d6b761cf6
ml/data/candidates/reject_v2/validation/light_bulb/IMG_20250822_141412_jpg.rf.3d05d23629aa3c7c3dc4bf5fb475b8ab.jpg,validation,light_bulb,train,e645910e1c6232484bfe73f0e6400aa3049079dc617deb74397a2168a83679af,COPIED,ml/data/candidates/phase11_reblocked/train/light_bulb/IMG_20250822_141412_jpg.rf.3d05d23629aa3c7c3dc4bf5fb475b8ab.jpg,b942bc46c12889ea21f14c5e880485776cdc6c9ebdb55fb8d6b01c02956a93a6
ml/data/candidates/reject_v2/test/light_bulb/IMG_20250803_221548_jpg.rf.bbe6ae2021e28b57ff8d34546aa38603.jpg,test,light_bulb,train,f81140f10cef365b53becf3fff6c785ddea7e1fd871fa00f92b88f4fde541928,COPIED,ml/data/candidates/phase11_reblocked/train/light_bulb/IMG_20250803_221548_jpg.rf.bbe6ae2021e28b57ff8d34546aa38603.jpg,9893ef8cd1f133361e9b425a5c56b66957c456001db8ba08dc607f88c29d998d
ml/data/candidates/reject_v2/test/light_bulb/IMG_20250803_221617_jpg.rf.18ca7c3cad8949d8e4b6178c404d1fae.jpg,test,light_bulb,train,f4e31fe7d88027fb8a9fa04e1286c82e4fee97d19af54221234a4ea7261ac369,COPIED,ml/data/candidates/phase11_reblocked/train/light_bulb/IMG_20250803_221617_jpg.rf.18ca7c3cad8949d8e4b6178c404d1fae.jpg,7cded0dc993e8ce7d3bf273f290eaf973b37d211f5e91536bd231d228a1fedc6
ml/data/candidates/reject_v2/train/light_bulb/IMG_20250822_141403_jpg.rf.19e3d232d5904a652a032787d25f6cd9.jpg,train,light_bulb,train,7b420d4f7e183eeda153729051a7f4b52c4d5e211ec92fe5484c6b5332b5be11,COPIED,ml/data/candidates/phase11_reblocked/train/light_bulb/IMG_20250822_141403_jpg.rf.19e3d232d5904a652a032787d25f6cd9.jpg,ea0f71987b1fe9041e3ce01c3ef19794b257b4131db56d3c58155299f5af66af
ml/data/candidates/reject_v2/train/light_bulb/IMG_20250822_141403_jpg.rf.1c586b0421fa11959c4e118b1910d8e2.jpg,train,light_bulb,train,7b420d4f7e183eeda153729051a7f4b52c4d5e211ec92fe5484c6b5332b5be11,COPIED,ml/data/candidates/phase11_reblocked/train/light_bulb/IMG_20250822_141403_jpg.rf.1c586b0421fa11959c4e118b1910d8e2.jpg,7f45a26dace8a60ea1c2a5521e4f3a5725bd0f106fda4c809c3fbf7b907af9f2
ml/data/candidates/reject_v2/train/light_bulb/IMG_20250822_141403_jpg.rf.99bd644f598956021c62cf44dffacd07.jpg,train,light_bulb,train,7b420d4f7e183eeda153729051a7f4b52c4d5e211ec92fe5484c6b5332b5be11,COPIED,ml/data/candidates/phase11_reblocked/train/light_bulb/IMG_20250822_141403_jpg.rf.99bd644f598956021c62cf44dffacd07.jpg,c6367070bb059737ae063a5caaa551506f59c5dbc3c8d2c8cfe4e4bec5a59100
ml/data/candidates/reject_v2/train/light_bulb/IMG_20250803_221549_jpg.rf.135769e2e92fd517bad64014f32f9d47.jpg,train,light_bulb,train,2899764292d8a0c03b1911b751c8ecd004f64da0a868becb5820526864cbb574,COPIED,ml/data/candidates/phase11_reblocked/train/light_bulb/IMG_20250803_221549_jpg.rf.135769e2e92fd517bad64014f32f9d47.jpg,02a4aeec1a3f7e185f9ae693adc77291cda103fa26e695a154a210f356bfcf2e
ml/data/candidates/reject_v2/train/light_bulb/IMG_20250803_221549_jpg.rf.66274da77e4c02433cd4818ecdcdc5d1.jpg,train,light_bulb,train,2899764292d8a0c03b1911b751c8ecd004f64da0a868becb5820526864cbb574,COPIED,ml/data/candidates/phase11_reblocked/train/light_bulb/IMG_20250803_221549_jpg.rf.66274da77e4c02433cd4818ecdcdc5d1.jpg,b220d8c44c38ea309e83126f41eddaf69f490ed7d4d55a4f03b18751f2c8c41d
ml/data/candidates/reject_v2/train/light_bulb/IMG_20250803_221549_jpg.rf.a144c70417f4b67973bd4e05fa9b80c0.jpg,train,light_bulb,train,2899764292d8a0c03b1911b751c8ecd004f64da0a868becb5820526864cbb574,COPIED,ml/data/candidates/phase11_reblocked/train/light_bulb/IMG_20250803_221549_jpg.rf.a144c70417f4b67973bd4e05fa9b80c0.jpg,68026de2b149681b08491e14204bca371419bd24f79bf7f446d678077a67ad9f
ml/data/candidates/reject_v2/train/light_bulb/IMG_20250822_141410_jpg.rf.b9d7955619ab2d3356f69d6dd08bde28.jpg,train,light_bulb,train,6efb9e96dcacf1faa91cb000573138e3f93e1fea8b6c50481f876abe05c255cf,COPIED,ml/data/candidates/phase11_reblocked/train/light_bulb/IMG_20250822_141410_jpg.rf.b9d7955619ab2d3356f69d6dd08bde28.jpg,2882ac26f15ff7a2b92d020aaa3431f51d291a759a96e5964261cd9c1daa38f4
ml/data/candidates/reject_v2/train/light_bulb/IMG_20250822_141404_jpg.rf.6d91b77b58587f431efaf185b2d12dc3.jpg,train,light_bulb,train,cf8ee147505eddc7e3dcf23ba904aacafbee8d039438c998fcfa4c1aed3d480e,COPIED,ml/data/candidates/phase11_reblocked/train/light_bulb/IMG_20250822_141404_jpg.rf.6d91b77b58587f431efaf185b2d12dc3.jpg,e017086a7ce03e26c0d18dd0e24d0a074154318d3b985ca9d41c54cd69d980a1
ml/data/candidates/reject_v2/train/light_bulb/IMG_20250803_221616_jpg.rf.7f6c3ecf7c42ca857b8c08fd7a2ad714.jpg,train,light_bulb,train,5b5ea7d454799fcd9e0cd3ac64d7b76dd3116efc51218d700a28f17917dbee78,COPIED,ml/data/candidates/phase11_reblocked/train/light_bulb/IMG_20250803_221616_jpg.rf.7f6c3ecf7c42ca857b8c08fd7a2ad714.jpg,7b99f80b1ca10d8a4862caba8b5469a00db49c74ba14490a3f1030596aa82b8a
ml/data/candidates/reject_v2/train/light_bulb/IMG_20250803_221616_jpg.rf.b118d9a79f1e942505f45d6817d800d3.jpg,train,light_bulb,train,5b5ea7d454799fcd9e0cd3ac64d7b76dd3116efc51218d700a28f17917dbee78,COPIED,ml/data/candidates/phase11_reblocked/train/light_bulb/IMG_20250803_221616_jpg.rf.b118d9a79f1e942505f45d6817d800d3.jpg,d6035ef9ed894515580fd14bd7c981072adcc74872091dba1ae3469dfd7bb0e3
ml/data/candidates/reject_v2/train/light_bulb/IMG_20250803_221616_jpg.rf.c74b311995cc43c196ea245affd1bdf5.jpg,train,light_bulb,train,5b5ea7d454799fcd9e0cd3ac64d7b76dd3116efc51218d700a28f17917dbee78,COPIED,ml/data/candidates/phase11_reblocked/train/light_bulb/IMG_20250803_221616_jpg.rf.c74b311995cc43c196ea245affd1bdf5.jpg,9e92603ae7b3e4da8b1fd221d404d9e4fa8f39bb44b665b44f70e1fecd53499e
ml/data/candidates/reject_v2/test/light_bulb/IMG_20250803_221615_jpg.rf.b08ac1fd862f41b0aff68cc4a9a7add8.jpg,test,light_bulb,train,f3795dbe5d766ef3bf20d3b7d0385d90117ac211eb1f2c62cba878ffe4514346,COPIED,ml/data/candidates/phase11_reblocked/train/light_bulb/IMG_20250803_221615_jpg.rf.b08ac1fd862f41b0aff68cc4a9a7add8.jpg,dc25296908400b7be8021aa054bc7ea89c7521300573269fd8c378edc5914d37
ml/data/candidates/reject_v2/train/light_bulb/IMG_20250803_221618_jpg.rf.b637bd884b598469d476483811c20186.jpg,train,light_bulb,train,e14e56a856d41eacc5828cdbb9564b35e795fd84f9b02b248ab546b2f68491a7,COPIED,ml/data/candidates/phase11_reblocked/train/light_bulb/IMG_20250803_221618_jpg.rf.b637bd884b598469d476483811c20186.jpg,dac4370d1886bea4dd67b29bcfe871acc4a79c080792ea62efe50d904d4be9c0
ml/data/candidates/reject_v2/train/light_bulb/IMG_20250822_141400_jpg.rf.3c8f9349ed83353c3f03a134a18ccddf.jpg,train,light_bulb,train,3e3d39287129dffeff772783efb2fb0d29679d6b05fe38d2a4264123c15ccdad,COPIED,ml/data/candidates/phase11_reblocked/train/light_bulb/IMG_20250822_141400_jpg.rf.3c8f9349ed83353c3f03a134a18ccddf.jpg,f01ab25fdd00867f9871198aa7d0d7e7bbb0eb7ed5070e8e12fe99670618c5ec
ml/data/candidates/reject_v2/train/light_bulb/IMG_20250803_221619_jpg.rf.12b725a56fd72f6896a0fc4d2c8087f4.jpg,train,light_bulb,train,7fdc5b21656198fc01f3bfb08260cef53f5d397b210394e5253c5593a3ea814c,COPIED,ml/data/candidates/phase11_reblocked/train/light_bulb/IMG_20250803_221619_jpg.rf.12b725a56fd72f6896a0fc4d2c8087f4.jpg,f15a004b66095eac30c60674515a0c112ac6750ba7edb830dae11f577bdf469d
ml/data/candidates/reject_v2/train/light_bulb/IMG_20250803_221619_jpg.rf.64b63ed1dc1649179c5d49d89679808d.jpg,train,light_bulb,train,7fdc5b21656198fc01f3bfb08260cef53f5d397b210394e5253c5593a3ea814c,COPIED,ml/data/candidates/phase11_reblocked/train/light_bulb/IMG_20250803_221619_jpg.rf.64b63ed1dc1649179c5d49d89679808d.jpg,5dee55ffdbc95ad12ca1cdee6a595cbe42b81a1f1ac1f9c1646447bc6631cd89
ml/data/candidates/reject_v2/train/light_bulb/IMG_20250803_221619_jpg.rf.97808c7a9df0b9f41ea06343905eadf9.jpg,train,light_bulb,train,7fdc5b21656198fc01f3bfb08260cef53f5d397b210394e5253c5593a3ea814c,COPIED,ml/data/candidates/phase11_reblocked/train/light_bulb/IMG_20250803_221619_jpg.rf.97808c7a9df0b9f41ea06343905eadf9.jpg,1b3f679fdcb9117686c7717ace87e6cf70320b2c2566671eb236966eafbecf7f
ml/data/candidates/reject_v2/train/light_bulb/IMG_20250822_141411_jpg.rf.7f97275e9e873ecb13a34916d817598d.jpg,train,light_bulb,train,d96b60c6fc8bd2812553668726b39fa023dd45fb4585e0fde85bd5b09533b897,COPIED,ml/data/candidates/phase11_reblocked/train/light_bulb/IMG_20250822_141411_jpg.rf.7f97275e9e873ecb13a34916d817598d.jpg,1cc934f7194ef041129f02eabee826150836935147883281640839cb89dd9c59
ml/data/candidates/reject_v2/train/light_bulb/IMG_20250822_141411_jpg.rf.e3fd0bbd8578b6e85384de5de1f4eb25.jpg,train,light_bulb,train,d96b60c6fc8bd2812553668726b39fa023dd45fb4585e0fde85bd5b09533b897,COPIED,ml/data/candidates/phase11_reblocked/train/light_bulb/IMG_20250822_141411_jpg.rf.e3fd0bbd8578b6e85384de5de1f4eb25.jpg,45b00a36ea455751fb887853db9a8f6517008c62fc8f590c09962c2509c420c7
ml/data/candidates/reject_v2/train/light_bulb/IMG_20250822_141411_jpg.rf.ee4dc4defee0fcfc3d33d7897f74fd85.jpg,train,light_bulb,train,d96b60c6fc8bd2812553668726b39fa023dd45fb4585e0fde85bd5b09533b897,COPIED,ml/data/candidates/phase11_reblocked/train/light_bulb/IMG_20250822_141411_jpg.rf.ee4dc4defee0fcfc3d33d7897f74fd85.jpg,4db9f88a6333d266b3b754f2dedc59f12559a058d7860c178ef99dbb2f1de8ed
ml/data/candidates/reject_v2/train/light_bulb/IMG_20250822_141413_jpg.rf.44eba5fa33d4d42b6a4588e3de4626c5.jpg,train,light_bulb,train,d96b60c6fc8bd2812553668726b39fa023dd45fb4585e0fde85bd5b09533b897,COPIED,ml/data/candidates/phase11_reblocked/train/light_bulb/IMG_20250822_141413_jpg.rf.44eba5fa33d4d42b6a4588e3de4626c5.jpg,8f61d0776eb1b0defd3f72cf08facf2c572b73e0541a4fda2da861ddbbfba589
ml/data/candidates/reject_v2/train/light_bulb/IMG_20250803_221537_jpg.rf.6c02f2d1ea96ce9e55e6eeec162acf3f.jpg,train,light_bulb,validation,021469ab6a469745cf20fe3a83bf170ea360b4d787c52fa26b65c547f4c38606,SAME_GROUP_HOLDOUT_SIBLING_NOT_EVALUATED,,f464fd83f906b2617836e0f62db46ad4dbcc71b90ef58026daef2af1187dad0f
ml/data/candidates/reject_v2/train/light_bulb/IMG_20250803_221537_jpg.rf.97320efab0670bf09f6f9fb99989089b.jpg,train,light_bulb,validation,021469ab6a469745cf20fe3a83bf170ea360b4d787c52fa26b65c547f4c38606,SAME_GROUP_HOLDOUT_SIBLING_NOT_EVALUATED,,be29629a79c15d14d673311754800954820a2da1222bd741a994d11c4309fc98
ml/data/candidates/reject_v2/train/light_bulb/IMG_20250803_221537_jpg.rf.f94a1d39a26e5aacb39cde33918a6f82.jpg,train,light_bulb,validation,021469ab6a469745cf20fe3a83bf170ea360b4d787c52fa26b65c547f4c38606,SAME_GROUP_HOLDOUT_SIBLING_NOT_EVALUATED,,4d7e60f85a5732ed7ea3405dfffc31ed7b0149e0ccb72d319fa4325f8393a39b
ml/data/candidates/reject_v2/train/light_bulb/IMG_20250803_221540_jpg.rf.4f9bb25d98be82836fbab60b5db2ec62.jpg,train,light_bulb,validation,021469ab6a469745cf20fe3a83bf170ea360b4d787c52fa26b65c547f4c38606,COPIED,ml/data/candidates/phase11_reblocked/validation/light_bulb/IMG_20250803_221540_jpg.rf.4f9bb25d98be82836fbab60b5db2ec62.jpg,3a46277c6a2a80a92c521bcb43637e82e4e3dfc38a8f539ccb01414236427ef9
ml/data/candidates/reject_v2/train/light_bulb/IMG_20250803_221540_jpg.rf.7c1bf9738f9bc3a5e16edfeb0e65ab3b.jpg,train,light_bulb,validation,021469ab6a469745cf20fe3a83bf170ea360b4d787c52fa26b65c547f4c38606,SAME_GROUP_HOLDOUT_SIBLING_NOT_EVALUATED,,f26bfae8ebb57f1737c74d791573ae4cc81c7c1a4dff29cbe4f15caa00feda19
ml/data/candidates/reject_v2/train/light_bulb/IMG_20250803_221540_jpg.rf.f9b97fe2736a6f96ae51d8ab22f144e5.jpg,train,light_bulb,validation,021469ab6a469745cf20fe3a83bf170ea360b4d787c52fa26b65c547f4c38606,SAME_GROUP_HOLDOUT_SIBLING_NOT_EVALUATED,,a9e3819dcef80803064e2e5a1edd39a1f165dd00af7c55338edc44da19c8bbe5
ml/data/candidates/reject_v2/validation/light_bulb/IMG_20250803_221539_jpg.rf.fdd8d01810754a6be1a9802cba87e223.jpg,validation,light_bulb,validation,021469ab6a469745cf20fe3a83bf170ea360b4d787c52fa26b65c547f4c38606,SAME_GROUP_HOLDOUT_SIBLING_NOT_EVALUATED,,71cee41eb1a1d5ae551d2f94de28e894e4bd117595953ae6b4c18821f68b9865
ml/data/candidates/reject_v2/validation/light_bulb/IMG_20250803_221536_jpg.rf.26e05e99bc87190157b9a9301cfa7fa9.jpg,validation,light_bulb,validation,b76c3774a63d6d198008399a2eb3bc782207fa460c53129ef2c7c2caf7df8093,COPIED,ml/data/candidates/phase11_reblocked/validation/light_bulb/IMG_20250803_221536_jpg.rf.26e05e99bc87190157b9a9301cfa7fa9.jpg,d499113d3382960137542445c3527a84e6886fb6a477c84dea9cb6e9a3092767
ml/data/candidates/reject_v2/train/light_bulb/IMG_20250822_141402_jpg.rf.147dbc7c98a9e7847b93c64852d91305.jpg,train,light_bulb,validation,872507116d41351ae5b75c172032125eaa990471ccff131dfe708afc47176f54,SAME_GROUP_HOLDOUT_SIBLING_NOT_EVALUATED,,ef858a1f38b6e52f52e6f29d3a51e77f5818a18a530302ee228683daceb0890c
ml/data/candidates/reject_v2/train/light_bulb/IMG_20250822_141402_jpg.rf.214c85d011255ecfc4a91b59fcc776e0.jpg,train,light_bulb,validation,872507116d41351ae5b75c172032125eaa990471ccff131dfe708afc47176f54,COPIED,ml/data/candidates/phase11_reblocked/validation/light_bulb/IMG_20250822_141402_jpg.rf.214c85d011255ecfc4a91b59fcc776e0.jpg,78bd7a22a241b6401d176942d3924fd07f4c289a4ca886dc75fd7ff125fa0ea9
ml/data/candidates/reject_v2/train/light_bulb/IMG_20250822_141402_jpg.rf.21c2253da654d790d3abcf04666f1d11.jpg,train,light_bulb,validation,872507116d41351ae5b75c172032125eaa990471ccff131dfe708afc47176f54,SAME_GROUP_HOLDOUT_SIBLING_NOT_EVALUATED,,ea13b51fafa00cf7345dd107156186ccca39edf710c9bc69887c55ef14ed8e81
ml/data/candidates/reject_v2/train/light_bulb/IMG_20250803_221547_jpg.rf.dbb530e4d0f3246831ae909814647b27.jpg,train,light_bulb,test,31a4a2d4031d13d5296e7f97f487c9a0e5406a3a1d5012bfdf157c29a084f017,COPIED,ml/data/candidates/phase11_reblocked/test/light_bulb/IMG_20250803_221547_jpg.rf.dbb530e4d0f3246831ae909814647b27.jpg,1009b58f7eca482d1cc26be9d109de2e10050f2defeb2b4e79ef250e7dd702b8
ml/data/candidates/reject_v2/train/light_bulb/IMG_20250822_141409_jpg.rf.eb99c6c8913564fb9fec562a6b143f40.jpg,train,light_bulb,test,de2165570ec1139c58f25f3187cee37caf3c612da2acd8106ec74f89792ec5a0,COPIED,ml/data/candidates/phase11_reblocked/test/light_bulb/IMG_20250822_141409_jpg.rf.eb99c6c8913564fb9fec562a6b143f40.jpg,1ab1a45282b75a17d85f28dd5092e617018958fcf346cee69a11fe4690bf952e
ml/data/candidates/reject_v2/train/mobile_phone/IMG_20250805_203923_jpg.rf.5c6fc3c85b160812cf0a3d80250b24d1.jpg,train,mobile_phone,train,5cb8f5ad54a0c16d7096964f8592c95a3a7e66124c94d7dbbe2f33142045a2a7,COPIED,ml/data/candidates/phase11_reblocked/train/mobile_phone/IMG_20250805_203923_jpg.rf.5c6fc3c85b160812cf0a3d80250b24d1.jpg,5b6f2e15644540e05c394dfe96cd21ee76db1724d38fb36ec8804fb48a6d2e2c
ml/data/candidates/reject_v2/train/mobile_phone/IMG_20250805_203923_jpg.rf.c391e7c791e4efc10d2f5cd5e5ffabea.jpg,train,mobile_phone,train,5cb8f5ad54a0c16d7096964f8592c95a3a7e66124c94d7dbbe2f33142045a2a7,COPIED,ml/data/candidates/phase11_reblocked/train/mobile_phone/IMG_20250805_203923_jpg.rf.c391e7c791e4efc10d2f5cd5e5ffabea.jpg,621d1a36351ea3610d581523d7f96eb96e732a6f544d8c30b7fd314c86a8ef4b
ml/data/candidates/reject_v2/train/mobile_phone/IMG_20250805_203923_jpg.rf.d38a90effba05a5b6fd5e7ac1cef65ec.jpg,train,mobile_phone,train,5cb8f5ad54a0c16d7096964f8592c95a3a7e66124c94d7dbbe2f33142045a2a7,COPIED,ml/data/candidates/phase11_reblocked/train/mobile_phone/IMG_20250805_203923_jpg.rf.d38a90effba05a5b6fd5e7ac1cef65ec.jpg,c793f97ea2b87a2ffdf6f46f1705dc3782c8b25347d6a358cdc0ea094c69122f
ml/data/candidates/reject_v2/test/mobile_phone/IMG_20250803_220037_jpg.rf.a1e1878bef855197a7260cca88694e51.jpg,test,mobile_phone,train,3ed034216437e3841ab93dfaf0fb037a1a361709584e9d2e1ad853473aeefa59,COPIED,ml/data/candidates/phase11_reblocked/train/mobile_phone/IMG_20250803_220037_jpg.rf.a1e1878bef855197a7260cca88694e51.jpg,134dc9a0d3b038b76eaad7be0585f01d43a8590493c9adbb5e3d0105dc3b8286
ml/data/candidates/reject_v2/train/mobile_phone/IMG_20250805_203338_jpg.rf.29bc49ddc66d6aeb9a9b51d1b216f1ec.jpg,train,mobile_phone,train,6453a7bd552b04b550702411a5f0b47b6d6d5479db46602f12c46ad966aaac5e,COPIED,ml/data/candidates/phase11_reblocked/train/mobile_phone/IMG_20250805_203338_jpg.rf.29bc49ddc66d6aeb9a9b51d1b216f1ec.jpg,8984b3f63de917d5914e94bea4f943ea59832f8c14170582b8072fd080ccb8f8
ml/data/candidates/reject_v2/train/mobile_phone/IMG_20250805_203338_jpg.rf.68cadbff708a1a27b20e57a030073a53.jpg,train,mobile_phone,train,6453a7bd552b04b550702411a5f0b47b6d6d5479db46602f12c46ad966aaac5e,COPIED,ml/data/candidates/phase11_reblocked/train/mobile_phone/IMG_20250805_203338_jpg.rf.68cadbff708a1a27b20e57a030073a53.jpg,621bdbb570e6193ba51900a86570f41949ac3abbea13e1d37b37e16ef680f36a
ml/data/candidates/reject_v2/train/mobile_phone/IMG_20250805_203338_jpg.rf.967c7c7b3f77ddf047ed91906ea0686d.jpg,train,mobile_phone,train,6453a7bd552b04b550702411a5f0b47b6d6d5479db46602f12c46ad966aaac5e,COPIED,ml/data/candidates/phase11_reblocked/train/mobile_phone/IMG_20250805_203338_jpg.rf.967c7c7b3f77ddf047ed91906ea0686d.jpg,da6f2adb4d6169ab8396d3d8ba02d8459bc61e99455263057830f18ef5691152
ml/data/candidates/reject_v2/test/mobile_phone/IMG_20250805_203338_1_jpg.rf.bf2025683e05750526dc29fc829b8ac5.jpg,test,mobile_phone,train,6453a7bd552b04b550702411a5f0b47b6d6d5479db46602f12c46ad966aaac5e,COPIED,ml/data/candidates/phase11_reblocked/train/mobile_phone/IMG_20250805_203338_1_jpg.rf.bf2025683e05750526dc29fc829b8ac5.jpg,c9be20972a6dede5b730e8ba84f60cf302a4627f0dd5e5b04a3342b35e3f3703
ml/data/candidates/reject_v2/validation/mobile_phone/IMG_20250805_203337_jpg.rf.619c09a827a0821443b40ad63fcaba9c.jpg,validation,mobile_phone,train,bcc472408edd3ada53afd28457ecce0e6867cff54e279fb59db450c195910460,COPIED,ml/data/candidates/phase11_reblocked/train/mobile_phone/IMG_20250805_203337_jpg.rf.619c09a827a0821443b40ad63fcaba9c.jpg,9ee3979a44395abce0c4a6a7f2377a6dd044d22e0e05ba45f12b22ae4e9fac79
ml/data/candidates/reject_v2/train/mobile_phone/IMG_20250803_220114_jpg.rf.402c2f2a849eda8b99f516509e711de9.jpg,train,mobile_phone,train,eadf4150aa7fe674c22f06b019ae7a235822790daf6e87a7cde300ab46f92cb8,COPIED,ml/data/candidates/phase11_reblocked/train/mobile_phone/IMG_20250803_220114_jpg.rf.402c2f2a849eda8b99f516509e711de9.jpg,5b5dda93f32c1aba25d7444faaed0848383747fec2e5ca8867ec87ea5beb0a8d
ml/data/candidates/reject_v2/train/mobile_phone/IMG_20250803_220114_jpg.rf.68d25d49b60c21e990f42a77571309d7.jpg,train,mobile_phone,train,eadf4150aa7fe674c22f06b019ae7a235822790daf6e87a7cde300ab46f92cb8,COPIED,ml/data/candidates/phase11_reblocked/train/mobile_phone/IMG_20250803_220114_jpg.rf.68d25d49b60c21e990f42a77571309d7.jpg,9b5f703740f7d502c62e066e78ec9f39be87d775b258fb3ee538da05a073fa0f
ml/data/candidates/reject_v2/train/mobile_phone/IMG_20250803_220114_jpg.rf.b245c7433620d8fc6007ccff153e2fb3.jpg,train,mobile_phone,train,eadf4150aa7fe674c22f06b019ae7a235822790daf6e87a7cde300ab46f92cb8,COPIED,ml/data/candidates/phase11_reblocked/train/mobile_phone/IMG_20250803_220114_jpg.rf.b245c7433620d8fc6007ccff153e2fb3.jpg,1c317623fb1feca991b7155f272a56dd775cf881763d3c0fe38a8d8007ea988b
ml/data/candidates/reject_v2/train/mobile_phone/IMG_20250803_220117_jpg.rf.0594f79bcf0bff0635472395fec31752.jpg,train,mobile_phone,train,eadf4150aa7fe674c22f06b019ae7a235822790daf6e87a7cde300ab46f92cb8,COPIED,ml/data/candidates/phase11_reblocked/train/mobile_phone/IMG_20250803_220117_jpg.rf.0594f79bcf0bff0635472395fec31752.jpg,e88770d021f1eae3805fd7a65e07e7b1daff5cf17e2481d1773c669e9e3f4fe6
ml/data/candidates/reject_v2/train/mobile_phone/IMG_20250805_203809_jpg.rf.8369f309373ddafa37f990cc84d96df6.jpg,train,mobile_phone,train,097d61da8a4bca04afe4338e1232f215a4c93989a6f454cf88dfadaddc3dc7ad,COPIED,ml/data/candidates/phase11_reblocked/train/mobile_phone/IMG_20250805_203809_jpg.rf.8369f309373ddafa37f990cc84d96df6.jpg,2ed4ec74a2b112b9533a89c4f5bab8e7a9b5d008e8620f1f80bfd2ed887ad94a
ml/data/candidates/reject_v2/train/mobile_phone/IMG_20250805_203809_jpg.rf.d485d98923b15ece68c49e6175f4a60c.jpg,train,mobile_phone,train,097d61da8a4bca04afe4338e1232f215a4c93989a6f454cf88dfadaddc3dc7ad,COPIED,ml/data/candidates/phase11_reblocked/train/mobile_phone/IMG_20250805_203809_jpg.rf.d485d98923b15ece68c49e6175f4a60c.jpg,fbe6db9cb292f39c780884dc114bc7f32dc313498a06e9952dbf3bae315ed7ad
ml/data/candidates/reject_v2/train/mobile_phone/IMG_20250805_203809_jpg.rf.f06f5be1cc7487eb12962a962b35eff3.jpg,train,mobile_phone,train,097d61da8a4bca04afe4338e1232f215a4c93989a6f454cf88dfadaddc3dc7ad,COPIED,ml/data/candidates/phase11_reblocked/train/mobile_phone/IMG_20250805_203809_jpg.rf.f06f5be1cc7487eb12962a962b35eff3.jpg,5c9a40c00b064ba0904b19db246f171293d375be53df35fdc485d3758946daba
ml/data/candidates/reject_v2/train/mobile_phone/IMG_20250805_203811_jpg.rf.3aea3cdfa197fc1c8c2597ab337d7345.jpg,train,mobile_phone,train,097d61da8a4bca04afe4338e1232f215a4c93989a6f454cf88dfadaddc3dc7ad,COPIED,ml/data/candidates/phase11_reblocked/train/mobile_phone/IMG_20250805_203811_jpg.rf.3aea3cdfa197fc1c8c2597ab337d7345.jpg,d2ca036f9a4a95165fb5fb7d405ee4f20a930c7d45cef880fbfde88589e21b36
ml/data/candidates/reject_v2/train/mobile_phone/IMG_20250805_203811_jpg.rf.699b0103080853f83b5e914cd660a1b6.jpg,train,mobile_phone,train,097d61da8a4bca04afe4338e1232f215a4c93989a6f454cf88dfadaddc3dc7ad,COPIED,ml/data/candidates/phase11_reblocked/train/mobile_phone/IMG_20250805_203811_jpg.rf.699b0103080853f83b5e914cd660a1b6.jpg,824332baf1dc49ec85644e34dbd82fdb8cd54b348dacdc1b83ac29e1ff35fb50
ml/data/candidates/reject_v2/train/mobile_phone/IMG_20250805_203811_jpg.rf.cacd2c991eef295d45f4243e2a06b1c9.jpg,train,mobile_phone,train,097d61da8a4bca04afe4338e1232f215a4c93989a6f454cf88dfadaddc3dc7ad,COPIED,ml/data/candidates/phase11_reblocked/train/mobile_phone/IMG_20250805_203811_jpg.rf.cacd2c991eef295d45f4243e2a06b1c9.jpg,74158a996b889cde7bf6eac1c7576d26540a421b0f59623a11dc3cc680fd9477
ml/data/candidates/reject_v2/train/mobile_phone/IMG_20250805_203812_jpg.rf.41c07d004c67e427803ca860bc03612b.jpg,train,mobile_phone,train,097d61da8a4bca04afe4338e1232f215a4c93989a6f454cf88dfadaddc3dc7ad,COPIED,ml/data/candidates/phase11_reblocked/train/mobile_phone/IMG_20250805_203812_jpg.rf.41c07d004c67e427803ca860bc03612b.jpg,68c251c620668fd1394f74497769e92572b5e54b3050739d56ab14fd2bc52fba
ml/data/candidates/reject_v2/test/mobile_phone/IMG_20250803_220149_jpg.rf.ea36148ba2419eaf41dc5822d2e5d88a.jpg,test,mobile_phone,train,11603f699f9d5d0d80a1b4a1ee100a27ca2dc82c7fbda3165bdf4ced93c9af44,COPIED,ml/data/candidates/phase11_reblocked/train/mobile_phone/IMG_20250803_220149_jpg.rf.ea36148ba2419eaf41dc5822d2e5d88a.jpg,45ea5fe1987a16a6d118391cae9993277ed983e8e73c60eb4aad22cc968b0dc8
ml/data/candidates/reject_v2/train/mobile_phone/IMG_20250803_220139_jpg.rf.36b05a61cd0dc1dc31f88bba93e1bb4a.jpg,train,mobile_phone,train,23d1f65cca227f05dcafad6aefb533266e53ed131829929fdfb95fd22837f0b4,COPIED,ml/data/candidates/phase11_reblocked/train/mobile_phone/IMG_20250803_220139_jpg.rf.36b05a61cd0dc1dc31f88bba93e1bb4a.jpg,656090beebb7a78a1985af770870471264e87491b5420ecd95bbbc6daca4be0d
ml/data/candidates/reject_v2/train/mobile_phone/IMG_20250803_220139_jpg.rf.b251b658131e5aa6fd0b7b709752795a.jpg,train,mobile_phone,train,23d1f65cca227f05dcafad6aefb533266e53ed131829929fdfb95fd22837f0b4,COPIED,ml/data/candidates/phase11_reblocked/train/mobile_phone/IMG_20250803_220139_jpg.rf.b251b658131e5aa6fd0b7b709752795a.jpg,086ad7c1e0f9018fa9fde8641ad7358d42ab851c493df4e56fe8145ff2105b23
ml/data/candidates/reject_v2/train/mobile_phone/IMG_20250803_220139_jpg.rf.bd9b54c63814502bd5ac48c1d34207ce.jpg,train,mobile_phone,train,23d1f65cca227f05dcafad6aefb533266e53ed131829929fdfb95fd22837f0b4,COPIED,ml/data/candidates/phase11_reblocked/train/mobile_phone/IMG_20250803_220139_jpg.rf.bd9b54c63814502bd5ac48c1d34207ce.jpg,41f43fc545c04c5b8a54514b9b93bc9cb7afad06d7f47e912d324fa59e831c8e
ml/data/candidates/reject_v2/train/mobile_phone/IMG_20250803_220030_jpg.rf.1f79ea661a57dc1bd9c74db29adb4ec2.jpg,train,mobile_phone,train,bcc14f60261a546334de46b60fd6dd99f9b51d3b1a848c7d36cb63cea8c11ba9,COPIED,ml/data/candidates/phase11_reblocked/train/mobile_phone/IMG_20250803_220030_jpg.rf.1f79ea661a57dc1bd9c74db29adb4ec2.jpg,2755f640559123a82d389470f25667c712fb64f37e6008992a42496cb2ab7635
ml/data/candidates/reject_v2/train/mobile_phone/IMG_20250803_220030_jpg.rf.760f092cef34c6d36f6e2aed8301671b.jpg,train,mobile_phone,train,bcc14f60261a546334de46b60fd6dd99f9b51d3b1a848c7d36cb63cea8c11ba9,COPIED,ml/data/candidates/phase11_reblocked/train/mobile_phone/IMG_20250803_220030_jpg.rf.760f092cef34c6d36f6e2aed8301671b.jpg,f22a33673bbd9a6469dc96190c3878fefd5c90e8e32b49c24811bd6ebf7671bf
ml/data/candidates/reject_v2/train/mobile_phone/IMG_20250803_220030_jpg.rf.bc24b1cc81bf8a1602888ab65ab72e10.jpg,train,mobile_phone,train,bcc14f60261a546334de46b60fd6dd99f9b51d3b1a848c7d36cb63cea8c11ba9,COPIED,ml/data/candidates/phase11_reblocked/train/mobile_phone/IMG_20250803_220030_jpg.rf.bc24b1cc81bf8a1602888ab65ab72e10.jpg,ed30165c0fea78721da1d3eb18330dd0f1593996a782987a7714aed3fa6cb711
ml/data/candidates/reject_v2/train/mobile_phone/IMG_20250803_220031_jpg.rf.980993866f095141d958d78983b61f11.jpg,train,mobile_phone,train,bcc14f60261a546334de46b60fd6dd99f9b51d3b1a848c7d36cb63cea8c11ba9,COPIED,ml/data/candidates/phase11_reblocked/train/mobile_phone/IMG_20250803_220031_jpg.rf.980993866f095141d958d78983b61f11.jpg,28bf1be6f6bf166682bb765810b7de429189735666a04f684683cefd0dab676f
ml/data/candidates/reject_v2/test/mobile_phone/IMG_20250803_220352_jpg.rf.8d5cd74618268102d6ee8e431e2dc659.jpg,test,mobile_phone,train,cb478d481e31a4352f6517edd917f21c745ef5ed413c2eead38822ee065d7e1f,COPIED,ml/data/candidates/phase11_reblocked/train/mobile_phone/IMG_20250803_220352_jpg.rf.8d5cd74618268102d6ee8e431e2dc659.jpg,b6464c47c63d89e4c773b1bdae49a3f81feace5ee316b63d953e9762fab18b0b
ml/data/candidates/reject_v2/train/mobile_phone/IMG_20250805_203849_jpg.rf.03ad7178d8c57eaa9a3f7c594e4e47bc.jpg,train,mobile_phone,train,84925777ef72cea7928adab5f5c75f38fa965fb78b2357549086bb7303f187db,COPIED,ml/data/candidates/phase11_reblocked/train/mobile_phone/IMG_20250805_203849_jpg.rf.03ad7178d8c57eaa9a3f7c594e4e47bc.jpg,ee950f23635280326504c74041c8fddecc5895a3f3816ba8213068f945d363b8
ml/data/candidates/reject_v2/train/mobile_phone/IMG_20250805_203849_jpg.rf.839689c3cfa9fe4484b49c220997a6f1.jpg,train,mobile_phone,train,84925777ef72cea7928adab5f5c75f38fa965fb78b2357549086bb7303f187db,COPIED,ml/data/candidates/phase11_reblocked/train/mobile_phone/IMG_20250805_203849_jpg.rf.839689c3cfa9fe4484b49c220997a6f1.jpg,b19263cb5b33ee799df2268374622ca666109a426f64983a5221c6bff0d4f7ac
ml/data/candidates/reject_v2/train/mobile_phone/IMG_20250805_203849_jpg.rf.d31bf4530028b764a92ed062e7127dad.jpg,train,mobile_phone,train,84925777ef72cea7928adab5f5c75f38fa965fb78b2357549086bb7303f187db,COPIED,ml/data/candidates/phase11_reblocked/train/mobile_phone/IMG_20250805_203849_jpg.rf.d31bf4530028b764a92ed062e7127dad.jpg,43fb7d0908bf21800a1a11d6221df9cc61d61a22dadaab8c535a1e1434be3e74
ml/data/candidates/reject_v2/train/mobile_phone/IMG_20250803_220045_jpg.rf.337135edaed79d430b95b610ec32c0db.jpg,train,mobile_phone,train,0bf6ee211aaedac0971b5cc6b59c1d77b1124d231a0e7d21119e85fccbd901bc,COPIED,ml/data/candidates/phase11_reblocked/train/mobile_phone/IMG_20250803_220045_jpg.rf.337135edaed79d430b95b610ec32c0db.jpg,94a465a6621bf9ceed76151fbf7017d7635b8fdddaa2fc053e2fb86637bbaa03
ml/data/candidates/reject_v2/train/mobile_phone/IMG_20250803_220046_jpg.rf.3a0decfaa0e347e8daf2186f2dca2af1.jpg,train,mobile_phone,train,0bf6ee211aaedac0971b5cc6b59c1d77b1124d231a0e7d21119e85fccbd901bc,COPIED,ml/data/candidates/phase11_reblocked/train/mobile_phone/IMG_20250803_220046_jpg.rf.3a0decfaa0e347e8daf2186f2dca2af1.jpg,a3aaf553000fc507481a7531239f2908d70498df79b965695b4f4847c6736521
ml/data/candidates/reject_v2/train/mobile_phone/IMG_20250803_220046_jpg.rf.593a44abf20cee25f06845f455285742.jpg,train,mobile_phone,train,0bf6ee211aaedac0971b5cc6b59c1d77b1124d231a0e7d21119e85fccbd901bc,COPIED,ml/data/candidates/phase11_reblocked/train/mobile_phone/IMG_20250803_220046_jpg.rf.593a44abf20cee25f06845f455285742.jpg,9e91c5b5ff27c85611bfad6d98f8f5fe311ac20a2773ff974ea6f3109734fb69
ml/data/candidates/reject_v2/train/mobile_phone/IMG_20250803_220046_jpg.rf.e75fd5549c943e12ae1d5c9f747e2c80.jpg,train,mobile_phone,train,0bf6ee211aaedac0971b5cc6b59c1d77b1124d231a0e7d21119e85fccbd901bc,COPIED,ml/data/candidates/phase11_reblocked/train/mobile_phone/IMG_20250803_220046_jpg.rf.e75fd5549c943e12ae1d5c9f747e2c80.jpg,d58ccb221825149914392d27099eaf7919efe28bfccf90cedc26d35faec46fd9
ml/data/candidates/reject_v2/train/mobile_phone/IMG_20250803_220047_jpg.rf.13ad331e1f469809c4b1ba6f0748d0cf.jpg,train,mobile_phone,train,0bf6ee211aaedac0971b5cc6b59c1d77b1124d231a0e7d21119e85fccbd901bc,COPIED,ml/data/candidates/phase11_reblocked/train/mobile_phone/IMG_20250803_220047_jpg.rf.13ad331e1f469809c4b1ba6f0748d0cf.jpg,28f51d0da8a1a7a168e4945589f4f0602e48da76b344cabcc018999f5ee4da3c
ml/data/candidates/reject_v2/train/mobile_phone/IMG_20250803_220047_jpg.rf.dcce9a993294f06fa6c2078e37f74309.jpg,train,mobile_phone,train,0bf6ee211aaedac0971b5cc6b59c1d77b1124d231a0e7d21119e85fccbd901bc,COPIED,ml/data/candidates/phase11_reblocked/train/mobile_phone/IMG_20250803_220047_jpg.rf.dcce9a993294f06fa6c2078e37f74309.jpg,47d54694d99af0a399925d4a003b99d3595e00da073a0d1e189e0478c45dc6aa
ml/data/candidates/reject_v2/train/mobile_phone/IMG_20250803_220047_jpg.rf.f69036399cb844d4fa35545cbe8bf18c.jpg,train,mobile_phone,train,0bf6ee211aaedac0971b5cc6b59c1d77b1124d231a0e7d21119e85fccbd901bc,COPIED,ml/data/candidates/phase11_reblocked/train/mobile_phone/IMG_20250803_220047_jpg.rf.f69036399cb844d4fa35545cbe8bf18c.jpg,c2ea68e2e2c91dc810cbb8266e8f4f662577b420eb02495dc160a04584343151
ml/data/candidates/reject_v2/train/mobile_phone/IMG_20250805_203332_jpg.rf.d41ae9b5b36b9d521c1ca424ad79c0e8.jpg,train,mobile_phone,train,50d7e90c9a5735d82ca7df03ed86024127a27343c46c334e1a409dba7a250042,COPIED,ml/data/candidates/phase11_reblocked/train/mobile_phone/IMG_20250805_203332_jpg.rf.d41ae9b5b36b9d521c1ca424ad79c0e8.jpg,722d1911853f1df87206d5853959383f0f440b5e03218aac5e38032b1cf13ab0
ml/data/candidates/reject_v2/train/mobile_phone/IMG_20250803_220348_jpg.rf.2f88a5bd0de4e00950763150d344a288.jpg,train,mobile_phone,train,6c08efdf620a52b5992d9d6097a0c5c096e830eb54fdfaa467c38e1fcc1ed7d8,COPIED,ml/data/candidates/phase11_reblocked/train/mobile_phone/IMG_20250803_220348_jpg.rf.2f88a5bd0de4e00950763150d344a288.jpg,09fc38f1a755f36b580ca07b61d6b1f1eddc0d5e295a763e2db38e2d6ef949f9
ml/data/candidates/reject_v2/train/mobile_phone/IMG_20250803_220138_jpg.rf.c32f7dc03280433f7176d3be9f2d22a3.jpg,train,mobile_phone,train,f2e634a1ea7cb5fbecb5a2ea06803f25e3722726610fd3e12e4540481bb5cf04,COPIED,ml/data/candidates/phase11_reblocked/train/mobile_phone/IMG_20250803_220138_jpg.rf.c32f7dc03280433f7176d3be9f2d22a3.jpg,b9f4ead353bd2cbe4e3110fd12a71933fd1170c21c76a873012ac9d1c45ec470
ml/data/candidates/reject_v2/train/mobile_phone/IMG_20250805_203903_1_jpg.rf.a847a14922cb7973b83d4e2f3c655fb5.jpg,train,mobile_phone,train,8fe757feb395c05d10352b9026851078915f85bba3d72f16614cacf60424356a,COPIED,ml/data/candidates/phase11_reblocked/train/mobile_phone/IMG_20250805_203903_1_jpg.rf.a847a14922cb7973b83d4e2f3c655fb5.jpg,50256644b45eb803b3860b21e9fca07bae0b2d64640ed1e8b8519da2a43ed8ea
ml/data/candidates/reject_v2/train/mobile_phone/IMG_20250805_203903_1_jpg.rf.e6eac1f51cfb25d40b34be0a5ec6f1d5.jpg,train,mobile_phone,train,8fe757feb395c05d10352b9026851078915f85bba3d72f16614cacf60424356a,COPIED,ml/data/candidates/phase11_reblocked/train/mobile_phone/IMG_20250805_203903_1_jpg.rf.e6eac1f51cfb25d40b34be0a5ec6f1d5.jpg,20a3eda2b211454e617a475d0558ccb1fe7f9f4a7d51eb2272f9ced29ef2b894
ml/data/candidates/reject_v2/train/mobile_phone/IMG_20250805_203903_1_jpg.rf.f5cee8b017104a9e8573eb4524f0ff98.jpg,train,mobile_phone,train,8fe757feb395c05d10352b9026851078915f85bba3d72f16614cacf60424356a,COPIED,ml/data/candidates/phase11_reblocked/train/mobile_phone/IMG_20250805_203903_1_jpg.rf.f5cee8b017104a9e8573eb4524f0ff98.jpg,10ddd79fcb46f52b0a101a1677e4f18353c3805283051415cddc9d1e434cea5d
ml/data/candidates/reject_v2/train/mobile_phone/IMG_20250803_220022_jpg.rf.1b9bf10def62ebe2424913192f6033b6.jpg,train,mobile_phone,train,a7844fd05f20c98d75dabbb7af315890d241a7f08e62b1a912dd1e5a51c865b9,COPIED,ml/data/candidates/phase11_reblocked/train/mobile_phone/IMG_20250803_220022_jpg.rf.1b9bf10def62ebe2424913192f6033b6.jpg,4de4173ac58fdf872b5f626c496bfccf60e922d3b58b6c458dca934e66f41687
ml/data/candidates/reject_v2/train/mobile_phone/IMG_20250803_220022_jpg.rf.2cd6a4959481bac2347cd2b2f4dc6d61.jpg,train,mobile_phone,train,a7844fd05f20c98d75dabbb7af315890d241a7f08e62b1a912dd1e5a51c865b9,COPIED,ml/data/candidates/phase11_reblocked/train/mobile_phone/IMG_20250803_220022_jpg.rf.2cd6a4959481bac2347cd2b2f4dc6d61.jpg,b504edacdfe6270f2a9aab9569e96ced3af4285cc3eec7cb32839ec5ea431430
ml/data/candidates/reject_v2/train/mobile_phone/IMG_20250803_220022_jpg.rf.dc0fdee22f504920709e6321bf117c22.jpg,train,mobile_phone,train,a7844fd05f20c98d75dabbb7af315890d241a7f08e62b1a912dd1e5a51c865b9,COPIED,ml/data/candidates/phase11_reblocked/train/mobile_phone/IMG_20250803_220022_jpg.rf.dc0fdee22f504920709e6321bf117c22.jpg,4d55281add1b5d04afa328383fa084a13f198f1780579255734d0d5c99b41589
ml/data/candidates/reject_v2/train/mobile_phone/IMG_20250803_220024_jpg.rf.2fc166ace133b8664434156a034ba786.jpg,train,mobile_phone,train,a7844fd05f20c98d75dabbb7af315890d241a7f08e62b1a912dd1e5a51c865b9,COPIED,ml/data/candidates/phase11_reblocked/train/mobile_phone/IMG_20250803_220024_jpg.rf.2fc166ace133b8664434156a034ba786.jpg,b06d4ffb431168187d4da80ceb2abf3a2acff0c8fe974173b36730a287760390
ml/data/candidates/reject_v2/train/mobile_phone/IMG_20250803_220025_jpg.rf.0c5fa936f319339057069716325911b2.jpg,train,mobile_phone,train,a7844fd05f20c98d75dabbb7af315890d241a7f08e62b1a912dd1e5a51c865b9,COPIED,ml/data/candidates/phase11_reblocked/train/mobile_phone/IMG_20250803_220025_jpg.rf.0c5fa936f319339057069716325911b2.jpg,83138498e082618e4531cb63db52ade2f5a30cc95db41de75551b551e69d9432
ml/data/candidates/reject_v2/train/mobile_phone/IMG_20250803_220254_jpg.rf.11410f220a6391f2c4b55aa7acabf966.jpg,train,mobile_phone,train,26381988f0f6f1421efbd082fb3ddc61bafb456f3e7fbfe050da05f496de4f9f,COPIED,ml/data/candidates/phase11_reblocked/train/mobile_phone/IMG_20250803_220254_jpg.rf.11410f220a6391f2c4b55aa7acabf966.jpg,c8e00af032b9249e7c4829598cacac567ab551634a68663f081fec56d3f53d2e
ml/data/candidates/reject_v2/train/mobile_phone/IMG_20250803_220255_jpg.rf.0bb096336a37b9aa702cc0e8a429e701.jpg,train,mobile_phone,train,26381988f0f6f1421efbd082fb3ddc61bafb456f3e7fbfe050da05f496de4f9f,COPIED,ml/data/candidates/phase11_reblocked/train/mobile_phone/IMG_20250803_220255_jpg.rf.0bb096336a37b9aa702cc0e8a429e701.jpg,050a1b9ec4975f98a4952ec976c25047548d944a4174e66a7ad63641ea70b4c0
ml/data/candidates/reject_v2/train/mobile_phone/IMG_20250803_220255_jpg.rf.3511615b828854235bed04fcf894a5f5.jpg,train,mobile_phone,train,26381988f0f6f1421efbd082fb3ddc61bafb456f3e7fbfe050da05f496de4f9f,COPIED,ml/data/candidates/phase11_reblocked/train/mobile_phone/IMG_20250803_220255_jpg.rf.3511615b828854235bed04fcf894a5f5.jpg,edabae8eae260631beef79c682e752eeefca4d8e422936f03892d15b5254e453
ml/data/candidates/reject_v2/train/mobile_phone/IMG_20250803_220255_jpg.rf.4848154bd5d1a0e715eeb042fbeb929b.jpg,train,mobile_phone,train,26381988f0f6f1421efbd082fb3ddc61bafb456f3e7fbfe050da05f496de4f9f,COPIED,ml/data/candidates/phase11_reblocked/train/mobile_phone/IMG_20250803_220255_jpg.rf.4848154bd5d1a0e715eeb042fbeb929b.jpg,c01306b4c0a3c294676d2ed51d775caf3be870588bf9879170ae33630d4c931b
ml/data/candidates/reject_v2/train/mobile_phone/IMG_20250803_220256_jpg.rf.3b9f89aa439c4e4d73ed04ed18e16668.jpg,train,mobile_phone,train,26381988f0f6f1421efbd082fb3ddc61bafb456f3e7fbfe050da05f496de4f9f,COPIED,ml/data/candidates/phase11_reblocked/train/mobile_phone/IMG_20250803_220256_jpg.rf.3b9f89aa439c4e4d73ed04ed18e16668.jpg,116de6b6fb2367f376bc61a3079bebc7865a3a8b09a37b8b592f222793855803
ml/data/candidates/reject_v2/train/mobile_phone/IMG_20250803_220257_jpg.rf.8553c912c825e21ed3ec17bc2f25ff9a.jpg,train,mobile_phone,train,26381988f0f6f1421efbd082fb3ddc61bafb456f3e7fbfe050da05f496de4f9f,COPIED,ml/data/candidates/phase11_reblocked/train/mobile_phone/IMG_20250803_220257_jpg.rf.8553c912c825e21ed3ec17bc2f25ff9a.jpg,30a965434b059f7badaae93fb6d6947d9ac2ab67c0f797cacc40d8df37427428
ml/data/candidates/reject_v2/test/mobile_phone/IMG_20250805_203903_jpg.rf.8f402e3b8d9da9885fbbcabec1f42576.jpg,test,mobile_phone,train,cc428be8d55f40a53290ab34d9b3ad8f201483eb993e001a37c1e23da42b5416,COPIED,ml/data/candidates/phase11_reblocked/train/mobile_phone/IMG_20250805_203903_jpg.rf.8f402e3b8d9da9885fbbcabec1f42576.jpg,1bf7c2e0755d8733c8550dd09ca653b409f60b56b0a2cf417c5456b2e8722c15
ml/data/candidates/reject_v2/validation/mobile_phone/IMG_20250805_203902_jpg.rf.327b0dd828626fc4dc5867660d12285a.jpg,validation,mobile_phone,train,14e0698698f4d4b0471d35acc43ee847593a45c2ac870bd9e6b395f2893221ec,COPIED,ml/data/candidates/phase11_reblocked/train/mobile_phone/IMG_20250805_203902_jpg.rf.327b0dd828626fc4dc5867660d12285a.jpg,ec5c72249dd8a21acbb00ed8462d4657b216f56a9463e135c8199eaf1185c4c5
ml/data/candidates/reject_v2/validation/mobile_phone/IMG_20250803_220050_jpg.rf.440e59bfd126dbb87848a17d6ef10ad8.jpg,validation,mobile_phone,train,54902c743f586424a65c4bcff93773a4e3c2e60c11fb383211ba7431d1a50fea,COPIED,ml/data/candidates/phase11_reblocked/train/mobile_phone/IMG_20250803_220050_jpg.rf.440e59bfd126dbb87848a17d6ef10ad8.jpg,a5e2fc462c9e51371c0eba71a716248331d6011886d91951773c181de4a49c7b
ml/data/candidates/reject_v2/train/mobile_phone/IMG_20250805_203846_jpg.rf.66d7b40dd70798c0e6a723d0bdc26269.jpg,train,mobile_phone,train,63e9cd18e81700907829d33df65bdf3d348b1bc8b6bcb4ffab51dc6640bd5aff,COPIED,ml/data/candidates/phase11_reblocked/train/mobile_phone/IMG_20250805_203846_jpg.rf.66d7b40dd70798c0e6a723d0bdc26269.jpg,626d2f8d3b4f5efaf23a744bf3d1b6138adef6f8da7ade95a5ceaa8c681e2ed7
ml/data/candidates/reject_v2/train/mobile_phone/IMG_20250805_203846_jpg.rf.9e943104abcc04412073581826afec4d.jpg,train,mobile_phone,train,63e9cd18e81700907829d33df65bdf3d348b1bc8b6bcb4ffab51dc6640bd5aff,COPIED,ml/data/candidates/phase11_reblocked/train/mobile_phone/IMG_20250805_203846_jpg.rf.9e943104abcc04412073581826afec4d.jpg,324de3ce8befb31c56a682a12481af6c55687bdc30df60116231cd3460069a2b
ml/data/candidates/reject_v2/train/mobile_phone/IMG_20250805_203846_jpg.rf.cfa5e7649e94c6cde734514ca4acd259.jpg,train,mobile_phone,train,63e9cd18e81700907829d33df65bdf3d348b1bc8b6bcb4ffab51dc6640bd5aff,COPIED,ml/data/candidates/phase11_reblocked/train/mobile_phone/IMG_20250805_203846_jpg.rf.cfa5e7649e94c6cde734514ca4acd259.jpg,b309e91d536b37a60df5798afd1cbe5ce619d60eef4b675660ff6f188e892cc0
ml/data/candidates/reject_v2/validation/mobile_phone/IMG_20250803_220242_jpg.rf.7522feb05c688af1d5d44ab984f05a1c.jpg,validation,mobile_phone,train,8be5ba03786c34110de88ebaf32638834457b3a404648b5ff14e6e07ebef0faf,COPIED,ml/data/candidates/phase11_reblocked/train/mobile_phone/IMG_20250803_220242_jpg.rf.7522feb05c688af1d5d44ab984f05a1c.jpg,7e35cb3f0d191e69b7f9c5c9848b6f62be9d3176bdc37aaebec1d897698da6a0
ml/data/candidates/reject_v2/train/mobile_phone/IMG_20250803_220141_jpg.rf.addfdb758aea6542ed458ec7e715f306.jpg,train,mobile_phone,train,59d159b6e7f655404008afde1d78ee3d012a83352f08fe524538e181cf9fcff3,COPIED,ml/data/candidates/phase11_reblocked/train/mobile_phone/IMG_20250803_220141_jpg.rf.addfdb758aea6542ed458ec7e715f306.jpg,8cc443bdf490139d67c10705c6fbee3a9c7bef34bffc596bb4c862c0ee821ab2
ml/data/candidates/reject_v2/train/mobile_phone/IMG_20250803_220034_jpg.rf.ff0c9e529ddd3dfcdb4934dc21b66ca1.jpg,train,mobile_phone,train,d2d975a01f68f65f40ce55353d720d874b83da05699b8a56d5036736ccf22384,COPIED,ml/data/candidates/phase11_reblocked/train/mobile_phone/IMG_20250803_220034_jpg.rf.ff0c9e529ddd3dfcdb4934dc21b66ca1.jpg,cfa4eb0ad25844a34355091b83906c4ac59d07cfec2a3577d8d067c584a6a9d9
ml/data/candidates/reject_v2/train/mobile_phone/IMG_20250803_220349_1_jpg.rf.c2488b27ffdb7b551091ec1aff857cce.jpg,train,mobile_phone,train,5727057054e0397066e629f3b7b0b9e3820cc9cd33bd0ebbbcfe424ae791882c,COPIED,ml/data/candidates/phase11_reblocked/train/mobile_phone/IMG_20250803_220349_1_jpg.rf.c2488b27ffdb7b551091ec1aff857cce.jpg,370b6e78ff42efe8f07138e5e4fb7b02c0ed4627609083584695240020468a25
ml/data/candidates/reject_v2/train/mobile_phone/IMG_20250803_220349_jpg.rf.9a2cadc69014490f60e59e1826cdc947.jpg,train,mobile_phone,train,5727057054e0397066e629f3b7b0b9e3820cc9cd33bd0ebbbcfe424ae791882c,COPIED,ml/data/candidates/phase11_reblocked/train/mobile_phone/IMG_20250803_220349_jpg.rf.9a2cadc69014490f60e59e1826cdc947.jpg,3c7731d06f66026c073b6fb9dc77ce86bb673f2e88106165c3be56efc77a514b
ml/data/candidates/reject_v2/train/mobile_phone/IMG_20250803_220350_jpg.rf.1f5aa0f107ac49e368b6c16523ac1c14.jpg,train,mobile_phone,train,5727057054e0397066e629f3b7b0b9e3820cc9cd33bd0ebbbcfe424ae791882c,COPIED,ml/data/candidates/phase11_reblocked/train/mobile_phone/IMG_20250803_220350_jpg.rf.1f5aa0f107ac49e368b6c16523ac1c14.jpg,1036b8a15e2113d2dbff436522b6f4e678039c134cf62518fe10faf77ce57e66
ml/data/candidates/reject_v2/train/mobile_phone/IMG_20250803_220350_jpg.rf.51437498308c9763e0717636cb26c374.jpg,train,mobile_phone,train,5727057054e0397066e629f3b7b0b9e3820cc9cd33bd0ebbbcfe424ae791882c,COPIED,ml/data/candidates/phase11_reblocked/train/mobile_phone/IMG_20250803_220350_jpg.rf.51437498308c9763e0717636cb26c374.jpg,2e60939ea3599b1248a86bb72d8128119a593d0a58956639cbd36886b46b7497
ml/data/candidates/reject_v2/train/mobile_phone/IMG_20250803_220350_jpg.rf.cc9680936d403e013dd1e8a4863afe8d.jpg,train,mobile_phone,train,5727057054e0397066e629f3b7b0b9e3820cc9cd33bd0ebbbcfe424ae791882c,COPIED,ml/data/candidates/phase11_reblocked/train/mobile_phone/IMG_20250803_220350_jpg.rf.cc9680936d403e013dd1e8a4863afe8d.jpg,1a5f8032260541e422d3590942ed49e89f2aa9eab31d610169e80d0b3f0725d1
ml/data/candidates/reject_v2/train/mobile_phone/IMG_20250803_220351_jpg.rf.450e818f2d954bda365821a90b9c2a70.jpg,train,mobile_phone,train,5727057054e0397066e629f3b7b0b9e3820cc9cd33bd0ebbbcfe424ae791882c,COPIED,ml/data/candidates/phase11_reblocked/train/mobile_phone/IMG_20250803_220351_jpg.rf.450e818f2d954bda365821a90b9c2a70.jpg,48bb27a8ac771bb2852816d337d71c413772cc3018c31f7f9c1d36ef9ef837f9
ml/data/candidates/reject_v2/train/mobile_phone/IMG_20250803_220353_jpg.rf.1a768a733a3016bb320de04418c64568.jpg,train,mobile_phone,train,5727057054e0397066e629f3b7b0b9e3820cc9cd33bd0ebbbcfe424ae791882c,COPIED,ml/data/candidates/phase11_reblocked/train/mobile_phone/IMG_20250803_220353_jpg.rf.1a768a733a3016bb320de04418c64568.jpg,4cde723e8d62c4df61c824463434657b93920c8685989fab71741050096f05f9
ml/data/candidates/reject_v2/train/mobile_phone/IMG_20250803_220353_jpg.rf.38ba2d3b1f3eadc387125573185c1d16.jpg,train,mobile_phone,train,5727057054e0397066e629f3b7b0b9e3820cc9cd33bd0ebbbcfe424ae791882c,COPIED,ml/data/candidates/phase11_reblocked/train/mobile_phone/IMG_20250803_220353_jpg.rf.38ba2d3b1f3eadc387125573185c1d16.jpg,a88bdb5d17aeb1cc62a9822a320881eef8e2e828e45fbd4e239460af105846c3
ml/data/candidates/reject_v2/train/mobile_phone/IMG_20250803_220353_jpg.rf.ce1bfbf5249837f379ded71315f8e5a0.jpg,train,mobile_phone,train,5727057054e0397066e629f3b7b0b9e3820cc9cd33bd0ebbbcfe424ae791882c,COPIED,ml/data/candidates/phase11_reblocked/train/mobile_phone/IMG_20250803_220353_jpg.rf.ce1bfbf5249837f379ded71315f8e5a0.jpg,223efd7181df58ccd4ecbd0a9c2ded62cc9d6431bb52731ad9bb809d81582ad4
ml/data/candidates/reject_v2/train/mobile_phone/IMG_20250803_220146_jpg.rf.c669407739cff140d229870182988583.jpg,train,mobile_phone,train,6dd1577859beb21445247a691e87a44e48f696802a648ac37e4e6560dd02794e,COPIED,ml/data/candidates/phase11_reblocked/train/mobile_phone/IMG_20250803_220146_jpg.rf.c669407739cff140d229870182988583.jpg,424da110c726fa4d16b3342fa177e870583fafab17252b14571fad351c4c3463
ml/data/candidates/reject_v2/train/mobile_phone/IMG_20250805_203327_1_jpg.rf.fa4eadf62370e6bdea8c64d3f20085bf.jpg,train,mobile_phone,train,3b25bb176b9a71b339093c40ae9965c264b12c1eb8f3e9f5d1f5520ebd140dea,COPIED,ml/data/candidates/phase11_reblocked/train/mobile_phone/IMG_20250805_203327_1_jpg.rf.fa4eadf62370e6bdea8c64d3f20085bf.jpg,97ea83615b3cf9c68cf88df1520fc7973090a05ece4f310e796e7c0caa8ef4f4
ml/data/candidates/reject_v2/train/mobile_phone/IMG_20250805_203327_jpg.rf.32be60b70e6f9a50917a48881f5ab85a.jpg,train,mobile_phone,train,3b25bb176b9a71b339093c40ae9965c264b12c1eb8f3e9f5d1f5520ebd140dea,COPIED,ml/data/candidates/phase11_reblocked/train/mobile_phone/IMG_20250805_203327_jpg.rf.32be60b70e6f9a50917a48881f5ab85a.jpg,466ebef46446f703cbe27482a49e1f0e6d3a04c160f422094841352fb98a08cd
ml/data/candidates/reject_v2/train/mobile_phone/IMG_20250805_203328_jpg.rf.593c94263769d9d875503af03e97d8f7.jpg,train,mobile_phone,train,3b25bb176b9a71b339093c40ae9965c264b12c1eb8f3e9f5d1f5520ebd140dea,COPIED,ml/data/candidates/phase11_reblocked/train/mobile_phone/IMG_20250805_203328_jpg.rf.593c94263769d9d875503af03e97d8f7.jpg,5e31786d8e82341b77897706cd005ad072d441768006ae3f2ebeefdd9343df96
ml/data/candidates/reject_v2/validation/mobile_phone/IMG_20250805_203321_jpg.rf.5eee9af99b5e4d1d2a4ee31868b16180.jpg,validation,mobile_phone,train,004ebd4eb27c9f49e4cdf2095720dd05261a752b9ed32ac722782de795d57d15,COPIED,ml/data/candidates/phase11_reblocked/train/mobile_phone/IMG_20250805_203321_jpg.rf.5eee9af99b5e4d1d2a4ee31868b16180.jpg,4de08a900aabeebe3c3602b63f1d05bf2a947a9d79b92000a6fd0ab57987d9d0
ml/data/candidates/reject_v2/validation/mobile_phone/IMG_20250805_203922_jpg.rf.9772c2edbd0d2281767d124674a04042.jpg,validation,mobile_phone,train,51fbbb2b1c3c818b0e597afc4f3513d7aaef5fb38394b17d87760b95c5ce179a,COPIED,ml/data/candidates/phase11_reblocked/train/mobile_phone/IMG_20250805_203922_jpg.rf.9772c2edbd0d2281767d124674a04042.jpg,85cb52ead2b7c15d3a7efce57929265c3bb254c5a64008f3378abf9fc874d655
ml/data/candidates/reject_v2/train/mobile_phone/IMG_20250805_203322_jpg.rf.55299a747169161eadaecc211e423a31.jpg,train,mobile_phone,train,5ade1cf0af3d9b0da43d432392639dc37ece269ea6a10496a502a110ea8af654,COPIED,ml/data/candidates/phase11_reblocked/train/mobile_phone/IMG_20250805_203322_jpg.rf.55299a747169161eadaecc211e423a31.jpg,838cdce65d6a9098e63a8ac7d21419b5eba6c457b9d508c92907dfbd1910d595
ml/data/candidates/reject_v2/train/mobile_phone/IMG_20250805_203323_jpg.rf.a182df57cbdc73a0a473a3e488e1725f.jpg,train,mobile_phone,train,5ade1cf0af3d9b0da43d432392639dc37ece269ea6a10496a502a110ea8af654,COPIED,ml/data/candidates/phase11_reblocked/train/mobile_phone/IMG_20250805_203323_jpg.rf.a182df57cbdc73a0a473a3e488e1725f.jpg,211729b6870b52962105c69786c3217460569e287f9a92dccdd1daf467868a1c
ml/data/candidates/reject_v2/test/mobile_phone/IMG_20250803_220226_jpg.rf.b4392a8eca529f4ed6fed45e99eeeb5e.jpg,test,mobile_phone,train,0e75db1ef8f66473e20df8ba7bda0f9c5ba7cabd6454f3e4a95287c423e8a1af,COPIED,ml/data/candidates/phase11_reblocked/train/mobile_phone/IMG_20250803_220226_jpg.rf.b4392a8eca529f4ed6fed45e99eeeb5e.jpg,85e3831d68cf17926e796b6f87606ba64eecd8bca61c4f6b59526242ef9d22e9
ml/data/candidates/reject_v2/train/mobile_phone/IMG_20250803_220119_jpg.rf.64e2198d7a2d24e7786b2bbc40de885d.jpg,train,mobile_phone,train,e8780e4fd7b4f92ad69e5f1de9d7c0c33a9ba913c6deacc2894f6fea01f11f52,COPIED,ml/data/candidates/phase11_reblocked/train/mobile_phone/IMG_20250803_220119_jpg.rf.64e2198d7a2d24e7786b2bbc40de885d.jpg,fb1aa4c43348360fd0594f2514f4f428ea6cc9bc6d724a1924a48ab4dbccbc0b
ml/data/candidates/reject_v2/train/mobile_phone/IMG_20250803_220038_jpg.rf.7649ac00470edad7f06ef522f2ffa0ae.jpg,train,mobile_phone,train,831241dc1fb203eeab9d43d190a91fbbb59c38e11e7bf107194a2afff89516c2,COPIED,ml/data/candidates/phase11_reblocked/train/mobile_phone/IMG_20250803_220038_jpg.rf.7649ac00470edad7f06ef522f2ffa0ae.jpg,3afee53c46515e93bb74b62c9fac71dcd754e27c6ed23909bb0b395c802af3d0
ml/data/candidates/reject_v2/train/mobile_phone/IMG_20250803_220051_jpg.rf.39ebee3d80d991a2fd3bd1e036ae9b05.jpg,train,mobile_phone,train,a288e03c68fdcf760558bc83300023e64c74f1892d3000f9be02eaa756b54cc4,COPIED,ml/data/candidates/phase11_reblocked/train/mobile_phone/IMG_20250803_220051_jpg.rf.39ebee3d80d991a2fd3bd1e036ae9b05.jpg,6234bebca89c81a8b5eb3902d54f961e99a2170003e86c846a8b2c30b1feee34
ml/data/candidates/reject_v2/train/mobile_phone/IMG_20250805_203851_jpg.rf.30549cb0368d0ebf082a10e12534ea69.jpg,train,mobile_phone,train,e6ee4fe70fc3d5e67e978ce6fea25f16b997fd913c4103842a0c6a84f4bc8601,COPIED,ml/data/candidates/phase11_reblocked/train/mobile_phone/IMG_20250805_203851_jpg.rf.30549cb0368d0ebf082a10e12534ea69.jpg,6bb29d6ea6122451519be053517838a7083033e767e3ffd491924431dfecf150
ml/data/candidates/reject_v2/test/mobile_phone/IMG_20250805_203852_jpg.rf.14242e22d41ed3ca487f99b193502f87.jpg,test,mobile_phone,train,e6ee4fe70fc3d5e67e978ce6fea25f16b997fd913c4103842a0c6a84f4bc8601,COPIED,ml/data/candidates/phase11_reblocked/train/mobile_phone/IMG_20250805_203852_jpg.rf.14242e22d41ed3ca487f99b193502f87.jpg,9758e4bb03525aa08b4ad3f6b439500f2e7b10a0017a0157c17c43304a9cc4ea
ml/data/candidates/reject_v2/train/mobile_phone/IMG_20250805_203855_jpg.rf.b93267bbbb8a18ecabe79a8491630cce.jpg,train,mobile_phone,train,3e84cfde14f82407857153a620682026406c52423b452c80d90d9b2b3b0123b2,COPIED,ml/data/candidates/phase11_reblocked/train/mobile_phone/IMG_20250805_203855_jpg.rf.b93267bbbb8a18ecabe79a8491630cce.jpg,311a03817195b5ed0dd9ed595666e7addac3a3af34ccaa6d956ffae87af71533
ml/data/candidates/reject_v2/test/mobile_phone/IMG_20250803_220204_jpg.rf.bc112e5f5fe9cdef5d8d26d4e5954183.jpg,test,mobile_phone,train,2ef7626d4395de785642a68c2a7e027048c4268daef1154284a87eff1d747349,COPIED,ml/data/candidates/phase11_reblocked/train/mobile_phone/IMG_20250803_220204_jpg.rf.bc112e5f5fe9cdef5d8d26d4e5954183.jpg,9f2141a0b93ac6a5398f98b1275b239a06aa3d8b68700b3f5ff2bb134e514670
ml/data/candidates/reject_v2/train/mobile_phone/IMG_20250803_220148_jpg.rf.a4e62c59a53971b3d4a9abbcf8b459b1.jpg,train,mobile_phone,validation,3af94d4b99dae738a0fbd345f51d856c01b9cfff1d70485ad57f7eb48fb5d9fa,COPIED,ml/data/candidates/phase11_reblocked/validation/mobile_phone/IMG_20250803_220148_jpg.rf.a4e62c59a53971b3d4a9abbcf8b459b1.jpg,81ad0efdfd49c8b490c54ec1173a689f7f9e0fe552651e1a6a948c54ac8c9999
ml/data/candidates/reject_v2/train/mobile_phone/IMG_20250805_203336_jpg.rf.ab9901e1027c275718c876cd3fd594e8.jpg,train,mobile_phone,validation,7e1846ca5900335403092e4cf2418cb75b76c6cc16c36a983144b41ee1ebd036,COPIED,ml/data/candidates/phase11_reblocked/validation/mobile_phone/IMG_20250805_203336_jpg.rf.ab9901e1027c275718c876cd3fd594e8.jpg,596c6f3483bfbb8260333337b53c8b71d02e8c13d44032c5e4393416362978a1
ml/data/candidates/reject_v2/test/mobile_phone/IMG_20250805_203908_jpg.rf.4c4645aca4c09485234d7bb650187ba9.jpg,test,mobile_phone,validation,43dcdc13af722f9c5449cab3e482a4e6b7782594ea4d8f5a078bc3b6c434c84f,COPIED,ml/data/candidates/phase11_reblocked/validation/mobile_phone/IMG_20250805_203908_jpg.rf.4c4645aca4c09485234d7bb650187ba9.jpg,e75ba241b20803e1a6974f476e458aeecc1a5311edc968c89f687a9aa55e5eb9
ml/data/candidates/reject_v2/validation/mobile_phone/IMG_20250805_203845_jpg.rf.8c15db31b863733a22036fd715b6cc3a.jpg,validation,mobile_phone,validation,3a1f256869ab9b945f3564445b548dcc956baae41004e9caf0cd2ed76ae05ef5,COPIED,ml/data/candidates/phase11_reblocked/validation/mobile_phone/IMG_20250805_203845_jpg.rf.8c15db31b863733a22036fd715b6cc3a.jpg,ace6eea4f3d71d51e1c82cc811846aa23cb084053307702b57ca1f3b7f73a19b
ml/data/candidates/reject_v2/train/mobile_phone/IMG_20250805_203810_jpg.rf.5dea20372f68da2fdbd452fec56b22e4.jpg,train,mobile_phone,validation,640fdbedf17bebf3644cfabc1bd83a9099ad59923a63c5c0045516f9d190830e,SAME_GROUP_HOLDOUT_SIBLING_NOT_EVALUATED,,389d89a29525fd930ee3feca230bd7ab281331809ad8dd30d11926b95df2e403
ml/data/candidates/reject_v2/train/mobile_phone/IMG_20250805_203810_jpg.rf.a2d06f67c179d20800e307f90c6fc2b4.jpg,train,mobile_phone,validation,640fdbedf17bebf3644cfabc1bd83a9099ad59923a63c5c0045516f9d190830e,COPIED,ml/data/candidates/phase11_reblocked/validation/mobile_phone/IMG_20250805_203810_jpg.rf.a2d06f67c179d20800e307f90c6fc2b4.jpg,2a8f12395e2ef8966b44b83e3f03a911e3f446a766f30c337d10a6f259987f3b
ml/data/candidates/reject_v2/train/mobile_phone/IMG_20250805_203810_jpg.rf.be30c1ef7d353b90ba6f83aacd045063.jpg,train,mobile_phone,validation,640fdbedf17bebf3644cfabc1bd83a9099ad59923a63c5c0045516f9d190830e,SAME_GROUP_HOLDOUT_SIBLING_NOT_EVALUATED,,2b1b18fa4d8880a32c330d931f504d8fb95147bcca5e1b9f87ee58262fce652d
ml/data/candidates/reject_v2/train/mobile_phone/IMG_20250805_203947_jpg.rf.d549f89d842b21852845f82bff9abb09.jpg,train,mobile_phone,validation,3f310883e6a4b92545327a0f565a75fc31928e04a22bc17ab989894f663e065e,SAME_GROUP_HOLDOUT_SIBLING_NOT_EVALUATED,,c103adba30da493e833b93a867cb57ca59997c9123596348ebf3e00554e3228e
ml/data/candidates/reject_v2/train/mobile_phone/IMG_20250805_203948_jpg.rf.dbcb8f50ff9c3d8ab30e1018b3995fa7.jpg,train,mobile_phone,validation,3f310883e6a4b92545327a0f565a75fc31928e04a22bc17ab989894f663e065e,SAME_GROUP_HOLDOUT_SIBLING_NOT_EVALUATED,,6eb9a21feb554688bd676b6a456b8fa980d0ad7795a0ff7b196083ddfc5bc9a7
ml/data/candidates/reject_v2/train/mobile_phone/IMG_20250805_203949_jpg.rf.c78fa0f75f1aea8e269f90a2c79abeaa.jpg,train,mobile_phone,validation,3f310883e6a4b92545327a0f565a75fc31928e04a22bc17ab989894f663e065e,SAME_GROUP_HOLDOUT_SIBLING_NOT_EVALUATED,,f804eb20d21b5b7d69a69e10afd1ee6ddfee608bfec243f45e3745751ad377db
ml/data/candidates/reject_v2/train/mobile_phone/IMG_20250805_203950_jpg.rf.e20c8cf0ae6b59ee38b2a9c2dadbe0eb.jpg,train,mobile_phone,validation,3f310883e6a4b92545327a0f565a75fc31928e04a22bc17ab989894f663e065e,COPIED,ml/data/candidates/phase11_reblocked/validation/mobile_phone/IMG_20250805_203950_jpg.rf.e20c8cf0ae6b59ee38b2a9c2dadbe0eb.jpg,1a1f0c1b6fa165d661c56d283eda74d12f9575961349126e6f60c50349214ca8
ml/data/candidates/reject_v2/test/mobile_phone/IMG_20250803_220206_jpg.rf.de998e9b904dcfe77468124a9e729352.jpg,test,mobile_phone,validation,27c86ea5c4d5e65d391b2cb352abaa4a1a9416c0cc58996aafd9895710f8aa78,COPIED,ml/data/candidates/phase11_reblocked/validation/mobile_phone/IMG_20250803_220206_jpg.rf.de998e9b904dcfe77468124a9e729352.jpg,5d3cdb87393b85b2a1b02b5e439b646c1c27af7a42ecbffefebc69eecee2ecde
ml/data/candidates/reject_v2/test/mobile_phone/IMG_20250803_220207_jpg.rf.0f17df4cec5b7117887884be5ea29430.jpg,test,mobile_phone,validation,27c86ea5c4d5e65d391b2cb352abaa4a1a9416c0cc58996aafd9895710f8aa78,SAME_GROUP_HOLDOUT_SIBLING_NOT_EVALUATED,,d017b90375afbb0d01e1786513ae71dbdc1fae22c7642fd74ebe865e39637835
ml/data/candidates/reject_v2/train/mobile_phone/IMG_20250805_203907_jpg.rf.842e4fc0cf7a9464305766b439d364c5.jpg,train,mobile_phone,validation,b4941cd8b19dbd336877cddff0fefa228a392918961bf10a7926c86f09a38a70,SAME_GROUP_HOLDOUT_SIBLING_NOT_EVALUATED,,2e5ec2d8b25279da92cfe954781e24f30a9ad9452066b1bc1769a340f1109694
ml/data/candidates/reject_v2/train/mobile_phone/IMG_20250805_203907_jpg.rf.bfe8f9064ad57b8bfa2534f603f5300f.jpg,train,mobile_phone,validation,b4941cd8b19dbd336877cddff0fefa228a392918961bf10a7926c86f09a38a70,SAME_GROUP_HOLDOUT_SIBLING_NOT_EVALUATED,,95cdfbeb72fd5146c4e834ce3f2f673b5d8feb66bc4b536840ea22038cb99369
ml/data/candidates/reject_v2/train/mobile_phone/IMG_20250805_203907_jpg.rf.dd69ee28911b2c95d949c538ac5799d4.jpg,train,mobile_phone,validation,b4941cd8b19dbd336877cddff0fefa228a392918961bf10a7926c86f09a38a70,COPIED,ml/data/candidates/phase11_reblocked/validation/mobile_phone/IMG_20250805_203907_jpg.rf.dd69ee28911b2c95d949c538ac5799d4.jpg,077031935659031de2675639aba92175a5d6a8c134cbbfbc151a3d48db9a797b
ml/data/candidates/reject_v2/train/mobile_phone/IMG_20250805_203917_jpg.rf.3512fa1899ab4b236c8abd34a2e32b74.jpg,train,mobile_phone,test,c188934ec3403803861762f0aeab90f02cb85191b62ed9a6fa1c351cfa2ca7ad,SAME_GROUP_HOLDOUT_SIBLING_NOT_EVALUATED,,fe6f48c3fc17b480c971922d71801379434247d4824b2872fd71147741104bf1
ml/data/candidates/reject_v2/train/mobile_phone/IMG_20250805_203917_jpg.rf.41ede18eba5e4814a68b0143d4b637b7.jpg,train,mobile_phone,test,c188934ec3403803861762f0aeab90f02cb85191b62ed9a6fa1c351cfa2ca7ad,SAME_GROUP_HOLDOUT_SIBLING_NOT_EVALUATED,,f717080a8bd282b5e1c0fe37a4c6898084eed85ec981559b1c34b7995d5e49d5
ml/data/candidates/reject_v2/train/mobile_phone/IMG_20250805_203917_jpg.rf.cfecadfe8ec76d0786a7fb3ac71b33db.jpg,train,mobile_phone,test,c188934ec3403803861762f0aeab90f02cb85191b62ed9a6fa1c351cfa2ca7ad,COPIED,ml/data/candidates/phase11_reblocked/test/mobile_phone/IMG_20250805_203917_jpg.rf.cfecadfe8ec76d0786a7fb3ac71b33db.jpg,1bf7ed5a50faa3ed14d48a51ea5618a1647f9c6fe4484adccf6eef2fcad56308
ml/data/candidates/reject_v2/validation/mobile_phone/IMG_20250805_203918_jpg.rf.0320c79bd3505204e3c7b6d35a1d716a.jpg,validation,mobile_phone,test,c188934ec3403803861762f0aeab90f02cb85191b62ed9a6fa1c351cfa2ca7ad,SAME_GROUP_HOLDOUT_SIBLING_NOT_EVALUATED,,acc30670db2b0abd7e7a1d8e52c1ea40c0938ed9d9635afd3e26df1d404e394b
ml/data/candidates/reject_v2/test/mobile_phone/IMG_20250803_220053_jpg.rf.143f84f401009a4e0c09c5b7c33c1ea3.jpg,test,mobile_phone,test,a619140db881e23c2d02629c62c71e0316837e48f4f33bc99bf9a04961069481,COPIED,ml/data/candidates/phase11_reblocked/test/mobile_phone/IMG_20250803_220053_jpg.rf.143f84f401009a4e0c09c5b7c33c1ea3.jpg,da09aa15eb1b2917b1e59d477040dac3f6784a25d0711af58887913cbdee1eae
ml/data/candidates/reject_v2/train/mobile_phone/IMG_20250803_220227_jpg.rf.c42373ef7c64d08b36804cc7fcad4d15.jpg,train,mobile_phone,test,b577a9feafca49d6a4519d3327b2a011d96420c68e84a1032bbe04258f4931e2,COPIED,ml/data/candidates/phase11_reblocked/test/mobile_phone/IMG_20250803_220227_jpg.rf.c42373ef7c64d08b36804cc7fcad4d15.jpg,5e2ff2087289d5771a44467e4375307f7a33ab095bb3824f353f372268dce40f
ml/data/candidates/reject_v2/train/mobile_phone/IMG_20250803_220228_jpg.rf.8e94e7ce7153325b8e181e6a1d331ef0.jpg,train,mobile_phone,test,b577a9feafca49d6a4519d3327b2a011d96420c68e84a1032bbe04258f4931e2,SAME_GROUP_HOLDOUT_SIBLING_NOT_EVALUATED,,f9c508ba5bc04d39a58131378509b9e27809ffff52155539148c1e64bb10320d
ml/data/candidates/reject_v2/train/mobile_phone/IMG_20250803_220126_jpg.rf.16a1c934ac06cbc5d2ee0f8b4c02e96b.jpg,train,mobile_phone,test,37a471eb605770de28cb0eec24786fd9fbf83a3390705e50c935d558ff66f510,COPIED,ml/data/candidates/phase11_reblocked/test/mobile_phone/IMG_20250803_220126_jpg.rf.16a1c934ac06cbc5d2ee0f8b4c02e96b.jpg,bae8a9456481d91216f9b650a218711f103297c6339a61697c560869e2c777aa
ml/data/candidates/reject_v2/train/mobile_phone/IMG_20250803_220243_jpg.rf.0b0201bb99cd8531e9b7ca91ed720816.jpg,train,mobile_phone,test,0890a07bc4c111cea8791312b09d41ad7c9054b8e375ee364a80c78115a92f8f,SAME_GROUP_HOLDOUT_SIBLING_NOT_EVALUATED,,77f2699d150c3356fbe7cabab51f5956bebf816d105848d17e12d00d7384e122
ml/data/candidates/reject_v2/train/mobile_phone/IMG_20250803_220243_jpg.rf.2b74ac43ae204204eedb898b9845ea08.jpg,train,mobile_phone,test,0890a07bc4c111cea8791312b09d41ad7c9054b8e375ee364a80c78115a92f8f,COPIED,ml/data/candidates/phase11_reblocked/test/mobile_phone/IMG_20250803_220243_jpg.rf.2b74ac43ae204204eedb898b9845ea08.jpg,50a4a11ad5256b9a383660f5202b368c2567e3ab4f656f9fcf0a24760e3b21a0
ml/data/candidates/reject_v2/train/mobile_phone/IMG_20250803_220243_jpg.rf.c17d27aa58b11aa0475d5b41c8ddbd97.jpg,train,mobile_phone,test,0890a07bc4c111cea8791312b09d41ad7c9054b8e375ee364a80c78115a92f8f,SAME_GROUP_HOLDOUT_SIBLING_NOT_EVALUATED,,81b4ecc7a15e0e716d3c6355e84f049eb72e33978902c229542b2c6aa3591fe0
ml/data/candidates/reject_v2/validation/mobile_phone/IMG_20250803_220244_jpg.rf.25e694fad0069d6b3720bcfeff342f09.jpg,validation,mobile_phone,test,0890a07bc4c111cea8791312b09d41ad7c9054b8e375ee364a80c78115a92f8f,SAME_GROUP_HOLDOUT_SIBLING_NOT_EVALUATED,,552cc1b0e60838bc72604327882cb809c37f951a235ada1222cdce5733a570df
ml/data/candidates/reject_v2/train/mobile_phone/IMG_20250803_220127_jpg.rf.29454ccaf0bd8058e12a5925d3619982.jpg,train,mobile_phone,test,e5e077deda58792a8e7220adc5b4b8cc168dc68ae8e602f282851ec22620a7cf,COPIED,ml/data/candidates/phase11_reblocked/test/mobile_phone/IMG_20250803_220127_jpg.rf.29454ccaf0bd8058e12a5925d3619982.jpg,17155a10fa2fae85771316380ecc792f7be0b875f67d7497740a95464bb2c24f
ml/data/candidates/reject_v2/train/mobile_phone/IMG_20250805_203847_jpg.rf.0b7b578193561a5e7b7297568d1862c0.jpg,train,mobile_phone,test,84a212d45772f92fe3ccaad18dadbd9f692fab431511737aad269611e3318e71,COPIED,ml/data/candidates/phase11_reblocked/test/mobile_phone/IMG_20250805_203847_jpg.rf.0b7b578193561a5e7b7297568d1862c0.jpg,a2ee57fdae5fa7c64d14223841c200e823df31a44b3281296bbbe6ae96d34b98
ml/data/candidates/reject_v2/validation/mobile_phone/IMG_20250805_203331_jpg.rf.057cab3983811f47856a15c6f0a2449f.jpg,validation,mobile_phone,test,f0477eaf5b5c77522c9f20aefb52f4177f85744b697216deed8aa8d3857c5d70,COPIED,ml/data/candidates/phase11_reblocked/test/mobile_phone/IMG_20250805_203331_jpg.rf.057cab3983811f47856a15c6f0a2449f.jpg,108c8e0ebe890fee2d0fb970b209360e4a9037645c092118a7e6a576b18609ea
ml/data/candidates/reject_v2/train/mobile_phone/IMG_20250805_203804_jpg.rf.23acd615013748d7bdd3d547bb50935a.jpg,train,mobile_phone,test,a7d5fd01ab853c33def0dc52abca1fb5179aebfaae93469b4b1f0fa0ce6a69c5,SAME_GROUP_HOLDOUT_SIBLING_NOT_EVALUATED,,9af950f378efe415b3b328ca80269c40675698374952ba714e7f52b8ced6c8f4
ml/data/candidates/reject_v2/train/mobile_phone/IMG_20250805_203804_jpg.rf.2aa2f4ad307106ebef06541aae137975.jpg,train,mobile_phone,test,a7d5fd01ab853c33def0dc52abca1fb5179aebfaae93469b4b1f0fa0ce6a69c5,SAME_GROUP_HOLDOUT_SIBLING_NOT_EVALUATED,,f1d550129b488e957baae7ba96a5e9c563f93b0a2c596b8c69d84d8626a2219f
ml/data/candidates/reject_v2/train/mobile_phone/IMG_20250805_203804_jpg.rf.d0d25dd17b163cc60b1a269ea27346dd.jpg,train,mobile_phone,test,a7d5fd01ab853c33def0dc52abca1fb5179aebfaae93469b4b1f0fa0ce6a69c5,SAME_GROUP_HOLDOUT_SIBLING_NOT_EVALUATED,,7080b62cac04204321dbe5afba54084838b34ba8491dc21723c8e58edd4bd47f
ml/data/candidates/reject_v2/train/mobile_phone/IMG_20250805_203805_jpg.rf.ecf4905797f5b1dbc5887402d335664a.jpg,train,mobile_phone,test,a7d5fd01ab853c33def0dc52abca1fb5179aebfaae93469b4b1f0fa0ce6a69c5,SAME_GROUP_HOLDOUT_SIBLING_NOT_EVALUATED,,5dd9cb0ed970bba576b46d29c1c8a4edf2161d62741b925607d5a13dd7ce7ea5
ml/data/candidates/reject_v2/train/mobile_phone/IMG_20250805_203806_jpg.rf.34c678b8361cf794b5af0e3b63a58a07.jpg,train,mobile_phone,test,a7d5fd01ab853c33def0dc52abca1fb5179aebfaae93469b4b1f0fa0ce6a69c5,COPIED,ml/data/candidates/phase11_reblocked/test/mobile_phone/IMG_20250805_203806_jpg.rf.34c678b8361cf794b5af0e3b63a58a07.jpg,0d021b46124ae814b19781aa6351aa033d0322c168e5bf169c2437b8e0eac83f
ml/data/candidates/reject_v2/train/mobile_phone/IMG_20250805_203806_jpg.rf.7fd019ac3a6efc21e4b37227c5bb73e1.jpg,train,mobile_phone,test,a7d5fd01ab853c33def0dc52abca1fb5179aebfaae93469b4b1f0fa0ce6a69c5,SAME_GROUP_HOLDOUT_SIBLING_NOT_EVALUATED,,606cbffd4202ffd3ccce5a4ddb4fd5123b81220fe618d3695573870f5bd5361a
ml/data/candidates/reject_v2/train/mobile_phone/IMG_20250805_203806_jpg.rf.a88c5e5ff1cddfe7235a919241c54687.jpg,train,mobile_phone,test,a7d5fd01ab853c33def0dc52abca1fb5179aebfaae93469b4b1f0fa0ce6a69c5,SAME_GROUP_HOLDOUT_SIBLING_NOT_EVALUATED,,2dd475b587bd11304747ee23e43ac09927b098d92dbd7bb3e6da0bcf7adccbcd
ml/data/candidates/reject_v2/validation/mobile_phone/IMG_20250805_203803_jpg.rf.46ed623c40ba0974562c6bbf6953d2cf.jpg,validation,mobile_phone,test,a7d5fd01ab853c33def0dc52abca1fb5179aebfaae93469b4b1f0fa0ce6a69c5,SAME_GROUP_HOLDOUT_SIBLING_NOT_EVALUATED,,3162b7ac6aa614f579c03958f57c674eed543fb260b4ca46957fbaf11b2bc73c
ml/data/candidates/reject_v2/train/mouse/IMG_20250803_215851_jpg.rf.63c6f85a1160ed7d231558ff0a13e94d.jpg,train,mouse,train,81ac2ee5fdc9114f47110f2e05d575c39140537080db5da016c05071f6bfa1fc,COPIED,ml/data/candidates/phase11_reblocked/train/mouse/IMG_20250803_215851_jpg.rf.63c6f85a1160ed7d231558ff0a13e94d.jpg,1eefd83481f2c2e3cdab7d7d028fed86cd0e643d9e160c967bf71193282f6fdd
ml/data/candidates/reject_v2/train/mouse/IMG_20250822_140424_jpg.rf.561505a19b65a4aada84cdaf0084a292.jpg,train,mouse,train,febf98fae0eadc8c637d4c419eab9c53df5af72a7f4ab9e2d9284bca6c40a84c,COPIED,ml/data/candidates/phase11_reblocked/train/mouse/IMG_20250822_140424_jpg.rf.561505a19b65a4aada84cdaf0084a292.jpg,8d679c3a78987ffe8c0a388891015df85e4d755ade1eeadf62c1c70878431b65
ml/data/candidates/reject_v2/train/mouse/IMG_20250822_140415_jpg.rf.c9c893e4913eaf11e5f8216c8a12839b.jpg,train,mouse,train,baa8606483d14b6e532583ad707cde6d9b40dea6960d3a6d7206555467645dfb,COPIED,ml/data/candidates/phase11_reblocked/train/mouse/IMG_20250822_140415_jpg.rf.c9c893e4913eaf11e5f8216c8a12839b.jpg,85ae8045d835390565750b60755e4a1035eb49f464a1b5f327335c1b5c62c792
ml/data/candidates/reject_v2/validation/mouse/IMG_20250805_204853_jpg.rf.00d07d9974c2d7326107af752f44f6b3.jpg,validation,mouse,train,4cf11d335c70cbd9162d4ed0f4b2759316eafa2839439279f0f373d04e7c1f48,COPIED,ml/data/candidates/phase11_reblocked/train/mouse/IMG_20250805_204853_jpg.rf.00d07d9974c2d7326107af752f44f6b3.jpg,69ad63243529dc1dedfd36282f1b5b3cfaed0e1100e7a8f740350cc9e12dfdb7
ml/data/candidates/reject_v2/validation/mouse/IMG_20250805_204854_jpg.rf.33200c016aea8eb346be36b6e3165667.jpg,validation,mouse,train,4cf11d335c70cbd9162d4ed0f4b2759316eafa2839439279f0f373d04e7c1f48,COPIED,ml/data/candidates/phase11_reblocked/train/mouse/IMG_20250805_204854_jpg.rf.33200c016aea8eb346be36b6e3165667.jpg,59c1166594b078366463207db84dc96a74f575e58792a52866fbf386f71048ce
ml/data/candidates/reject_v2/validation/mouse/IMG_20250805_204855_jpg.rf.0aff6682a72494fb8dd291d2a26ac637.jpg,validation,mouse,train,4cf11d335c70cbd9162d4ed0f4b2759316eafa2839439279f0f373d04e7c1f48,COPIED,ml/data/candidates/phase11_reblocked/train/mouse/IMG_20250805_204855_jpg.rf.0aff6682a72494fb8dd291d2a26ac637.jpg,cb58e501cc8807d8afe9f6b3fa49ab4db675f86d2eb79dd63c64dd7213097d72
ml/data/candidates/reject_v2/train/mouse/IMG_20250805_204903_jpg.rf.eb71917bed9892e488f346ccd5a20030.jpg,train,mouse,train,15f81aa415675df4ef22dd05578dcf96705f79a1c3dd832701d29b6b2e12522e,COPIED,ml/data/candidates/phase11_reblocked/train/mouse/IMG_20250805_204903_jpg.rf.eb71917bed9892e488f346ccd5a20030.jpg,65e424452044d971ea55e1837a5ff9a274d7ea9c3bedefb138233add73fb0ef3
ml/data/candidates/reject_v2/train/mouse/IMG_20250805_204904_jpg.rf.26c3c769979b6631f4634cda07d3f1d8.jpg,train,mouse,train,15f81aa415675df4ef22dd05578dcf96705f79a1c3dd832701d29b6b2e12522e,COPIED,ml/data/candidates/phase11_reblocked/train/mouse/IMG_20250805_204904_jpg.rf.26c3c769979b6631f4634cda07d3f1d8.jpg,1b6827daf7f8627a4d9bd4b467993985b7d50d127cb1a3d6a4db182aacb95f15
ml/data/candidates/reject_v2/train/mouse/IMG_20250805_204904_jpg.rf.5e74e0ef60ecaef19c8265d85520a2c5.jpg,train,mouse,train,15f81aa415675df4ef22dd05578dcf96705f79a1c3dd832701d29b6b2e12522e,COPIED,ml/data/candidates/phase11_reblocked/train/mouse/IMG_20250805_204904_jpg.rf.5e74e0ef60ecaef19c8265d85520a2c5.jpg,647c494664e0118fff6bde76f4536c381ae7002a1e8d385e82dfe98311951229
ml/data/candidates/reject_v2/train/mouse/IMG_20250805_204904_jpg.rf.bdc17d24a1113d6accaee3e599438454.jpg,train,mouse,train,15f81aa415675df4ef22dd05578dcf96705f79a1c3dd832701d29b6b2e12522e,COPIED,ml/data/candidates/phase11_reblocked/train/mouse/IMG_20250805_204904_jpg.rf.bdc17d24a1113d6accaee3e599438454.jpg,fe75d01ac059c72f052c180ea815135c83c69dffc15528f325a26b0b4f4e94aa
ml/data/candidates/reject_v2/train/mouse/IMG_20250822_140357_jpg.rf.132d836a5146a45721d34a68723e7b97.jpg,train,mouse,train,d8b8c89aa862eff958d94899a057dc16b437ccce162d0cfdc2e81a99748f62b7,COPIED,ml/data/candidates/phase11_reblocked/train/mouse/IMG_20250822_140357_jpg.rf.132d836a5146a45721d34a68723e7b97.jpg,ab51ef1e09a6e118350eb9555289195bb2213adbba29f100444fb5fff06bed4d
ml/data/candidates/reject_v2/train/mouse/IMG_20250822_140357_jpg.rf.2b56fb3e17893ca8dd961ae1d89851ed.jpg,train,mouse,train,d8b8c89aa862eff958d94899a057dc16b437ccce162d0cfdc2e81a99748f62b7,COPIED,ml/data/candidates/phase11_reblocked/train/mouse/IMG_20250822_140357_jpg.rf.2b56fb3e17893ca8dd961ae1d89851ed.jpg,68bcfad4064115caf53fda5894fc65a0e8639e24f62c5cdc8cf71f3ec8ecbc5d
ml/data/candidates/reject_v2/train/mouse/IMG_20250822_140357_jpg.rf.cdc5b11e90cdf7087a79e06c53477378.jpg,train,mouse,train,d8b8c89aa862eff958d94899a057dc16b437ccce162d0cfdc2e81a99748f62b7,COPIED,ml/data/candidates/phase11_reblocked/train/mouse/IMG_20250822_140357_jpg.rf.cdc5b11e90cdf7087a79e06c53477378.jpg,686cc0d7dd928efffa8a6b405d4444eee06b906ffd88f4c622bb1afe2aa4b811
ml/data/candidates/reject_v2/train/mouse/IMG_20250822_140358_jpg.rf.c30ba2b8f50a8ba82dc91a6dc1df5dc0.jpg,train,mouse,train,d8b8c89aa862eff958d94899a057dc16b437ccce162d0cfdc2e81a99748f62b7,COPIED,ml/data/candidates/phase11_reblocked/train/mouse/IMG_20250822_140358_jpg.rf.c30ba2b8f50a8ba82dc91a6dc1df5dc0.jpg,5b6ec9f5b1e76f970bdec8bb4fb5f4f72a7d112ccb02d80508df7ecd2e647067
ml/data/candidates/reject_v2/train/mouse/IMG_20250822_140438_jpg.rf.abf8602d67cb2faf0f4e87678daa3eae.jpg,train,mouse,train,a851826222a2a977c71726b3e2c467cdb2e7eb71f320b7485026108a0a2caa39,COPIED,ml/data/candidates/phase11_reblocked/train/mouse/IMG_20250822_140438_jpg.rf.abf8602d67cb2faf0f4e87678daa3eae.jpg,faae85407fa753148fb2c78b795fd1ea6a01849fa56ecb13989a8debf6bc8a50
ml/data/candidates/reject_v2/train/mouse/IMG_20250822_140439_jpg.rf.9cefc436b0a5838a8f3e084f24758d45.jpg,train,mouse,train,a851826222a2a977c71726b3e2c467cdb2e7eb71f320b7485026108a0a2caa39,COPIED,ml/data/candidates/phase11_reblocked/train/mouse/IMG_20250822_140439_jpg.rf.9cefc436b0a5838a8f3e084f24758d45.jpg,e7f6958e383aa51516b164ba3c08a50b59e95a444ff25eded746552c23de6a5b
ml/data/candidates/reject_v2/train/mouse/IMG_20250822_14044_jpg.rf.b4b8c82e45e10713916c08bc18a2c10e.jpg,train,mouse,train,a851826222a2a977c71726b3e2c467cdb2e7eb71f320b7485026108a0a2caa39,COPIED,ml/data/candidates/phase11_reblocked/train/mouse/IMG_20250822_14044_jpg.rf.b4b8c82e45e10713916c08bc18a2c10e.jpg,3ab7f8496f10f8abc32f90c0eb490cc1826a749a813a3249180e9c32e2f1d982
ml/data/candidates/reject_v2/train/mouse/IMG_20250822_14044_jpg.rf.f2b5966dbd0c3355be733bde15022758.jpg,train,mouse,train,a851826222a2a977c71726b3e2c467cdb2e7eb71f320b7485026108a0a2caa39,COPIED,ml/data/candidates/phase11_reblocked/train/mouse/IMG_20250822_14044_jpg.rf.f2b5966dbd0c3355be733bde15022758.jpg,1856d258a2f150bb0c1f85ceea62de312f46594eb0601333b4a45c4d04951bcc
ml/data/candidates/reject_v2/train/mouse/IMG_20250822_14044_jpg.rf.f7ef8539efc67a46d4c113425d562eb1.jpg,train,mouse,train,a851826222a2a977c71726b3e2c467cdb2e7eb71f320b7485026108a0a2caa39,COPIED,ml/data/candidates/phase11_reblocked/train/mouse/IMG_20250822_14044_jpg.rf.f7ef8539efc67a46d4c113425d562eb1.jpg,5ccc0775f81785bcecabe3b0436ddbaa17b16b0bc0d5d795f4d6e856d548d9f8
ml/data/candidates/reject_v2/test/mouse/IMG_20250803_215915_jpg.rf.1c08cb4ae20dd1839fb94bb0705366f4.jpg,test,mouse,train,1ee8a449b67e2975ab39f2d45e66a8636ee604e0c66c382b52e45ed5ed4cf7ce,COPIED,ml/data/candidates/phase11_reblocked/train/mouse/IMG_20250803_215915_jpg.rf.1c08cb4ae20dd1839fb94bb0705366f4.jpg,ed7939100029b140a85b3125fe35f340c11ec707229c802b9cdbbb0b838a4185
ml/data/candidates/reject_v2/train/mouse/IMG_20250822_140441_jpg.rf.a6651450bb57c78f5c428aa6bdf77f7d.jpg,train,mouse,train,0ce5722ae8df24b5d748e25b9bf37225d571c4cb8121aeeb9c42313137070b11,COPIED,ml/data/candidates/phase11_reblocked/train/mouse/IMG_20250822_140441_jpg.rf.a6651450bb57c78f5c428aa6bdf77f7d.jpg,9ff6db806fc8b75a16fd3988a568cb19bf242d8d112dbbf7520cfa61928b77f0
ml/data/candidates/reject_v2/train/mouse/IMG_20250822_140441_jpg.rf.bce3f04c7141da2e975b262fc1b112ef.jpg,train,mouse,train,0ce5722ae8df24b5d748e25b9bf37225d571c4cb8121aeeb9c42313137070b11,COPIED,ml/data/candidates/phase11_reblocked/train/mouse/IMG_20250822_140441_jpg.rf.bce3f04c7141da2e975b262fc1b112ef.jpg,3ce7b0fc6ac1e137b3526ab5d55367ea48d6dc52e0915f55a708fa4c000081b4
ml/data/candidates/reject_v2/train/mouse/IMG_20250822_140441_jpg.rf.d99db4b2a0a71bfe4704ec865491339f.jpg,train,mouse,train,0ce5722ae8df24b5d748e25b9bf37225d571c4cb8121aeeb9c42313137070b11,COPIED,ml/data/candidates/phase11_reblocked/train/mouse/IMG_20250822_140441_jpg.rf.d99db4b2a0a71bfe4704ec865491339f.jpg,5b512702e5e9db73513494ea05265c5fb89eac90cce6ded1eab565e5436ac329
ml/data/candidates/reject_v2/train/mouse/IMG_20250822_140423_jpg.rf.639d108ff90ef8fa1b3bf5479a0505f7.jpg,train,mouse,train,c02a948cac6bebcf5acdc11a439e7aa7e5f9a5748070bd6c89b03b9bb87a2f93,COPIED,ml/data/candidates/phase11_reblocked/train/mouse/IMG_20250822_140423_jpg.rf.639d108ff90ef8fa1b3bf5479a0505f7.jpg,404eb4adae1034a626cff45208a0669f7b1efbfd46d063070fa779b1d728a41b
ml/data/candidates/reject_v2/train/mouse/IMG_20250822_140423_jpg.rf.c9f979e6c17194879f56ff3f8991394e.jpg,train,mouse,train,c02a948cac6bebcf5acdc11a439e7aa7e5f9a5748070bd6c89b03b9bb87a2f93,COPIED,ml/data/candidates/phase11_reblocked/train/mouse/IMG_20250822_140423_jpg.rf.c9f979e6c17194879f56ff3f8991394e.jpg,97f18c103158ad8d9caded732eea89b3a7e3d27bede39cd2c224432c2424c26f
ml/data/candidates/reject_v2/train/mouse/IMG_20250822_140423_jpg.rf.fa3f9dab56d32a5d61e5b3cf07d0fc92.jpg,train,mouse,train,c02a948cac6bebcf5acdc11a439e7aa7e5f9a5748070bd6c89b03b9bb87a2f93,COPIED,ml/data/candidates/phase11_reblocked/train/mouse/IMG_20250822_140423_jpg.rf.fa3f9dab56d32a5d61e5b3cf07d0fc92.jpg,d180a3aef09804dacbd0087f0d9ca9d7fedeb3f2cfb9a0ad3719a0273c885ae1
ml/data/candidates/reject_v2/train/mouse/IMG_20250803_215849_jpg.rf.9f3b116a634ea1a286d4e6054533b8c7.jpg,train,mouse,train,5c874f241ff034029c74df8c1e68e4e5acbbec14686aeb4144ab2b85180e109d,COPIED,ml/data/candidates/phase11_reblocked/train/mouse/IMG_20250803_215849_jpg.rf.9f3b116a634ea1a286d4e6054533b8c7.jpg,d4b69e9eb81e7f844f4dd4c207fb95549c6d198a9939b46cddb2e1134f80ccb3
ml/data/candidates/reject_v2/train/mouse/IMG_20250822_140425_jpg.rf.122c5ab7c7b343c2b5272baa83937f24.jpg,train,mouse,train,62f14deea3e245f5ac52f8bbc5801887c0135f262a36213164a9e4b80e2d958b,COPIED,ml/data/candidates/phase11_reblocked/train/mouse/IMG_20250822_140425_jpg.rf.122c5ab7c7b343c2b5272baa83937f24.jpg,bb982a2f98a5ec6d07985c9b7a5459e4c9e935cc11786f04987ae7e2c05562ef
ml/data/candidates/reject_v2/train/mouse/IMG_20250822_140425_jpg.rf.97391f5895d34a4f6bb9d6d307cc0cf4.jpg,train,mouse,train,62f14deea3e245f5ac52f8bbc5801887c0135f262a36213164a9e4b80e2d958b,COPIED,ml/data/candidates/phase11_reblocked/train/mouse/IMG_20250822_140425_jpg.rf.97391f5895d34a4f6bb9d6d307cc0cf4.jpg,7f0ae850b9085dc71d9ccdbfb4c6dd1d1a33d4578de0b3338a3d9c0ddbc7fd1a
ml/data/candidates/reject_v2/train/mouse/IMG_20250822_140425_jpg.rf.a0d207aeca11bc4339893ccc30a7771b.jpg,train,mouse,train,62f14deea3e245f5ac52f8bbc5801887c0135f262a36213164a9e4b80e2d958b,COPIED,ml/data/candidates/phase11_reblocked/train/mouse/IMG_20250822_140425_jpg.rf.a0d207aeca11bc4339893ccc30a7771b.jpg,31a8ce70f574afce835fba0bb301d5c1b1e615a553875bd45373a2615f2aab5c
ml/data/candidates/reject_v2/train/mouse/IMG_20250822_140426_jpg.rf.f5bd5222e11ac436c427f2f5274f611b.jpg,train,mouse,train,62f14deea3e245f5ac52f8bbc5801887c0135f262a36213164a9e4b80e2d958b,COPIED,ml/data/candidates/phase11_reblocked/train/mouse/IMG_20250822_140426_jpg.rf.f5bd5222e11ac436c427f2f5274f611b.jpg,b979efa0aab58a29290f7688b926f4f69f7faadf99200533060a061f65ccff12
ml/data/candidates/reject_v2/train/mouse/IMG_20250805_204857_jpg.rf.4d75171ac4457b75cd1625816a1913cd.jpg,train,mouse,train,d9fb0bc8087ae52897de8e258c675e799f87aed0ca2e89f668126171652c4111,COPIED,ml/data/candidates/phase11_reblocked/train/mouse/IMG_20250805_204857_jpg.rf.4d75171ac4457b75cd1625816a1913cd.jpg,89ce75a4b6d6165cde7ccb5a84e86b44dd16fa38800f7e970bb165875b9e04a9
ml/data/candidates/reject_v2/train/mouse/IMG_20250805_204857_jpg.rf.77d0b4deb2ea3e9d8b47b81ba4210644.jpg,train,mouse,train,d9fb0bc8087ae52897de8e258c675e799f87aed0ca2e89f668126171652c4111,COPIED,ml/data/candidates/phase11_reblocked/train/mouse/IMG_20250805_204857_jpg.rf.77d0b4deb2ea3e9d8b47b81ba4210644.jpg,83a03fc1ea2c62a8a25f4d4566658989ae5a35b4608e71c463e479342530b9d4
ml/data/candidates/reject_v2/train/mouse/IMG_20250805_204857_jpg.rf.d1d4c2762a0c4654fb4a19e3354f884e.jpg,train,mouse,train,d9fb0bc8087ae52897de8e258c675e799f87aed0ca2e89f668126171652c4111,COPIED,ml/data/candidates/phase11_reblocked/train/mouse/IMG_20250805_204857_jpg.rf.d1d4c2762a0c4654fb4a19e3354f884e.jpg,39aa39895231859cae734740fa4d48d44fe36bb547068d2d505516a22369038e
ml/data/candidates/reject_v2/validation/mouse/IMG_20250803_215921_jpg.rf.84e43de9ae7a629acd537e14400126c6.jpg,validation,mouse,train,8171a99d2d92d517cddb096f4eb15264cc34be3624a3f68dc4ce2f705244de92,COPIED,ml/data/candidates/phase11_reblocked/train/mouse/IMG_20250803_215921_jpg.rf.84e43de9ae7a629acd537e14400126c6.jpg,f74e48924fd5d7af1e03fcc83aaa469aa8b22beaf06e83a742252ca15fc5c2be
ml/data/candidates/reject_v2/validation/mouse/IMG_20250803_215922_jpg.rf.2d0d3acf3b2ae57e09ef07ea4f228f4a.jpg,validation,mouse,train,8171a99d2d92d517cddb096f4eb15264cc34be3624a3f68dc4ce2f705244de92,COPIED,ml/data/candidates/phase11_reblocked/train/mouse/IMG_20250803_215922_jpg.rf.2d0d3acf3b2ae57e09ef07ea4f228f4a.jpg,70644e4757cfd018d02651b90d5799bff5387ec03eb6023e03e212c5212d44d9
ml/data/candidates/reject_v2/validation/mouse/IMG_20250803_215924_jpg.rf.2527e2e5a72383888bed75c4da4b9c64.jpg,validation,mouse,train,8171a99d2d92d517cddb096f4eb15264cc34be3624a3f68dc4ce2f705244de92,COPIED,ml/data/candidates/phase11_reblocked/train/mouse/IMG_20250803_215924_jpg.rf.2527e2e5a72383888bed75c4da4b9c64.jpg,728a15183714c0b93210a1b7e665f7bcbfaed51e8c3df5f6b2e055c6f73da2fc
ml/data/candidates/reject_v2/validation/mouse/IMG_20250805_204901_jpg.rf.9d14ef5f5e3cd04fa8c617a912987052.jpg,validation,mouse,train,259c6d34eea728dcaf0c6d8a0ca0bfd799c47bb22ccf6f2ad601c4c1134b0b97,COPIED,ml/data/candidates/phase11_reblocked/train/mouse/IMG_20250805_204901_jpg.rf.9d14ef5f5e3cd04fa8c617a912987052.jpg,c454b34f28bfa8c664bf37afc1e62bfb62b6062738f35585b387f00d1defd621
ml/data/candidates/reject_v2/train/mouse/IMG_20250803_215839_jpg.rf.d7dcc0724669b54ddb7d59f8c836ee98.jpg,train,mouse,train,b92e1f1e2574f179af803b7a8e61372398e5c3e6e21991145b34f16a646bb9be,COPIED,ml/data/candidates/phase11_reblocked/train/mouse/IMG_20250803_215839_jpg.rf.d7dcc0724669b54ddb7d59f8c836ee98.jpg,628e9b950891d39b9353e999fdb6a8c81d44599f717f2befcb19751d9384cb8c
ml/data/candidates/reject_v2/test/mouse/IMG_20250822_140348_jpg.rf.0d4ffab7cac89217083f61c6a314e3a1.jpg,test,mouse,train,9bec941fb03a6398f4ed6acbdcdac1b28dc9e71771ac6ab070dda28bd5a2d03d,COPIED,ml/data/candidates/phase11_reblocked/train/mouse/IMG_20250822_140348_jpg.rf.0d4ffab7cac89217083f61c6a314e3a1.jpg,d6f06093500330d9b4b0ff828f6d53313fe14ebec669d5651bbdcf3df18e713c
ml/data/candidates/reject_v2/train/mouse/IMG_20250822_140359_jpg.rf.9470f9f5d5bab33f64ec56963463294f.jpg,train,mouse,train,b0b500d865cdf0c291e9363abd8bd55074b719b076d50994e5053175e1714b24,COPIED,ml/data/candidates/phase11_reblocked/train/mouse/IMG_20250822_140359_jpg.rf.9470f9f5d5bab33f64ec56963463294f.jpg,d32a3919120e5df472aa83cf46b8e030d3e9ec9f86ccbd461f66e0a0584907b3
ml/data/candidates/reject_v2/train/mouse/IMG_20250803_215903_jpg.rf.f4d35f59677c39dc89f4ce0148aca47c.jpg,train,mouse,train,525df959b7d62d9836107a80b0e9eeadce615e0f74dbcd0363d47b4824d27176,COPIED,ml/data/candidates/phase11_reblocked/train/mouse/IMG_20250803_215903_jpg.rf.f4d35f59677c39dc89f4ce0148aca47c.jpg,1438eee6b8883013dd23ba39f9a4d063799818b91b918d5729ca84b610c864af
ml/data/candidates/reject_v2/train/mouse/IMG_20250803_215905_jpg.rf.9ea9ffc023daf5f2d35c1aabb1d51bb7.jpg,train,mouse,train,525df959b7d62d9836107a80b0e9eeadce615e0f74dbcd0363d47b4824d27176,COPIED,ml/data/candidates/phase11_reblocked/train/mouse/IMG_20250803_215905_jpg.rf.9ea9ffc023daf5f2d35c1aabb1d51bb7.jpg,db6498a766446b25fc7a38cad6a75e3499b71198ef82f9d8932e42a7d0f2ef74
ml/data/candidates/reject_v2/train/mouse/IMG_20250803_215916_jpg.rf.422a26ebcd2da19f8dbc2846c7a3bd6e.jpg,train,mouse,train,235f5b52ddf6095795500e5a7465047b17ed181f94ffdf0214fe5fc9c721bd6a,COPIED,ml/data/candidates/phase11_reblocked/train/mouse/IMG_20250803_215916_jpg.rf.422a26ebcd2da19f8dbc2846c7a3bd6e.jpg,13bb3a3e650539d8a420fe63b6bedf7b8a06ced552e7c3aab5ade5876cdae266
ml/data/candidates/reject_v2/train/mouse/IMG_20250822_1404_jpg.rf.2cd9837753ee6d0d88108a199e2accae.jpg,train,mouse,train,1748e1d943615e1d5fab51f2d99172f3d38d0d2eacf425d6523ebfd87a0bf7a5,COPIED,ml/data/candidates/phase11_reblocked/train/mouse/IMG_20250822_1404_jpg.rf.2cd9837753ee6d0d88108a199e2accae.jpg,187812f807c584e4b1cd28007797df52971068a8302c1e9546c2f5ea737f8fe0
ml/data/candidates/reject_v2/train/mouse/IMG_20250822_1404_jpg.rf.3e7704b7dfc0571c15acb1edab6e1ddb.jpg,train,mouse,train,1748e1d943615e1d5fab51f2d99172f3d38d0d2eacf425d6523ebfd87a0bf7a5,COPIED,ml/data/candidates/phase11_reblocked/train/mouse/IMG_20250822_1404_jpg.rf.3e7704b7dfc0571c15acb1edab6e1ddb.jpg,997999c00e452d45b282c1f69fcf234c39a5b16875bb5bed4f09f9962dd4ce57
ml/data/candidates/reject_v2/train/mouse/IMG_20250822_1404_jpg.rf.f6eceaca7339451dedbca316a7efa85e.jpg,train,mouse,train,1748e1d943615e1d5fab51f2d99172f3d38d0d2eacf425d6523ebfd87a0bf7a5,COPIED,ml/data/candidates/phase11_reblocked/train/mouse/IMG_20250822_1404_jpg.rf.f6eceaca7339451dedbca316a7efa85e.jpg,7392e48b466f808f6ce93e0d9013cc56ae891e5be19f194175889c9fca11a83c
ml/data/candidates/reject_v2/test/mouse/IMG_20250805_204856_jpg.rf.12965a47deed1f631b0ae71724ee2c79.jpg,test,mouse,validation,684f84f79d367f9c9c7943a94774849b2bc7a97dd14ae657f4f2270799c04ae7,COPIED,ml/data/candidates/phase11_reblocked/validation/mouse/IMG_20250805_204856_jpg.rf.12965a47deed1f631b0ae71724ee2c79.jpg,95b0bd31c85e2e7b93c5ad2b90cfcc94489b744fd9b0f5d11cbd7d5720e43117
ml/data/candidates/reject_v2/test/mouse/IMG_20250822_140412_jpg.rf.4ee51e53754b9b6942d000b4469de550.jpg,test,mouse,validation,49908a76deadf8cbf757ae12d2392591b1bf904fa3c79086f4f6f8bc8afdc7ad,SAME_GROUP_HOLDOUT_SIBLING_NOT_EVALUATED,,d3f2f53641701babb63bd40c411a9f2710fe04893a49cfe05159ff64be6e64f9
ml/data/candidates/reject_v2/test/mouse/IMG_20250822_140413_jpg.rf.73cf4af821a990defde96ed1db5c0d92.jpg,test,mouse,validation,49908a76deadf8cbf757ae12d2392591b1bf904fa3c79086f4f6f8bc8afdc7ad,COPIED,ml/data/candidates/phase11_reblocked/validation/mouse/IMG_20250822_140413_jpg.rf.73cf4af821a990defde96ed1db5c0d92.jpg,d11e4a3c2c9872d49634ff8a24532dd649fe5fee576fbce63bc0ee3bc85ae889
ml/data/candidates/reject_v2/train/mouse/IMG_20250822_140349_jpg.rf.6460419b61231e8fd594a77eb8f62b1a.jpg,train,mouse,validation,7c18d96808ffd0d438b2ef3a55fdcfd1a9e6df5ceede7ab12b9190137eef893b,SAME_GROUP_HOLDOUT_SIBLING_NOT_EVALUATED,,78e6389321cdeed42aa0812997f6f1a9b185f9aa74ff9941d0f01b0f5ad7695c
ml/data/candidates/reject_v2/train/mouse/IMG_20250822_140350_jpg.rf.37910db6261f9d7b4c8e256400d8771c.jpg,train,mouse,validation,7c18d96808ffd0d438b2ef3a55fdcfd1a9e6df5ceede7ab12b9190137eef893b,COPIED,ml/data/candidates/phase11_reblocked/validation/mouse/IMG_20250822_140350_jpg.rf.37910db6261f9d7b4c8e256400d8771c.jpg,284c81a6b4245716a5f695460e015ac12e1c58a1591e82748bcd8ddefb3802bd
ml/data/candidates/reject_v2/train/mouse/IMG_20250822_140351_jpg.rf.68a8ac2bc7e4380a0e2993e012ff5c19.jpg,train,mouse,validation,7c18d96808ffd0d438b2ef3a55fdcfd1a9e6df5ceede7ab12b9190137eef893b,SAME_GROUP_HOLDOUT_SIBLING_NOT_EVALUATED,,52034b6032a482370b6896649722aea81345aede9fcb9a3dd8760928ce3e9651
ml/data/candidates/reject_v2/validation/mouse/IMG_20250803_215838_jpg.rf.bac3fad9510b7b1db2b0a13d1b39439f.jpg,validation,mouse,validation,25525c5d6dc743a892802ae0797d833ad3d2a77fd8e3ecd8d7e44ddfcaac1b12,COPIED,ml/data/candidates/phase11_reblocked/validation/mouse/IMG_20250803_215838_jpg.rf.bac3fad9510b7b1db2b0a13d1b39439f.jpg,9358fc1aa2f0cb8163cc35e5236f7e323b0f9eb439860413e068876ad4f0ee90
ml/data/candidates/reject_v2/train/mouse/IMG_20250803_215901_jpg.rf.121ff2310fe43811f05271b148cae4ef.jpg,train,mouse,test,a73cd469507ad2a22ee9955e6a8f1c0eb31ce37e5073b4cbd2f2d8f67ccd6a82,COPIED,ml/data/candidates/phase11_reblocked/test/mouse/IMG_20250803_215901_jpg.rf.121ff2310fe43811f05271b148cae4ef.jpg,4ae289414d2ca38356d6667eb90ea2e44ded69180ac127ca3864bb2423a43d09
ml/data/candidates/reject_v2/train/mouse/IMG_20250803_215901_jpg.rf.1be1b4a53443d0b586d89af085c94314.jpg,train,mouse,test,a73cd469507ad2a22ee9955e6a8f1c0eb31ce37e5073b4cbd2f2d8f67ccd6a82,SAME_GROUP_HOLDOUT_SIBLING_NOT_EVALUATED,,a0b803ce7cb9bd7f5f0d3de2eac76bd2e62b993d26ecd4bb25bb908f0f740126
ml/data/candidates/reject_v2/train/mouse/IMG_20250803_215901_jpg.rf.c61b8020201c5201a4c17ee00dd313ee.jpg,train,mouse,test,a73cd469507ad2a22ee9955e6a8f1c0eb31ce37e5073b4cbd2f2d8f67ccd6a82,SAME_GROUP_HOLDOUT_SIBLING_NOT_EVALUATED,,4c8eb657e549cd693e1effa04ea735fad518535bfb5d9bb12a10717a8ded4722
ml/data/candidates/reject_v2/test/mouse/IMG_20250822_140430_jpg.rf.122afd8993d44c452a4724a71eac2411.jpg,test,mouse,test,a5520d60e9d5f96b84f006b3691112007fe58d0f05fbdfa0949a80eb5a3e0d22,COPIED,ml/data/candidates/phase11_reblocked/test/mouse/IMG_20250822_140430_jpg.rf.122afd8993d44c452a4724a71eac2411.jpg,6cf91f9092929f1f0cb03f7b09b427b1db598ee4395303a0676e3fae5a7a332e
ml/data/candidates/reject_v2/train/mouse/IMG_20250803_215914_jpg.rf.8feef1eccb5913579498f857230745d0.jpg,train,mouse,test,54f25fd7d8dbade33d4c50524283890d426c9f9fc8eedbe544ee6faacc3d57d9,COPIED,ml/data/candidates/phase11_reblocked/test/mouse/IMG_20250803_215914_jpg.rf.8feef1eccb5913579498f857230745d0.jpg,7f94db9317b87545d2fdf3e5d13965a3cc3def88bbf449c8edffafcf6eb5e3a5
ml/data/candidates/reject_v2/validation/mouse/IMG_20250822_140407_jpg.rf.81ad563e6ed99b3f70bfd1ed79e8a054.jpg,validation,mouse,test,05440ad3dd93bb386842244de73e5d30ef01b8f35a33a818481e38b858685691,COPIED,ml/data/candidates/phase11_reblocked/test/mouse/IMG_20250822_140407_jpg.rf.81ad563e6ed99b3f70bfd1ed79e8a054.jpg,288788b16a32e2e34c4e89ca01762b0ccf5352eedb815c20f02378f6033ce89d
ml/data/candidates/reject_v2/validation/mouse/IMG_20250822_140408_jpg.rf.61f8634ee075628b4808de0f10f76426.jpg,validation,mouse,test,05440ad3dd93bb386842244de73e5d30ef01b8f35a33a818481e38b858685691,SAME_GROUP_HOLDOUT_SIBLING_NOT_EVALUATED,,5789ab44f8f98119e9b9ab6a91314c3e1c355e9af0f938d5fa7f04ab4f13007b
ml/data/candidates/reject_v2/validation/mouse/IMG_20250822_140409_jpg.rf.42405a2d8bac9ee2bce25275e0e3d92d.jpg,validation,mouse,test,05440ad3dd93bb386842244de73e5d30ef01b8f35a33a818481e38b858685691,SAME_GROUP_HOLDOUT_SIBLING_NOT_EVALUATED,,ac72809cb22f2a595d1f70f7ff8bd0836be828f3ee409b788e96b91c25fca525
ml/data/candidates/reject_v2/train/mouse/IMG_20250822_140429_jpg.rf.5cdd4a2e6db7fcffa0b8ac686d2182fb.jpg,train,mouse,test,e7a8a24718613e93db9e58aa122598498719a71255f7a0da737ddaea5dc1e58f,COPIED,ml/data/candidates/phase11_reblocked/test/mouse/IMG_20250822_140429_jpg.rf.5cdd4a2e6db7fcffa0b8ac686d2182fb.jpg,271d1ae662a4b233a90b8368e37971f0618ec2e1542cf17aaa813dc128ef0083
ml/data/candidates/reject_v2/train/mouse/IMG_20250822_140431_jpg.rf.0219dfce4349916a8a0b4c3a90383476.jpg,train,mouse,test,e7a8a24718613e93db9e58aa122598498719a71255f7a0da737ddaea5dc1e58f,SAME_GROUP_HOLDOUT_SIBLING_NOT_EVALUATED,,3da5c67f5e37aca208b5723ca956717d5a5dbd53b70ce56d1373b4cac366561e
ml/data/candidates/reject_v2/test/not_ewaste/Paper_Waste__IMG_20250805_204358_jpg.rf.474987c75f548ea736b4c084caf52222.jpg,test,not_ewaste,train,92bcedb152b651d835662e813be207e227db0032dccc104ec8e4c374acfab01d,COPIED,ml/data/candidates/phase11_reblocked/train/not_ewaste/Paper_Waste__IMG_20250805_204358_jpg.rf.474987c75f548ea736b4c084caf52222.jpg,cbc7382e9eaa81faf7e69cdd05ea805c201d09f14a8759eaa143107b20a82485
ml/data/candidates/reject_v2/train/not_ewaste/Glass_Waste__IMG_20250822_142445_jpg.rf.4f4208217173f2c7317ae8dbb86853f6.jpg,train,not_ewaste,train,19310ca707716028efadc8973b4f191dfe9f3a161dcd9c72aba55e756a8900ee,COPIED,ml/data/candidates/phase11_reblocked/train/not_ewaste/Glass_Waste__IMG_20250822_142445_jpg.rf.4f4208217173f2c7317ae8dbb86853f6.jpg,58c95a29e948c8b43a1f8676dadeda654225d64f6c1ba8b41d2a388538f91c47
ml/data/candidates/reject_v2/train/not_ewaste/Glass_Waste__IMG_20250822_142445_jpg.rf.57458e2861dbe23fa903b05a569ba43a.jpg,train,not_ewaste,train,19310ca707716028efadc8973b4f191dfe9f3a161dcd9c72aba55e756a8900ee,COPIED,ml/data/candidates/phase11_reblocked/train/not_ewaste/Glass_Waste__IMG_20250822_142445_jpg.rf.57458e2861dbe23fa903b05a569ba43a.jpg,f9ff1c1a8f4499038a37e8a1cda6f737b79432cf5546e3f8cd9d0b6b5a87a409
ml/data/candidates/reject_v2/train/not_ewaste/Glass_Waste__IMG_20250822_142445_jpg.rf.efa2782badecb754496ab321176ed402.jpg,train,not_ewaste,train,19310ca707716028efadc8973b4f191dfe9f3a161dcd9c72aba55e756a8900ee,COPIED,ml/data/candidates/phase11_reblocked/train/not_ewaste/Glass_Waste__IMG_20250822_142445_jpg.rf.efa2782badecb754496ab321176ed402.jpg,ce5f69f5bbb7e17e38968aafd11cd0b42544c9b70104766d2085e18abf598026
ml/data/candidates/reject_v2/train/not_ewaste/Glass_Waste__IMG_20250822_142446_jpg.rf.29543f5563804a64e0b917ec8db5f585.jpg,train,not_ewaste,train,19310ca707716028efadc8973b4f191dfe9f3a161dcd9c72aba55e756a8900ee,COPIED,ml/data/candidates/phase11_reblocked/train/not_ewaste/Glass_Waste__IMG_20250822_142446_jpg.rf.29543f5563804a64e0b917ec8db5f585.jpg,92ce3eca8856f3792066ec26a72d01a6ce2ededb17cb6904db420e89f135840e
ml/data/candidates/reject_v2/train/not_ewaste/Glass_Waste__IMG_20250822_142446_jpg.rf.c67a037a57f3d8d2e129ef936829e065.jpg,train,not_ewaste,train,19310ca707716028efadc8973b4f191dfe9f3a161dcd9c72aba55e756a8900ee,COPIED,ml/data/candidates/phase11_reblocked/train/not_ewaste/Glass_Waste__IMG_20250822_142446_jpg.rf.c67a037a57f3d8d2e129ef936829e065.jpg,029babf3d53811e5d71a14e9e0bf526f2f08528f7fc41eae0b190b8c0a979323
ml/data/candidates/reject_v2/train/not_ewaste/Glass_Waste__IMG_20250822_142446_jpg.rf.ef80aa9878285c1de57430f1c889ce52.jpg,train,not_ewaste,train,19310ca707716028efadc8973b4f191dfe9f3a161dcd9c72aba55e756a8900ee,COPIED,ml/data/candidates/phase11_reblocked/train/not_ewaste/Glass_Waste__IMG_20250822_142446_jpg.rf.ef80aa9878285c1de57430f1c889ce52.jpg,6eadebe41c1b29b7fe2bbc6e250bebf75f50c12ee7e35c068f4b9e124e069563
ml/data/candidates/reject_v2/validation/not_ewaste/Glass_Waste__IMG_20250822_142447_jpg.rf.611b1d466302e0701e663863efb9b414.jpg,validation,not_ewaste,train,19310ca707716028efadc8973b4f191dfe9f3a161dcd9c72aba55e756a8900ee,COPIED,ml/data/candidates/phase11_reblocked/train/not_ewaste/Glass_Waste__IMG_20250822_142447_jpg.rf.611b1d466302e0701e663863efb9b414.jpg,f5a063332b7f414b87354c130c8e8e0f9c956c071475c6897d72a5745b910652
ml/data/candidates/reject_v2/validation/not_ewaste/Glass_Waste__IMG_20250822_142641_jpg.rf.8c53c0a70d12a8c6f500f068513722a9.jpg,validation,not_ewaste,train,1018446ac8e28c37d0219683eb6288683a8c0dfadb6117a0fec2904138078c18,COPIED,ml/data/candidates/phase11_reblocked/train/not_ewaste/Glass_Waste__IMG_20250822_142641_jpg.rf.8c53c0a70d12a8c6f500f068513722a9.jpg,61c56cb99da9bb70165d2b8410c470f6d3651344e58a88e7cb2f19115d3337e0
ml/data/candidates/reject_v2/test/not_ewaste/Paper_Waste__IMG_20250805_204046_jpg.rf.4c59551bf5a9f94a5156a878395f458e.jpg,test,not_ewaste,train,5b7b80ca538eb6bcc995fd892b0a83f3ca44c3b384f73fed35a34fb2a9c4fb13,COPIED,ml/data/candidates/phase11_reblocked/train/not_ewaste/Paper_Waste__IMG_20250805_204046_jpg.rf.4c59551bf5a9f94a5156a878395f458e.jpg,243bb92120cda59a84eb8c10313f14dba646c7f2d33882293e539eeb25ff9d6c
ml/data/candidates/reject_v2/train/not_ewaste/Glass_Waste__IMG_20250822_142531_1_jpg.rf.87d1b8f7c571744355e4b0a3b0adadad.jpg,train,not_ewaste,train,77f5173e51c7a9807abe420d5562fa1ade4c697eb84eaac5bbc63c7617d9073c,COPIED,ml/data/candidates/phase11_reblocked/train/not_ewaste/Glass_Waste__IMG_20250822_142531_1_jpg.rf.87d1b8f7c571744355e4b0a3b0adadad.jpg,c1c0f848d69500f036ed2a84d9182d2adf4984b8b19ed53472c03828f4dcd74a
ml/data/candidates/reject_v2/train/not_ewaste/Glass_Waste__IMG_20250822_142531_1_jpg.rf.ae539e20256c91097a90044f1495b9c7.jpg,train,not_ewaste,train,77f5173e51c7a9807abe420d5562fa1ade4c697eb84eaac5bbc63c7617d9073c,COPIED,ml/data/candidates/phase11_reblocked/train/not_ewaste/Glass_Waste__IMG_20250822_142531_1_jpg.rf.ae539e20256c91097a90044f1495b9c7.jpg,efa9c8c342df722919db3a016b416a09384ed2c8ac417561e9b6077acb0ada77
ml/data/candidates/reject_v2/train/not_ewaste/Glass_Waste__IMG_20250822_142531_1_jpg.rf.bc9a8498befd6c1bac3382a12dd603fd.jpg,train,not_ewaste,train,77f5173e51c7a9807abe420d5562fa1ade4c697eb84eaac5bbc63c7617d9073c,COPIED,ml/data/candidates/phase11_reblocked/train/not_ewaste/Glass_Waste__IMG_20250822_142531_1_jpg.rf.bc9a8498befd6c1bac3382a12dd603fd.jpg,9d0ad0cf39e7fe41b7458930c219a951cee7e600517322b3b18d21a8c23a407f
ml/data/candidates/reject_v2/train/not_ewaste/Glass_Waste__IMG_20250822_142531_jpg.rf.c1d8c3db7dd7f9b6061f301f580987ac.jpg,train,not_ewaste,train,77f5173e51c7a9807abe420d5562fa1ade4c697eb84eaac5bbc63c7617d9073c,COPIED,ml/data/candidates/phase11_reblocked/train/not_ewaste/Glass_Waste__IMG_20250822_142531_jpg.rf.c1d8c3db7dd7f9b6061f301f580987ac.jpg,52d42f1fdd6ee7791eb9ebd1419f0734edf297dab993c50fda303788ca980dde
ml/data/candidates/reject_v2/train/not_ewaste/Glass_Waste__IMG_20250822_142531_jpg.rf.cc2044417b3c9a9879915acd1a858f7c.jpg,train,not_ewaste,train,77f5173e51c7a9807abe420d5562fa1ade4c697eb84eaac5bbc63c7617d9073c,COPIED,ml/data/candidates/phase11_reblocked/train/not_ewaste/Glass_Waste__IMG_20250822_142531_jpg.rf.cc2044417b3c9a9879915acd1a858f7c.jpg,44ed637522aa49f33720a26797e96dd6a207ea9725302b4865277eef24fe3567
ml/data/candidates/reject_v2/train/not_ewaste/Glass_Waste__IMG_20250822_142531_jpg.rf.e6e8b4d838666e701e7187be87142c60.jpg,train,not_ewaste,train,77f5173e51c7a9807abe420d5562fa1ade4c697eb84eaac5bbc63c7617d9073c,COPIED,ml/data/candidates/phase11_reblocked/train/not_ewaste/Glass_Waste__IMG_20250822_142531_jpg.rf.e6e8b4d838666e701e7187be87142c60.jpg,059b3925fcae4c2ee92392dd8eb7ff5cea78d73389bea0c44823ab6e44fb44a4
ml/data/candidates/reject_v2/train/not_ewaste/Plastic_Waste__IMG_20250805_203245_jpg.rf.5862b087c90300427e3cc90b0caecf71.jpg,train,not_ewaste,train,70293e155ab40088ee12f5a92affa82d574df062d686e1a74a85fed6f893c507,COPIED,ml/data/candidates/phase11_reblocked/train/not_ewaste/Plastic_Waste__IMG_20250805_203245_jpg.rf.5862b087c90300427e3cc90b0caecf71.jpg,c805319cc48fd1abffcb9f6bdd4ece4b56b4340825d6cc4296e0ecd12df543bd
ml/data/candidates/reject_v2/train/not_ewaste/Plastic_Waste__IMG_20250805_203245_jpg.rf.b2db029211a1738ef02b3bfd1fa7fdc8.jpg,train,not_ewaste,train,70293e155ab40088ee12f5a92affa82d574df062d686e1a74a85fed6f893c507,COPIED,ml/data/candidates/phase11_reblocked/train/not_ewaste/Plastic_Waste__IMG_20250805_203245_jpg.rf.b2db029211a1738ef02b3bfd1fa7fdc8.jpg,1f9ed27c72804586cbdb01685810712220b95ad09c7d809487c711f4a263d3d7
ml/data/candidates/reject_v2/train/not_ewaste/Plastic_Waste__IMG_20250805_203245_jpg.rf.fbf3f6b29adf1d6008556498efb9e760.jpg,train,not_ewaste,train,70293e155ab40088ee12f5a92affa82d574df062d686e1a74a85fed6f893c507,COPIED,ml/data/candidates/phase11_reblocked/train/not_ewaste/Plastic_Waste__IMG_20250805_203245_jpg.rf.fbf3f6b29adf1d6008556498efb9e760.jpg,51088c681e7fbcb1b8e28a9c4417f26e416c7ae26b060c99d18f030754d6c2e1
ml/data/candidates/reject_v2/train/not_ewaste/Paper_Waste__IMG_20250805_204028_1_jpg.rf.5c24b5123fecf20c31642b52fe0b55c4.jpg,train,not_ewaste,train,fc3a9af831e509d7bb7cea9e3e5fa169137f8b9d252f7935f4c15ac5aa1bd652,COPIED,ml/data/candidates/phase11_reblocked/train/not_ewaste/Paper_Waste__IMG_20250805_204028_1_jpg.rf.5c24b5123fecf20c31642b52fe0b55c4.jpg,0c9c078f68ad440eca910f5eef22796fbd8be6374447fa415144d3219340d719
ml/data/candidates/reject_v2/train/not_ewaste/Paper_Waste__IMG_20250805_204028_1_jpg.rf.97ec107dd22d40a5a90a8f412a4c4bec.jpg,train,not_ewaste,train,fc3a9af831e509d7bb7cea9e3e5fa169137f8b9d252f7935f4c15ac5aa1bd652,COPIED,ml/data/candidates/phase11_reblocked/train/not_ewaste/Paper_Waste__IMG_20250805_204028_1_jpg.rf.97ec107dd22d40a5a90a8f412a4c4bec.jpg,5e226a15bfd3af2a3f7cf97421929942f3f77fd500719603d6083a8bebe61a6f
ml/data/candidates/reject_v2/train/not_ewaste/Paper_Waste__IMG_20250805_204028_1_jpg.rf.ea70f142f4fb074bd33c716d6f2f6300.jpg,train,not_ewaste,train,fc3a9af831e509d7bb7cea9e3e5fa169137f8b9d252f7935f4c15ac5aa1bd652,COPIED,ml/data/candidates/phase11_reblocked/train/not_ewaste/Paper_Waste__IMG_20250805_204028_1_jpg.rf.ea70f142f4fb074bd33c716d6f2f6300.jpg,03de12a5dbcebc925a5b08e05de92a733e7e605658347ba7b2760f0c5c48e39d
ml/data/candidates/reject_v2/train/not_ewaste/Paper_Waste__IMG_20250805_204028_jpg.rf.56cb5adaf3658888f1766c56918fcb16.jpg,train,not_ewaste,train,fc3a9af831e509d7bb7cea9e3e5fa169137f8b9d252f7935f4c15ac5aa1bd652,COPIED,ml/data/candidates/phase11_reblocked/train/not_ewaste/Paper_Waste__IMG_20250805_204028_jpg.rf.56cb5adaf3658888f1766c56918fcb16.jpg,40362bce120f75775ecdcf954260f54e6c97fc489232971303915c2d73147b1b
ml/data/candidates/reject_v2/train/not_ewaste/Paper_Waste__IMG_20250805_204028_jpg.rf.7960556c98120789a9032a374252a6ba.jpg,train,not_ewaste,train,fc3a9af831e509d7bb7cea9e3e5fa169137f8b9d252f7935f4c15ac5aa1bd652,COPIED,ml/data/candidates/phase11_reblocked/train/not_ewaste/Paper_Waste__IMG_20250805_204028_jpg.rf.7960556c98120789a9032a374252a6ba.jpg,7903f78bec4fbe3652ff421155736fccba21edfb64efbf8a97d77db13ea0a6a8
ml/data/candidates/reject_v2/train/not_ewaste/Paper_Waste__IMG_20250805_204028_jpg.rf.aa81bc648508edfd92dc54217b3c01d7.jpg,train,not_ewaste,train,fc3a9af831e509d7bb7cea9e3e5fa169137f8b9d252f7935f4c15ac5aa1bd652,COPIED,ml/data/candidates/phase11_reblocked/train/not_ewaste/Paper_Waste__IMG_20250805_204028_jpg.rf.aa81bc648508edfd92dc54217b3c01d7.jpg,c9c7b7e85166474efa817506fc2d67134de6c3f6af5ae933e4ae96f108533508
ml/data/candidates/reject_v2/validation/not_ewaste/Paper_Waste__IMG_20250805_204029_jpg.rf.aa01ab0e27a808110e71fbd949d12bde.jpg,validation,not_ewaste,train,fc3a9af831e509d7bb7cea9e3e5fa169137f8b9d252f7935f4c15ac5aa1bd652,COPIED,ml/data/candidates/phase11_reblocked/train/not_ewaste/Paper_Waste__IMG_20250805_204029_jpg.rf.aa01ab0e27a808110e71fbd949d12bde.jpg,5b7429567d893e82b5768060877fc16ea70a1489999925db30a98609fc85a39b
ml/data/candidates/reject_v2/train/not_ewaste/Glass_Waste__IMG_20250805_204414_1_jpg.rf.1c92b483abd6acf96410802b6375dd9c.jpg,train,not_ewaste,train,9321c9d0a951aa3c6794de6ee824e583e47fecfb6f68465be46e7b04047e53f4,COPIED,ml/data/candidates/phase11_reblocked/train/not_ewaste/Glass_Waste__IMG_20250805_204414_1_jpg.rf.1c92b483abd6acf96410802b6375dd9c.jpg,08822142cd9acebe316e6cdd2e0f9b9cc373647baceaa1734b926e7254ee7fcf
ml/data/candidates/reject_v2/train/not_ewaste/Glass_Waste__IMG_20250805_204414_1_jpg.rf.64180a311b561afbb9a15f6eb4007570.jpg,train,not_ewaste,train,9321c9d0a951aa3c6794de6ee824e583e47fecfb6f68465be46e7b04047e53f4,COPIED,ml/data/candidates/phase11_reblocked/train/not_ewaste/Glass_Waste__IMG_20250805_204414_1_jpg.rf.64180a311b561afbb9a15f6eb4007570.jpg,2f98328659494f9b770e5cce636b05982f19763ef7d80af324c1bad8a91961ba
ml/data/candidates/reject_v2/train/not_ewaste/Glass_Waste__IMG_20250805_204414_1_jpg.rf.854bf1ac3c1aae5d14fe9199fb80f10b.jpg,train,not_ewaste,train,9321c9d0a951aa3c6794de6ee824e583e47fecfb6f68465be46e7b04047e53f4,COPIED,ml/data/candidates/phase11_reblocked/train/not_ewaste/Glass_Waste__IMG_20250805_204414_1_jpg.rf.854bf1ac3c1aae5d14fe9199fb80f10b.jpg,2c0e64cdf84b9160fa33ab955ab4449b33b646c64a4907007185d4492287979f
ml/data/candidates/reject_v2/train/not_ewaste/Glass_Waste__IMG_20250805_204415_jpg.rf.05424b694b36a670da98f926322acc7f.jpg,train,not_ewaste,train,9321c9d0a951aa3c6794de6ee824e583e47fecfb6f68465be46e7b04047e53f4,COPIED,ml/data/candidates/phase11_reblocked/train/not_ewaste/Glass_Waste__IMG_20250805_204415_jpg.rf.05424b694b36a670da98f926322acc7f.jpg,7bcb6cbd9ac517449bc241984054a919099d0b95a2ca038541f1582ecabb53d1
ml/data/candidates/reject_v2/train/not_ewaste/Glass_Waste__IMG_20250805_204415_jpg.rf.2136abe30fc32576f2de57bf8ca3a18b.jpg,train,not_ewaste,train,9321c9d0a951aa3c6794de6ee824e583e47fecfb6f68465be46e7b04047e53f4,COPIED,ml/data/candidates/phase11_reblocked/train/not_ewaste/Glass_Waste__IMG_20250805_204415_jpg.rf.2136abe30fc32576f2de57bf8ca3a18b.jpg,c4402ebbef9e37cc9ef29b74de2cb41ec0c8de2f836618d281f3c31f3a6afe14
ml/data/candidates/reject_v2/train/not_ewaste/Glass_Waste__IMG_20250805_204415_jpg.rf.7a6b459ecec732af109c99637ff42206.jpg,train,not_ewaste,train,9321c9d0a951aa3c6794de6ee824e583e47fecfb6f68465be46e7b04047e53f4,COPIED,ml/data/candidates/phase11_reblocked/train/not_ewaste/Glass_Waste__IMG_20250805_204415_jpg.rf.7a6b459ecec732af109c99637ff42206.jpg,ae3f03043ff48c56efbaff3ca1d27c2a131a1d777d9babfb4ac7e725671f5838
ml/data/candidates/reject_v2/train/not_ewaste/Plastic_Waste__IMG_20250803_221438_jpg.rf.0a4f4a262e338930583b9f20c07972ab.jpg,train,not_ewaste,train,ad650e58fb38aeb59604b27793b25105f2a3f2350be344533a34d0e0ee335623,COPIED,ml/data/candidates/phase11_reblocked/train/not_ewaste/Plastic_Waste__IMG_20250803_221438_jpg.rf.0a4f4a262e338930583b9f20c07972ab.jpg,5906a3fd608e8280a1fe20184716c7b22f2641b73811f5bd3ba4c4c0e35ad8a8
ml/data/candidates/reject_v2/train/not_ewaste/Plastic_Waste__IMG_20250803_221438_jpg.rf.323d9e48a43f48f6547e2dd075f7544d.jpg,train,not_ewaste,train,ad650e58fb38aeb59604b27793b25105f2a3f2350be344533a34d0e0ee335623,COPIED,ml/data/candidates/phase11_reblocked/train/not_ewaste/Plastic_Waste__IMG_20250803_221438_jpg.rf.323d9e48a43f48f6547e2dd075f7544d.jpg,9085de1459e9a6d216edbba6dd757877ae6852559e94e19840b9d953a38f425a
ml/data/candidates/reject_v2/train/not_ewaste/Plastic_Waste__IMG_20250803_221438_jpg.rf.adcd1ec9957230e132e727ea5f28aec3.jpg,train,not_ewaste,train,ad650e58fb38aeb59604b27793b25105f2a3f2350be344533a34d0e0ee335623,COPIED,ml/data/candidates/phase11_reblocked/train/not_ewaste/Plastic_Waste__IMG_20250803_221438_jpg.rf.adcd1ec9957230e132e727ea5f28aec3.jpg,1628f8b5417f6469c54f4cbfe0a0660570563edb4ce4739a372f266173f011dd
ml/data/candidates/reject_v2/train/not_ewaste/Plastic_Waste__IMG_20250805_204445_jpg.rf.076c6bfa002b8f0b2596c48b856315cb.jpg,train,not_ewaste,train,d37350ce73499e9446e0e3bc5efc0c6f6fd7291b3866b3af046b3e1ba3e58d6b,COPIED,ml/data/candidates/phase11_reblocked/train/not_ewaste/Plastic_Waste__IMG_20250805_204445_jpg.rf.076c6bfa002b8f0b2596c48b856315cb.jpg,c8686e471cec4a7a2652a1a67c35f366abc0bfa6e21337f7225100d256185771
ml/data/candidates/reject_v2/train/not_ewaste/Plastic_Waste__IMG_20250805_204445_jpg.rf.2d27044804cc7673eb272ebb4b5340b5.jpg,train,not_ewaste,train,d37350ce73499e9446e0e3bc5efc0c6f6fd7291b3866b3af046b3e1ba3e58d6b,COPIED,ml/data/candidates/phase11_reblocked/train/not_ewaste/Plastic_Waste__IMG_20250805_204445_jpg.rf.2d27044804cc7673eb272ebb4b5340b5.jpg,24607afa4e79a33d22d7fe780a7a628944fb57dadfbe32b6bb2d4fac7e26d48c
ml/data/candidates/reject_v2/train/not_ewaste/Plastic_Waste__IMG_20250805_204445_jpg.rf.b0a492f04c310f5fb2fadb191bab295c.jpg,train,not_ewaste,train,d37350ce73499e9446e0e3bc5efc0c6f6fd7291b3866b3af046b3e1ba3e58d6b,COPIED,ml/data/candidates/phase11_reblocked/train/not_ewaste/Plastic_Waste__IMG_20250805_204445_jpg.rf.b0a492f04c310f5fb2fadb191bab295c.jpg,fd135336fc3ec81d4596f031ce1d0fd9934e45e66030a41971a886448dc827f6
ml/data/candidates/reject_v2/train/not_ewaste/Plastic_Waste__IMG_20250805_204446_jpg.rf.01383612ea7fc6716d8f2ef8af10fd0f.jpg,train,not_ewaste,train,d37350ce73499e9446e0e3bc5efc0c6f6fd7291b3866b3af046b3e1ba3e58d6b,COPIED,ml/data/candidates/phase11_reblocked/train/not_ewaste/Plastic_Waste__IMG_20250805_204446_jpg.rf.01383612ea7fc6716d8f2ef8af10fd0f.jpg,d5e202f75c750e0817e2eb15d9cb3d5bcd2055f52784a8eb0b250d78df29b0c2
ml/data/candidates/reject_v2/train/not_ewaste/Plastic_Waste__IMG_20250805_204446_jpg.rf.80d93ca71488224d1cb636a2a0911d5f.jpg,train,not_ewaste,train,d37350ce73499e9446e0e3bc5efc0c6f6fd7291b3866b3af046b3e1ba3e58d6b,COPIED,ml/data/candidates/phase11_reblocked/train/not_ewaste/Plastic_Waste__IMG_20250805_204446_jpg.rf.80d93ca71488224d1cb636a2a0911d5f.jpg,ada7e6cc9b8e87aa2a2428bbf94832f5e98fa90f7f0d7f42914849dd29aec770
ml/data/candidates/reject_v2/train/not_ewaste/Plastic_Waste__IMG_20250805_204446_jpg.rf.e21f86bd197cbe16e984e7edfe1c44fe.jpg,train,not_ewaste,train,d37350ce73499e9446e0e3bc5efc0c6f6fd7291b3866b3af046b3e1ba3e58d6b,COPIED,ml/data/candidates/phase11_reblocked/train/not_ewaste/Plastic_Waste__IMG_20250805_204446_jpg.rf.e21f86bd197cbe16e984e7edfe1c44fe.jpg,ed99553c2db2e6b8827143b8411c49be6cafb8f04371410c66bd5635f78454a6
ml/data/candidates/reject_v2/train/not_ewaste/Plastic_Waste__IMG_20250805_204447_jpg.rf.4b90d1463143b7ed2ecccba85ac391d1.jpg,train,not_ewaste,train,d37350ce73499e9446e0e3bc5efc0c6f6fd7291b3866b3af046b3e1ba3e58d6b,COPIED,ml/data/candidates/phase11_reblocked/train/not_ewaste/Plastic_Waste__IMG_20250805_204447_jpg.rf.4b90d1463143b7ed2ecccba85ac391d1.jpg,2f5c4a617bb045ee71407de07c948f7392529437a2ab0b11fdc6825d551f95d4
ml/data/candidates/reject_v2/train/not_ewaste/Plastic_Waste__IMG_20250805_204447_jpg.rf.628c3b5527dd62e045977acffdddad2c.jpg,train,not_ewaste,train,d37350ce73499e9446e0e3bc5efc0c6f6fd7291b3866b3af046b3e1ba3e58d6b,COPIED,ml/data/candidates/phase11_reblocked/train/not_ewaste/Plastic_Waste__IMG_20250805_204447_jpg.rf.628c3b5527dd62e045977acffdddad2c.jpg,637efb128851c9defc82cd25206e8794107776c766def5ea52eca079fbe21d51
ml/data/candidates/reject_v2/train/not_ewaste/Plastic_Waste__IMG_20250805_204447_jpg.rf.63ab6b791bd241e8005bed2f85be13c4.jpg,train,not_ewaste,train,d37350ce73499e9446e0e3bc5efc0c6f6fd7291b3866b3af046b3e1ba3e58d6b,COPIED,ml/data/candidates/phase11_reblocked/train/not_ewaste/Plastic_Waste__IMG_20250805_204447_jpg.rf.63ab6b791bd241e8005bed2f85be13c4.jpg,4cab7a0d70b2b348ebd1ca346cb7f3348f2738fb57a75e7b3fd5f2054007cbdd
ml/data/candidates/reject_v2/train/not_ewaste/Plastic_Waste__IMG_20250805_204448_jpg.rf.0aaedbdc458d90e14493d2247028f185.jpg,train,not_ewaste,train,d37350ce73499e9446e0e3bc5efc0c6f6fd7291b3866b3af046b3e1ba3e58d6b,COPIED,ml/data/candidates/phase11_reblocked/train/not_ewaste/Plastic_Waste__IMG_20250805_204448_jpg.rf.0aaedbdc458d90e14493d2247028f185.jpg,2131c6aad5d0a1518ebc0e0a28ffbcfa2d42a8dd878cfdc2063bd95fd20e2dd8
ml/data/candidates/reject_v2/train/not_ewaste/Plastic_Waste__IMG_20250805_204448_jpg.rf.b45a834ca392b140453e1cf4ca143dee.jpg,train,not_ewaste,train,d37350ce73499e9446e0e3bc5efc0c6f6fd7291b3866b3af046b3e1ba3e58d6b,COPIED,ml/data/candidates/phase11_reblocked/train/not_ewaste/Plastic_Waste__IMG_20250805_204448_jpg.rf.b45a834ca392b140453e1cf4ca143dee.jpg,9691283f67c2e585e2902513031424c9cf1c93e299b97367815b6d39c297155a
ml/data/candidates/reject_v2/train/not_ewaste/Plastic_Waste__IMG_20250805_204448_jpg.rf.d2bd792c0d600eb883a2e00acab9a495.jpg,train,not_ewaste,train,d37350ce73499e9446e0e3bc5efc0c6f6fd7291b3866b3af046b3e1ba3e58d6b,COPIED,ml/data/candidates/phase11_reblocked/train/not_ewaste/Plastic_Waste__IMG_20250805_204448_jpg.rf.d2bd792c0d600eb883a2e00acab9a495.jpg,d5a6d0e59dfb8a3794c3bc7b1b008304d56d16ad527169f3c904d5f479819eaa
ml/data/candidates/reject_v2/train/not_ewaste/Plastic_Waste__IMG_20250805_205402_jpg.rf.1dbf2217905b58de972eeee23b80a74c.jpg,train,not_ewaste,train,8ed0552035a8c1936639b64ffe63a7383317ceaf2bb8c01760f0eaaf339968ca,COPIED,ml/data/candidates/phase11_reblocked/train/not_ewaste/Plastic_Waste__IMG_20250805_205402_jpg.rf.1dbf2217905b58de972eeee23b80a74c.jpg,afbe8176046634651235357af32567c1362889418941da7238578c41a64c34af
ml/data/candidates/reject_v2/train/not_ewaste/Plastic_Waste__IMG_20250805_205402_jpg.rf.85d3620b6f281db79de4d7a23ef13cb0.jpg,train,not_ewaste,train,8ed0552035a8c1936639b64ffe63a7383317ceaf2bb8c01760f0eaaf339968ca,COPIED,ml/data/candidates/phase11_reblocked/train/not_ewaste/Plastic_Waste__IMG_20250805_205402_jpg.rf.85d3620b6f281db79de4d7a23ef13cb0.jpg,acd6414daa91fda2a13475baeed1a5b658486536df8bedb9e81b0a0658b1053b
ml/data/candidates/reject_v2/train/not_ewaste/Plastic_Waste__IMG_20250805_205402_jpg.rf.f4367e89c2dc22da5e354b83286dfe67.jpg,train,not_ewaste,train,8ed0552035a8c1936639b64ffe63a7383317ceaf2bb8c01760f0eaaf339968ca,COPIED,ml/data/candidates/phase11_reblocked/train/not_ewaste/Plastic_Waste__IMG_20250805_205402_jpg.rf.f4367e89c2dc22da5e354b83286dfe67.jpg,f17c72aeca704e2987947f0ebeb2f6ae315a12a0225def372b82739302e111f9
ml/data/candidates/reject_v2/validation/not_ewaste/Plastic_Waste__IMG_20250805_205402_1_jpg.rf.52b9b8f73f3b91a34da7deb704776245.jpg,validation,not_ewaste,train,8ed0552035a8c1936639b64ffe63a7383317ceaf2bb8c01760f0eaaf339968ca,COPIED,ml/data/candidates/phase11_reblocked/train/not_ewaste/Plastic_Waste__IMG_20250805_205402_1_jpg.rf.52b9b8f73f3b91a34da7deb704776245.jpg,0ebf8db68409f9c1ec6d51f8668a03cd2d4ac477f9399e03767752d09bf1499e
ml/data/candidates/reject_v2/test/not_ewaste/Plastic_Waste__IMG_20250805_205403_jpg.rf.5a9b820f5d2612316dc692feb3654491.jpg,test,not_ewaste,train,8ed0552035a8c1936639b64ffe63a7383317ceaf2bb8c01760f0eaaf339968ca,COPIED,ml/data/candidates/phase11_reblocked/train/not_ewaste/Plastic_Waste__IMG_20250805_205403_jpg.rf.5a9b820f5d2612316dc692feb3654491.jpg,9edebe01c36c5a1202dc31cf0551fcf17230209315788d9f7a7f7a34380a959f
ml/data/candidates/reject_v2/train/not_ewaste/Plastic_Waste__IMG_20250820_000320_1_jpg.rf.44377f232bab184a1993e261ca42f88d.jpg,train,not_ewaste,train,1122127b5342701c2046755a7f49483d94349a1f94cc1990544b09d9b228f45d,COPIED,ml/data/candidates/phase11_reblocked/train/not_ewaste/Plastic_Waste__IMG_20250820_000320_1_jpg.rf.44377f232bab184a1993e261ca42f88d.jpg,f8abc968930b66f2a89b76353eccfbcf98a39b9dcf06af3f0de518b6fc7bffcd
ml/data/candidates/reject_v2/train/not_ewaste/Plastic_Waste__IMG_20250820_000320_1_jpg.rf.7c5d2d1123b0221a689a7ef51026c761.jpg,train,not_ewaste,train,1122127b5342701c2046755a7f49483d94349a1f94cc1990544b09d9b228f45d,COPIED,ml/data/candidates/phase11_reblocked/train/not_ewaste/Plastic_Waste__IMG_20250820_000320_1_jpg.rf.7c5d2d1123b0221a689a7ef51026c761.jpg,c23e1fedfa60587ef15142702fbbe2146d02db06e2ab4dec1f77a5c8fb16805f
ml/data/candidates/reject_v2/train/not_ewaste/Plastic_Waste__IMG_20250820_000320_1_jpg.rf.d15fe99ba344f294bc0a0bae4e4cdd40.jpg,train,not_ewaste,train,1122127b5342701c2046755a7f49483d94349a1f94cc1990544b09d9b228f45d,COPIED,ml/data/candidates/phase11_reblocked/train/not_ewaste/Plastic_Waste__IMG_20250820_000320_1_jpg.rf.d15fe99ba344f294bc0a0bae4e4cdd40.jpg,02c4d489749f5f3b9971d5b052fb37fe1c8528526cfd195d36a76566e1837ac5
ml/data/candidates/reject_v2/train/not_ewaste/Plastic_Waste__IMG_20250820_000320_jpg.rf.34cdcfd04a9536ab8fbbe3f6e0338369.jpg,train,not_ewaste,train,1122127b5342701c2046755a7f49483d94349a1f94cc1990544b09d9b228f45d,COPIED,ml/data/candidates/phase11_reblocked/train/not_ewaste/Plastic_Waste__IMG_20250820_000320_jpg.rf.34cdcfd04a9536ab8fbbe3f6e0338369.jpg,8aaf38544e0fe8b3bf89ce19eadd7bff8fb67d5d9e7261cda4603af457a9f531
ml/data/candidates/reject_v2/train/not_ewaste/Plastic_Waste__IMG_20250820_000320_jpg.rf.aff249f5f2b6f4069203e776e2fd4e56.jpg,train,not_ewaste,train,1122127b5342701c2046755a7f49483d94349a1f94cc1990544b09d9b228f45d,COPIED,ml/data/candidates/phase11_reblocked/train/not_ewaste/Plastic_Waste__IMG_20250820_000320_jpg.rf.aff249f5f2b6f4069203e776e2fd4e56.jpg,0ead32d19ba072dae0baf95c2b0837a38feb0c04bc1784f210fc7580c63245aa
ml/data/candidates/reject_v2/train/not_ewaste/Plastic_Waste__IMG_20250820_000320_jpg.rf.f3ece3b078f51ea0928b4369c1efd63b.jpg,train,not_ewaste,train,1122127b5342701c2046755a7f49483d94349a1f94cc1990544b09d9b228f45d,COPIED,ml/data/candidates/phase11_reblocked/train/not_ewaste/Plastic_Waste__IMG_20250820_000320_jpg.rf.f3ece3b078f51ea0928b4369c1efd63b.jpg,6993008e2eab47c62172d3408ba9c9a61a2766604b8f9103b22b5e8a06acd6bb
ml/data/candidates/reject_v2/train/not_ewaste/Plastic_Waste__IMG_20250805_204725_jpg.rf.962bbedcf6a042a17217ccea4d6fe1c6.jpg,train,not_ewaste,train,4cde45b7124b97d8091c6f4b57756df4dc198ec0e6f3224d5503def1a45db369,COPIED,ml/data/candidates/phase11_reblocked/train/not_ewaste/Plastic_Waste__IMG_20250805_204725_jpg.rf.962bbedcf6a042a17217ccea4d6fe1c6.jpg,00e2edbfce9ecd3677f3eb8d97c3acddb8c23be0ace0465e5352dca45c79b5f5
ml/data/candidates/reject_v2/train/not_ewaste/Plastic_Waste__IMG_20250805_204725_jpg.rf.cd3b787f6193a18fc9ec7d6f2cc0895b.jpg,train,not_ewaste,train,4cde45b7124b97d8091c6f4b57756df4dc198ec0e6f3224d5503def1a45db369,COPIED,ml/data/candidates/phase11_reblocked/train/not_ewaste/Plastic_Waste__IMG_20250805_204725_jpg.rf.cd3b787f6193a18fc9ec7d6f2cc0895b.jpg,4bd04cf01329f321e85aa5e125de9d6d15592571bb6883fcaff41ae930802a62
ml/data/candidates/reject_v2/train/not_ewaste/Plastic_Waste__IMG_20250805_204725_jpg.rf.d7758c9a43eace4a40b703432f19c134.jpg,train,not_ewaste,train,4cde45b7124b97d8091c6f4b57756df4dc198ec0e6f3224d5503def1a45db369,COPIED,ml/data/candidates/phase11_reblocked/train/not_ewaste/Plastic_Waste__IMG_20250805_204725_jpg.rf.d7758c9a43eace4a40b703432f19c134.jpg,6bce064d1b8afe110c16dfcfbaf71cec9da5059da6f578c1fc500142404b46dd
ml/data/candidates/reject_v2/train/not_ewaste/Glass_Waste__IMG_20250822_142644_jpg.rf.3b7c57a94bbed04c130f3c9e0112d74a.jpg,train,not_ewaste,train,e74ab31a459d765ede83712bb688d3e1f5b195b887f907eeb336794d6cb4f6fc,COPIED,ml/data/candidates/phase11_reblocked/train/not_ewaste/Glass_Waste__IMG_20250822_142644_jpg.rf.3b7c57a94bbed04c130f3c9e0112d74a.jpg,cc86c24647c89879bdc8739af43897bd9cbe685a8fb569b83af6c9482d9947ac
ml/data/candidates/reject_v2/train/not_ewaste/Glass_Waste__IMG_20250822_142644_jpg.rf.91e7198e079e4eb6b00badb2a55537d2.jpg,train,not_ewaste,train,e74ab31a459d765ede83712bb688d3e1f5b195b887f907eeb336794d6cb4f6fc,COPIED,ml/data/candidates/phase11_reblocked/train/not_ewaste/Glass_Waste__IMG_20250822_142644_jpg.rf.91e7198e079e4eb6b00badb2a55537d2.jpg,c634e48155a8153179537478a41518a31d006331f56ba06110135ea686735808
ml/data/candidates/reject_v2/train/not_ewaste/Glass_Waste__IMG_20250822_142644_jpg.rf.cc02019b38aca5c4d251402c36521886.jpg,train,not_ewaste,train,e74ab31a459d765ede83712bb688d3e1f5b195b887f907eeb336794d6cb4f6fc,COPIED,ml/data/candidates/phase11_reblocked/train/not_ewaste/Glass_Waste__IMG_20250822_142644_jpg.rf.cc02019b38aca5c4d251402c36521886.jpg,feae566aba21fb6a6b8663b28d73d22ed367cb5b686c63466a35c85bd0c5eb24
ml/data/candidates/reject_v2/test/not_ewaste/Glass_Waste__IMG_20250822_142643_jpg.rf.66cd55fa6d67434cdc0214f2392dd95e.jpg,test,not_ewaste,train,e74ab31a459d765ede83712bb688d3e1f5b195b887f907eeb336794d6cb4f6fc,COPIED,ml/data/candidates/phase11_reblocked/train/not_ewaste/Glass_Waste__IMG_20250822_142643_jpg.rf.66cd55fa6d67434cdc0214f2392dd95e.jpg,c4017c9e36c44853fb4dfd10711900108901ae031b861eb8eca46bff567c47b6
ml/data/candidates/reject_v2/validation/not_ewaste/Plastic_Waste__IMG_20250805_204107_jpg.rf.9a8e47f8a4ba2c0374e901509566fb93.jpg,validation,not_ewaste,train,0af4397005996787ee12a963b511d004ce8486fbb20ddae6985cfd977d142d10,COPIED,ml/data/candidates/phase11_reblocked/train/not_ewaste/Plastic_Waste__IMG_20250805_204107_jpg.rf.9a8e47f8a4ba2c0374e901509566fb93.jpg,e0ff2ab4b2f8202a8010bcbefed53bfa6ab25d1bf95932073694b95520265b29
ml/data/candidates/reject_v2/test/not_ewaste/Plastic_Waste__IMG_20250805_204108_jpg.rf.4af4a9e325ac0c7ff3eca39a2b7d88ea.jpg,test,not_ewaste,train,0af4397005996787ee12a963b511d004ce8486fbb20ddae6985cfd977d142d10,COPIED,ml/data/candidates/phase11_reblocked/train/not_ewaste/Plastic_Waste__IMG_20250805_204108_jpg.rf.4af4a9e325ac0c7ff3eca39a2b7d88ea.jpg,567feab069680713314942357d84efbbd641cfbdaf72dffd663588de331a5c7c
ml/data/candidates/reject_v2/test/not_ewaste/Glass_Waste__IMG_20250822_142421_jpg.rf.dede9f925780f8fb597aef4c759c5ee0.jpg,test,not_ewaste,train,bcff1aad72b5a1cf02d2c41afb76561bdde16246aef98395d3d382a72e1524b0,COPIED,ml/data/candidates/phase11_reblocked/train/not_ewaste/Glass_Waste__IMG_20250822_142421_jpg.rf.dede9f925780f8fb597aef4c759c5ee0.jpg,0ae24cfab5fad86c2c1f446e24af3ba00199532cef5f8e26da1280677d0ad870
ml/data/candidates/reject_v2/train/not_ewaste/Plastic_Waste__IMG_20250805_205159_jpg.rf.583c0509a6f19bd4339c3a24847a4a51.jpg,train,not_ewaste,train,01fbb431eddb9604bd33eda8820adceb2235c23aa9aff6bc0db6f43885c32dfb,COPIED,ml/data/candidates/phase11_reblocked/train/not_ewaste/Plastic_Waste__IMG_20250805_205159_jpg.rf.583c0509a6f19bd4339c3a24847a4a51.jpg,452fff9358b269da197df5690ef19f1536ac24e505b5d0de79d4b387d8353fbf
ml/data/candidates/reject_v2/train/not_ewaste/Plastic_Waste__IMG_20250805_205159_jpg.rf.5c6a6384fe0fba7871a74dff83653f1d.jpg,train,not_ewaste,train,01fbb431eddb9604bd33eda8820adceb2235c23aa9aff6bc0db6f43885c32dfb,COPIED,ml/data/candidates/phase11_reblocked/train/not_ewaste/Plastic_Waste__IMG_20250805_205159_jpg.rf.5c6a6384fe0fba7871a74dff83653f1d.jpg,d1ef72be5f1f76805bd9181ef639ae7f98c4b720fa027a98376052aa309edbb2
ml/data/candidates/reject_v2/train/not_ewaste/Plastic_Waste__IMG_20250805_205159_jpg.rf.cdcd7fad406762304f32fda91e2adee9.jpg,train,not_ewaste,train,01fbb431eddb9604bd33eda8820adceb2235c23aa9aff6bc0db6f43885c32dfb,COPIED,ml/data/candidates/phase11_reblocked/train/not_ewaste/Plastic_Waste__IMG_20250805_205159_jpg.rf.cdcd7fad406762304f32fda91e2adee9.jpg,3ab469bc52ccd021561a25b36fd7b62de8d3e98f30d9bc41f225021594b73bc7
ml/data/candidates/reject_v2/validation/not_ewaste/Plastic_Waste__IMG_20250805_205157_jpg.rf.d7bbf7c284859a6aee4930d7716db037.jpg,validation,not_ewaste,train,01fbb431eddb9604bd33eda8820adceb2235c23aa9aff6bc0db6f43885c32dfb,COPIED,ml/data/candidates/phase11_reblocked/train/not_ewaste/Plastic_Waste__IMG_20250805_205157_jpg.rf.d7bbf7c284859a6aee4930d7716db037.jpg,f886a1ffafe5c597172b31ce0f01d99cb20f23cee885eb7cf0f043ee45ca5106
ml/data/candidates/reject_v2/train/not_ewaste/Paper_Waste__IMG_20250805_204048_jpg.rf.aed1a6cd8c8552b65da4033cd8a8d03e.jpg,train,not_ewaste,train,7ddf67e8bdab51d7bebb87a0551d93436d122140f2470dd6649965e293b788e3,COPIED,ml/data/candidates/phase11_reblocked/train/not_ewaste/Paper_Waste__IMG_20250805_204048_jpg.rf.aed1a6cd8c8552b65da4033cd8a8d03e.jpg,4247c263dd5847a86b869448cf7623e6365da8ac86e5834ab19236d2a731abda
ml/data/candidates/reject_v2/train/not_ewaste/Paper_Waste__IMG_20250805_204048_jpg.rf.e9f9bd3dddfafe360d1cbaf3f65f47e2.jpg,train,not_ewaste,train,7ddf67e8bdab51d7bebb87a0551d93436d122140f2470dd6649965e293b788e3,COPIED,ml/data/candidates/phase11_reblocked/train/not_ewaste/Paper_Waste__IMG_20250805_204048_jpg.rf.e9f9bd3dddfafe360d1cbaf3f65f47e2.jpg,9b1c600db65ab298c2a67f0cd7bb5566e7a9b9498c45691e51ae9e7301d9de9b
ml/data/candidates/reject_v2/train/not_ewaste/Paper_Waste__IMG_20250805_204048_jpg.rf.f447714dfcd6736d49e1301cee3ee8c7.jpg,train,not_ewaste,train,7ddf67e8bdab51d7bebb87a0551d93436d122140f2470dd6649965e293b788e3,COPIED,ml/data/candidates/phase11_reblocked/train/not_ewaste/Paper_Waste__IMG_20250805_204048_jpg.rf.f447714dfcd6736d49e1301cee3ee8c7.jpg,108e140eee098b301c196d58299679b0281ae1b82b0f93218ec5c4adca779d85
ml/data/candidates/reject_v2/train/not_ewaste/Plastic_Waste__IMG_20250822_142059_jpg.rf.0ec18622f37fd0cbbd8dd824bf297734.jpg,train,not_ewaste,train,6c458955383b7f18741c858106537ab91a4cfe58abfd79ca3624d99a533cd8cd,COPIED,ml/data/candidates/phase11_reblocked/train/not_ewaste/Plastic_Waste__IMG_20250822_142059_jpg.rf.0ec18622f37fd0cbbd8dd824bf297734.jpg,d2cde8934c60496615a0c7a7e3b56fc141ceb57a574075d707fb0d1a13eb2e09
ml/data/candidates/reject_v2/train/not_ewaste/Plastic_Waste__IMG_20250822_142059_jpg.rf.449bff321fade30f1dc0a08f02728a59.jpg,train,not_ewaste,train,6c458955383b7f18741c858106537ab91a4cfe58abfd79ca3624d99a533cd8cd,COPIED,ml/data/candidates/phase11_reblocked/train/not_ewaste/Plastic_Waste__IMG_20250822_142059_jpg.rf.449bff321fade30f1dc0a08f02728a59.jpg,fec6e1cdf9f6b0f7df8591186f1cb0e566be5452c97595ebf90a801b046ce11b
ml/data/candidates/reject_v2/train/not_ewaste/Plastic_Waste__IMG_20250822_142059_jpg.rf.6c0d5e33ae5cdac1ca07cf0e1f1c541f.jpg,train,not_ewaste,train,6c458955383b7f18741c858106537ab91a4cfe58abfd79ca3624d99a533cd8cd,COPIED,ml/data/candidates/phase11_reblocked/train/not_ewaste/Plastic_Waste__IMG_20250822_142059_jpg.rf.6c0d5e33ae5cdac1ca07cf0e1f1c541f.jpg,d73d9d4fa554cff3c2668a1f29af7ac8ec310853b1d4fb0c2c564fc69070d6e3
ml/data/candidates/reject_v2/validation/not_ewaste/Organic_Waste__IMG_20250805_204821_1_jpg.rf.9c799b4a63e4a206d19d770bf4380533.jpg,validation,not_ewaste,train,33b0ff9fe520d667349e880b5b6c5d4b05eb53949e73317e802d573d5b4aa50f,COPIED,ml/data/candidates/phase11_reblocked/train/not_ewaste/Organic_Waste__IMG_20250805_204821_1_jpg.rf.9c799b4a63e4a206d19d770bf4380533.jpg,73f21d455cf95be08655d8e2ad92ee39e63e7055302147a310885dea5a4c20f9
ml/data/candidates/reject_v2/train/not_ewaste/Paper_Waste__IMG_20250805_204338_jpg.rf.5735a422054492acdaecb0203a5a2136.jpg,train,not_ewaste,train,2d2e9c6afc8ee2830b9b0217c26f17e7cd99a8a55a41ef35d387b951e5bfc197,COPIED,ml/data/candidates/phase11_reblocked/train/not_ewaste/Paper_Waste__IMG_20250805_204338_jpg.rf.5735a422054492acdaecb0203a5a2136.jpg,f40f02efafcb61a9c9968000b36429ac5cf7afc4b678c141393e664ad08713d0
ml/data/candidates/reject_v2/train/not_ewaste/Paper_Waste__IMG_20250805_204338_jpg.rf.9947fa246e581cbcfe30bbdea9b85ba2.jpg,train,not_ewaste,train,2d2e9c6afc8ee2830b9b0217c26f17e7cd99a8a55a41ef35d387b951e5bfc197,COPIED,ml/data/candidates/phase11_reblocked/train/not_ewaste/Paper_Waste__IMG_20250805_204338_jpg.rf.9947fa246e581cbcfe30bbdea9b85ba2.jpg,fef1612db7c3b8bcbbd1491ab5f96d866e234fd599aeb5652de578f729bbe8e8
ml/data/candidates/reject_v2/train/not_ewaste/Paper_Waste__IMG_20250805_204338_jpg.rf.995ff114ea8f2657564846127d0c9af4.jpg,train,not_ewaste,train,2d2e9c6afc8ee2830b9b0217c26f17e7cd99a8a55a41ef35d387b951e5bfc197,COPIED,ml/data/candidates/phase11_reblocked/train/not_ewaste/Paper_Waste__IMG_20250805_204338_jpg.rf.995ff114ea8f2657564846127d0c9af4.jpg,ef215810df401b107b8b631ff2e8e0ad423ed12b762557b70fd53bff7157d945
ml/data/candidates/reject_v2/test/not_ewaste/Paper_Waste__IMG_20250805_204339_jpg.rf.0dacc9298b13308bd49facfcd9584223.jpg,test,not_ewaste,train,2d2e9c6afc8ee2830b9b0217c26f17e7cd99a8a55a41ef35d387b951e5bfc197,COPIED,ml/data/candidates/phase11_reblocked/train/not_ewaste/Paper_Waste__IMG_20250805_204339_jpg.rf.0dacc9298b13308bd49facfcd9584223.jpg,520ec1bb0c62b26f598b76856852f7881955d9466ce23a26282050dd78939549
ml/data/candidates/reject_v2/validation/not_ewaste/Plastic_Waste__IMG_20250805_205335_jpg.rf.0cb1e65a1bd96492d29906f5b00c72e8.jpg,validation,not_ewaste,train,214508b1b244a5a3f29066a8abcfb631f59175522ace9ba21996dd6ea67b2888,COPIED,ml/data/candidates/phase11_reblocked/train/not_ewaste/Plastic_Waste__IMG_20250805_205335_jpg.rf.0cb1e65a1bd96492d29906f5b00c72e8.jpg,d097998dd19c2777ab7a76b09a7b050b432702db6159dbd41b69906c0db3a307
ml/data/candidates/reject_v2/validation/not_ewaste/Organic_Waste__IMG_20250822_142834_jpg.rf.94471c4aef69c01f2ef6a963d13c9db7.jpg,validation,not_ewaste,train,54f0afe4cc46f2bba69884aede40a746bfdf914565f61be35846c9d258910d16,COPIED,ml/data/candidates/phase11_reblocked/train/not_ewaste/Organic_Waste__IMG_20250822_142834_jpg.rf.94471c4aef69c01f2ef6a963d13c9db7.jpg,1a11841edfa444dddcd58b9e3633688e916ab7b2ef225a669a3ec5085f37f12e
ml/data/candidates/reject_v2/train/not_ewaste/Paper_Waste__IMG_20250822_140551_jpg.rf.5497e848ad3ed0dfe8d4b03be4f67978.jpg,train,not_ewaste,train,0c13fcac2dfe30562edd1866e0959727b236c1f0c0c2d3de7328a230cc274b78,COPIED,ml/data/candidates/phase11_reblocked/train/not_ewaste/Paper_Waste__IMG_20250822_140551_jpg.rf.5497e848ad3ed0dfe8d4b03be4f67978.jpg,1ee28c337b81f63d45359edae6f062516ac6199fefa131474fb66ee46b0e7801
ml/data/candidates/reject_v2/train/not_ewaste/Paper_Waste__IMG_20250822_140551_jpg.rf.6ac81c829b89c7ecaa9257ca3e7b5b1c.jpg,train,not_ewaste,train,0c13fcac2dfe30562edd1866e0959727b236c1f0c0c2d3de7328a230cc274b78,COPIED,ml/data/candidates/phase11_reblocked/train/not_ewaste/Paper_Waste__IMG_20250822_140551_jpg.rf.6ac81c829b89c7ecaa9257ca3e7b5b1c.jpg,0dc9c7a83b4787e93864d8ef1303f99db00191db438bf780ec0f079d53bc150a
ml/data/candidates/reject_v2/train/not_ewaste/Paper_Waste__IMG_20250822_140551_jpg.rf.a19b16451b35a17408ee214e777569ab.jpg,train,not_ewaste,train,0c13fcac2dfe30562edd1866e0959727b236c1f0c0c2d3de7328a230cc274b78,COPIED,ml/data/candidates/phase11_reblocked/train/not_ewaste/Paper_Waste__IMG_20250822_140551_jpg.rf.a19b16451b35a17408ee214e777569ab.jpg,a85cd1f9713e9ac1e47f2f40c7e8e516da08c48f22fe0a067eeaad721d50385f
ml/data/candidates/reject_v2/train/not_ewaste/Paper_Waste__IMG_20250822_140552_jpg.rf.3895aa8b7132cfc9f379733a9474d37b.jpg,train,not_ewaste,train,0c13fcac2dfe30562edd1866e0959727b236c1f0c0c2d3de7328a230cc274b78,COPIED,ml/data/candidates/phase11_reblocked/train/not_ewaste/Paper_Waste__IMG_20250822_140552_jpg.rf.3895aa8b7132cfc9f379733a9474d37b.jpg,e43b27f8c3c14cb67119140c6e286113b902b8ada01d86346abbe800411ea7df
ml/data/candidates/reject_v2/train/not_ewaste/Paper_Waste__IMG_20250822_140552_jpg.rf.4ec32c22a5ba8fa1f6e61ccf5323c74a.jpg,train,not_ewaste,train,0c13fcac2dfe30562edd1866e0959727b236c1f0c0c2d3de7328a230cc274b78,COPIED,ml/data/candidates/phase11_reblocked/train/not_ewaste/Paper_Waste__IMG_20250822_140552_jpg.rf.4ec32c22a5ba8fa1f6e61ccf5323c74a.jpg,a528f08b1e4e548f6868708626ce79674932eb25855d247f2c1c0130584a654a
ml/data/candidates/reject_v2/train/not_ewaste/Paper_Waste__IMG_20250822_140552_jpg.rf.b0c3c92f2e188c082905abe1c440374e.jpg,train,not_ewaste,train,0c13fcac2dfe30562edd1866e0959727b236c1f0c0c2d3de7328a230cc274b78,COPIED,ml/data/candidates/phase11_reblocked/train/not_ewaste/Paper_Waste__IMG_20250822_140552_jpg.rf.b0c3c92f2e188c082905abe1c440374e.jpg,b77919b4f3593c3b0c2a07f80790f40ec89088f05f1e7e90e429eb80d3b8a6aa
ml/data/candidates/reject_v2/validation/not_ewaste/Paper_Waste__IMG_20250822_140550_jpg.rf.157e8675527ee0441318dbceefb7faac.jpg,validation,not_ewaste,train,0c13fcac2dfe30562edd1866e0959727b236c1f0c0c2d3de7328a230cc274b78,COPIED,ml/data/candidates/phase11_reblocked/train/not_ewaste/Paper_Waste__IMG_20250822_140550_jpg.rf.157e8675527ee0441318dbceefb7faac.jpg,692783900c6e2969edd23c2ea2036aad225c908ee5fdfdd9223b07ac93478b46
ml/data/candidates/reject_v2/train/not_ewaste/Glass_Waste__IMG_20250822_142423_jpg.rf.6f01b2787cbe20c5975acc0e92d26c51.jpg,train,not_ewaste,train,79f999079b4e1f9e8ed428f89dcc834103b1c0440ab37b258a63385dee332689,COPIED,ml/data/candidates/phase11_reblocked/train/not_ewaste/Glass_Waste__IMG_20250822_142423_jpg.rf.6f01b2787cbe20c5975acc0e92d26c51.jpg,96ee8080a43ea01b39fcd7b4393ba61629b765501605c6a7e564457b450aa8c4
ml/data/candidates/reject_v2/train/not_ewaste/Glass_Waste__IMG_20250822_142423_jpg.rf.9fade8933c3b78c1f79c3ee27c5d93f5.jpg,train,not_ewaste,train,79f999079b4e1f9e8ed428f89dcc834103b1c0440ab37b258a63385dee332689,COPIED,ml/data/candidates/phase11_reblocked/train/not_ewaste/Glass_Waste__IMG_20250822_142423_jpg.rf.9fade8933c3b78c1f79c3ee27c5d93f5.jpg,64759fbe68c25b5264a9be8a5c1201da7259a2da4d8c0b1b6d335397a09eca0c
ml/data/candidates/reject_v2/train/not_ewaste/Glass_Waste__IMG_20250822_142423_jpg.rf.e8b10719abdadd3a639b8c871a59fcfd.jpg,train,not_ewaste,train,79f999079b4e1f9e8ed428f89dcc834103b1c0440ab37b258a63385dee332689,COPIED,ml/data/candidates/phase11_reblocked/train/not_ewaste/Glass_Waste__IMG_20250822_142423_jpg.rf.e8b10719abdadd3a639b8c871a59fcfd.jpg,258e3c8938a55691ad1ace5b733161249ec48811a9611ed65da7f80128a360b8
ml/data/candidates/reject_v2/test/not_ewaste/Glass_Waste__IMG_20250822_142422_jpg.rf.984c90580a1aa0dc567e33fb8e87af33.jpg,test,not_ewaste,train,79f999079b4e1f9e8ed428f89dcc834103b1c0440ab37b258a63385dee332689,COPIED,ml/data/candidates/phase11_reblocked/train/not_ewaste/Glass_Waste__IMG_20250822_142422_jpg.rf.984c90580a1aa0dc567e33fb8e87af33.jpg,a818edbe02a74c1d4c37d74e3d70dd43277fb26632e6d21ce771685a7857f07d
ml/data/candidates/reject_v2/train/not_ewaste/Plastic_Waste__IMG_20250805_205307_jpg.rf.46452ed47adeb2daa5729d3770d89abb.jpg,train,not_ewaste,train,66ede4d56589469fda78361d467bc3f29154b8ceb2462ac623e49b047b8256fc,COPIED,ml/data/candidates/phase11_reblocked/train/not_ewaste/Plastic_Waste__IMG_20250805_205307_jpg.rf.46452ed47adeb2daa5729d3770d89abb.jpg,edbc42cad74ec74a69dbdabaeab877fab7a03031ea17ee4b8de85a2983ae2ef7
ml/data/candidates/reject_v2/train/not_ewaste/Plastic_Waste__IMG_20250805_205307_jpg.rf.61ee1ecc6594de15ae69851fe5a5fdb1.jpg,train,not_ewaste,train,66ede4d56589469fda78361d467bc3f29154b8ceb2462ac623e49b047b8256fc,COPIED,ml/data/candidates/phase11_reblocked/train/not_ewaste/Plastic_Waste__IMG_20250805_205307_jpg.rf.61ee1ecc6594de15ae69851fe5a5fdb1.jpg,02e29b2405e7e000e98e76a91bb18fbda4981f0000bc994fe76c99ef3ed3df9e
ml/data/candidates/reject_v2/train/not_ewaste/Plastic_Waste__IMG_20250805_205307_jpg.rf.dff6bbd6a01591fe83f31e56bfe38185.jpg,train,not_ewaste,train,66ede4d56589469fda78361d467bc3f29154b8ceb2462ac623e49b047b8256fc,COPIED,ml/data/candidates/phase11_reblocked/train/not_ewaste/Plastic_Waste__IMG_20250805_205307_jpg.rf.dff6bbd6a01591fe83f31e56bfe38185.jpg,f5a8483d1e65bec358e7e69d678dd8600c823dba373fe26251981a69003b00ce
ml/data/candidates/reject_v2/train/not_ewaste/Plastic_Waste__IMG_20250805_205308_jpg.rf.62d3597f805efd59bdf8d37907d7d5c4.jpg,train,not_ewaste,train,66ede4d56589469fda78361d467bc3f29154b8ceb2462ac623e49b047b8256fc,COPIED,ml/data/candidates/phase11_reblocked/train/not_ewaste/Plastic_Waste__IMG_20250805_205308_jpg.rf.62d3597f805efd59bdf8d37907d7d5c4.jpg,27a9dc7d78ec136f9b79b0f3954fe6f85ef5500da6309918908e62b721fc75fe
ml/data/candidates/reject_v2/train/not_ewaste/Plastic_Waste__IMG_20250805_205308_jpg.rf.6c3340ca5a04fba593e341bf6cee3d5f.jpg,train,not_ewaste,train,66ede4d56589469fda78361d467bc3f29154b8ceb2462ac623e49b047b8256fc,COPIED,ml/data/candidates/phase11_reblocked/train/not_ewaste/Plastic_Waste__IMG_20250805_205308_jpg.rf.6c3340ca5a04fba593e341bf6cee3d5f.jpg,787113af9ee4063b2b16794c9b5d376578e0264bc1a24920a5b1cabc57a858ad
ml/data/candidates/reject_v2/train/not_ewaste/Plastic_Waste__IMG_20250805_205308_jpg.rf.90762cdbdd372ea2a536a98fe3d1823c.jpg,train,not_ewaste,train,66ede4d56589469fda78361d467bc3f29154b8ceb2462ac623e49b047b8256fc,COPIED,ml/data/candidates/phase11_reblocked/train/not_ewaste/Plastic_Waste__IMG_20250805_205308_jpg.rf.90762cdbdd372ea2a536a98fe3d1823c.jpg,ec3fa1e736c732767fddf2c2d6e42d2d1de11347eb9e31108ae2fba1279c94f1
ml/data/candidates/reject_v2/train/not_ewaste/Plastic_Waste__IMG_20250805_205309_jpg.rf.16500fa4baf00d47008f3e29320ddfe5.jpg,train,not_ewaste,train,66ede4d56589469fda78361d467bc3f29154b8ceb2462ac623e49b047b8256fc,COPIED,ml/data/candidates/phase11_reblocked/train/not_ewaste/Plastic_Waste__IMG_20250805_205309_jpg.rf.16500fa4baf00d47008f3e29320ddfe5.jpg,680878754d052c02ad4dd075395732798a082d6bafa0760c0d4de5a5a89dff87
ml/data/candidates/reject_v2/train/not_ewaste/Plastic_Waste__IMG_20250805_205309_jpg.rf.c9d582b273885372bf0ede58d77639c6.jpg,train,not_ewaste,train,66ede4d56589469fda78361d467bc3f29154b8ceb2462ac623e49b047b8256fc,COPIED,ml/data/candidates/phase11_reblocked/train/not_ewaste/Plastic_Waste__IMG_20250805_205309_jpg.rf.c9d582b273885372bf0ede58d77639c6.jpg,da9f597616c4740a5eeb54e0abbccac88430e10361a44b7c831209f9955a3f2b
ml/data/candidates/reject_v2/train/not_ewaste/Plastic_Waste__IMG_20250805_205309_jpg.rf.e2132d4b9c1c7f2f72150dcbd1ac5610.jpg,train,not_ewaste,train,66ede4d56589469fda78361d467bc3f29154b8ceb2462ac623e49b047b8256fc,COPIED,ml/data/candidates/phase11_reblocked/train/not_ewaste/Plastic_Waste__IMG_20250805_205309_jpg.rf.e2132d4b9c1c7f2f72150dcbd1ac5610.jpg,b6c0e79d7acdf87c64bb7def8fe3eecb9a105de1d189e4d36c2e5a2f4baa30ac
ml/data/candidates/reject_v2/validation/not_ewaste/Paper_Waste__IMG_20250805_204034_jpg.rf.15036e8bb4a67ee5ac7c722c26a80781.jpg,validation,not_ewaste,train,54dc71b4542fb4daf84113ccd3c35403df1a03cff1a6e747ee78fb92ceae8c5b,COPIED,ml/data/candidates/phase11_reblocked/train/not_ewaste/Paper_Waste__IMG_20250805_204034_jpg.rf.15036e8bb4a67ee5ac7c722c26a80781.jpg,9c2069a3cd8f9331a13ac4ef3e2dc94b78719e6ca3c01e0ecce64e7dfdc8ac77
ml/data/candidates/reject_v2/test/not_ewaste/Paper_Waste__IMG_20250805_204035_jpg.rf.e1c07dca1c4c1fbee2f331681dfa44d3.jpg,test,not_ewaste,train,54dc71b4542fb4daf84113ccd3c35403df1a03cff1a6e747ee78fb92ceae8c5b,COPIED,ml/data/candidates/phase11_reblocked/train/not_ewaste/Paper_Waste__IMG_20250805_204035_jpg.rf.e1c07dca1c4c1fbee2f331681dfa44d3.jpg,ba0817772ad831c5289fcfa276b8e99b595cd0baf5ff2cc675df07ac0374f7c3
ml/data/candidates/reject_v2/validation/not_ewaste/Plastic_Waste__IMG_20250820_000353_jpg.rf.5130ed00883caa78894f8b7970890a4c.jpg,validation,not_ewaste,train,2775b743f7e4e5250ffe27c5eadb78114eeb63cde486c7cb09110cdef6659508,COPIED,ml/data/candidates/phase11_reblocked/train/not_ewaste/Plastic_Waste__IMG_20250820_000353_jpg.rf.5130ed00883caa78894f8b7970890a4c.jpg,60b5a911ac9d05ab9fe768ddde251973de30fd48c438f1199a72a892775278e4
ml/data/candidates/reject_v2/train/not_ewaste/Paper_Waste__IMG_20250805_204038_jpg.rf.00e363bc40e50b03bfa7b05993b6efd9.jpg,train,not_ewaste,train,6109237811f41839cfbbb26a3f83e03a007167c015c56050e583aa7194317081,COPIED,ml/data/candidates/phase11_reblocked/train/not_ewaste/Paper_Waste__IMG_20250805_204038_jpg.rf.00e363bc40e50b03bfa7b05993b6efd9.jpg,9234486c36000c78959312248618a797ec1f1e85f7e22c96740fbd983f137526
ml/data/candidates/reject_v2/train/not_ewaste/Paper_Waste__IMG_20250805_204038_jpg.rf.3bb41027c705b110f4b5bad4cbb42ebd.jpg,train,not_ewaste,train,6109237811f41839cfbbb26a3f83e03a007167c015c56050e583aa7194317081,COPIED,ml/data/candidates/phase11_reblocked/train/not_ewaste/Paper_Waste__IMG_20250805_204038_jpg.rf.3bb41027c705b110f4b5bad4cbb42ebd.jpg,5fe4c561dfb5516a733d364f21b080894d0d51cbd24aa223c8139438e666ac01
ml/data/candidates/reject_v2/train/not_ewaste/Paper_Waste__IMG_20250805_204038_jpg.rf.62ac2bf40d16b3fc0964b6589dc655b0.jpg,train,not_ewaste,train,6109237811f41839cfbbb26a3f83e03a007167c015c56050e583aa7194317081,COPIED,ml/data/candidates/phase11_reblocked/train/not_ewaste/Paper_Waste__IMG_20250805_204038_jpg.rf.62ac2bf40d16b3fc0964b6589dc655b0.jpg,73ed093a96fc4458a7210a78d470f9c56f32fe5ab89b9420abce31066e945204
ml/data/candidates/reject_v2/train/not_ewaste/Paper_Waste__IMG_20250805_204042_jpg.rf.105245aefc106ae8b225957ec872f6ee.jpg,train,not_ewaste,train,6109237811f41839cfbbb26a3f83e03a007167c015c56050e583aa7194317081,COPIED,ml/data/candidates/phase11_reblocked/train/not_ewaste/Paper_Waste__IMG_20250805_204042_jpg.rf.105245aefc106ae8b225957ec872f6ee.jpg,59d7fb91572c834127d7000168343831380d2ba2aca4d4825e6cc2502f30edd1
ml/data/candidates/reject_v2/train/not_ewaste/Paper_Waste__IMG_20250805_204042_jpg.rf.b68eb28882f282c1d25d037f0c727fcf.jpg,train,not_ewaste,train,6109237811f41839cfbbb26a3f83e03a007167c015c56050e583aa7194317081,COPIED,ml/data/candidates/phase11_reblocked/train/not_ewaste/Paper_Waste__IMG_20250805_204042_jpg.rf.b68eb28882f282c1d25d037f0c727fcf.jpg,730430e715c1dc1e10884ecc91cb76d2b54125d1651372abf68ffa5289c7a998
ml/data/candidates/reject_v2/train/not_ewaste/Paper_Waste__IMG_20250805_204042_jpg.rf.b6ceb5e75f0065f76c9dafccd8412617.jpg,train,not_ewaste,train,6109237811f41839cfbbb26a3f83e03a007167c015c56050e583aa7194317081,COPIED,ml/data/candidates/phase11_reblocked/train/not_ewaste/Paper_Waste__IMG_20250805_204042_jpg.rf.b6ceb5e75f0065f76c9dafccd8412617.jpg,235aee8341b1006b770404ece0f42999b8b4527e473da9fd24ffbd199f3a5ec4
ml/data/candidates/reject_v2/validation/not_ewaste/Paper_Waste__IMG_20250805_204041_jpg.rf.4919482aa67af9cf130a2d897e6aca0d.jpg,validation,not_ewaste,train,6109237811f41839cfbbb26a3f83e03a007167c015c56050e583aa7194317081,COPIED,ml/data/candidates/phase11_reblocked/train/not_ewaste/Paper_Waste__IMG_20250805_204041_jpg.rf.4919482aa67af9cf130a2d897e6aca0d.jpg,be181d22b897807c578dc04d8a479478e52e45c13437a09ca8e6a83709d328b2
ml/data/candidates/reject_v2/test/not_ewaste/Glass_Waste__IMG_20250822_142638_jpg.rf.128774d3bb2c514d0dd57b84692f2d4e.jpg,test,not_ewaste,train,16437595b90272516a66f654f3cd56db3ab7cbf93f0917321f90426b7430f0fa,COPIED,ml/data/candidates/phase11_reblocked/train/not_ewaste/Glass_Waste__IMG_20250822_142638_jpg.rf.128774d3bb2c514d0dd57b84692f2d4e.jpg,31029f745347c53171c4c5df69e3471e57744de5463c41d33ec4014452950e6d
ml/data/candidates/reject_v2/train/not_ewaste/Paper_Waste__IMG_20250805_204019_jpg.rf.a1138392577e0d1a720ec8de3ecb8d37.jpg,train,not_ewaste,train,01f66406a5f99d1cc59dea296f7ead465e2e00a37633525bf2a8f1731e963675,COPIED,ml/data/candidates/phase11_reblocked/train/not_ewaste/Paper_Waste__IMG_20250805_204019_jpg.rf.a1138392577e0d1a720ec8de3ecb8d37.jpg,eb04ce5a070af93bde35757a29c13e802f4139284dc5277d7d7cb33a37f90cf4
ml/data/candidates/reject_v2/train/not_ewaste/Paper_Waste__IMG_20250805_204019_jpg.rf.a610dfdd41bbeb7bc9fe18c88c70ba13.jpg,train,not_ewaste,train,01f66406a5f99d1cc59dea296f7ead465e2e00a37633525bf2a8f1731e963675,COPIED,ml/data/candidates/phase11_reblocked/train/not_ewaste/Paper_Waste__IMG_20250805_204019_jpg.rf.a610dfdd41bbeb7bc9fe18c88c70ba13.jpg,124dfd26fcb43a6932e7d9f960793eabdd842e9feea268dbe3349b6b63e834fc
ml/data/candidates/reject_v2/train/not_ewaste/Paper_Waste__IMG_20250805_204019_jpg.rf.fa0f780fb76b48106357a9a582586e05.jpg,train,not_ewaste,train,01f66406a5f99d1cc59dea296f7ead465e2e00a37633525bf2a8f1731e963675,COPIED,ml/data/candidates/phase11_reblocked/train/not_ewaste/Paper_Waste__IMG_20250805_204019_jpg.rf.fa0f780fb76b48106357a9a582586e05.jpg,7a359de1f5c4b5df00904011de89d59b204925b5f2a60384075bb1855e5437a1
ml/data/candidates/reject_v2/train/not_ewaste/Paper_Waste__IMG_20250805_204022_jpg.rf.08e12e8931e96133ade9276e797f8696.jpg,train,not_ewaste,train,01f66406a5f99d1cc59dea296f7ead465e2e00a37633525bf2a8f1731e963675,COPIED,ml/data/candidates/phase11_reblocked/train/not_ewaste/Paper_Waste__IMG_20250805_204022_jpg.rf.08e12e8931e96133ade9276e797f8696.jpg,adfecaa8271f642241fe3060fb649d47a25acb2022862970390d0d627ee60741
ml/data/candidates/reject_v2/train/not_ewaste/Paper_Waste__IMG_20250805_204022_jpg.rf.541a336f35ed8d4a596f4f78055c59b4.jpg,train,not_ewaste,train,01f66406a5f99d1cc59dea296f7ead465e2e00a37633525bf2a8f1731e963675,COPIED,ml/data/candidates/phase11_reblocked/train/not_ewaste/Paper_Waste__IMG_20250805_204022_jpg.rf.541a336f35ed8d4a596f4f78055c59b4.jpg,a996d8596f4acfe8bc7041f69a88420dc52a6043df70ae66f20cf8e48265afff
ml/data/candidates/reject_v2/train/not_ewaste/Paper_Waste__IMG_20250805_204022_jpg.rf.b1bcc4bebb4c28f1b0a2b144c11f6192.jpg,train,not_ewaste,train,01f66406a5f99d1cc59dea296f7ead465e2e00a37633525bf2a8f1731e963675,COPIED,ml/data/candidates/phase11_reblocked/train/not_ewaste/Paper_Waste__IMG_20250805_204022_jpg.rf.b1bcc4bebb4c28f1b0a2b144c11f6192.jpg,5f2c6e5f3a19d16d76c75ec30ff569093fa20552d9395a98af3da2d5ccd83e7f
ml/data/candidates/reject_v2/test/not_ewaste/Plastic_Waste__IMG_20250805_205005_jpg.rf.47184ca24eb2e8551945b6ec4b5898ce.jpg,test,not_ewaste,train,8c31395d957d66433b5818c7fcb940328250d354dab74b947b462edcb85792b9,COPIED,ml/data/candidates/phase11_reblocked/train/not_ewaste/Plastic_Waste__IMG_20250805_205005_jpg.rf.47184ca24eb2e8551945b6ec4b5898ce.jpg,6e758d951f42269492a7d7755735e0bf13ed2f723e1d7e07611f9ca887c87346
ml/data/candidates/reject_v2/validation/not_ewaste/Paper_Waste__IMG_20250822_140734_jpg.rf.22901ffbca3572a3cd4c501aecfa6853.jpg,validation,not_ewaste,train,382ea993c96d64af7df8d7703b017d9926531ae977f20cd49c303814291caa45,COPIED,ml/data/candidates/phase11_reblocked/train/not_ewaste/Paper_Waste__IMG_20250822_140734_jpg.rf.22901ffbca3572a3cd4c501aecfa6853.jpg,853eb490bb9f65cc1f0beb1c96a61fc616e20bfa123118d9884407988c7d2cab
ml/data/candidates/reject_v2/test/not_ewaste/Paper_Waste__IMG_20250822_140735_jpg.rf.7c52bddb838601517556ba12ba6a3f7e.jpg,test,not_ewaste,train,382ea993c96d64af7df8d7703b017d9926531ae977f20cd49c303814291caa45,COPIED,ml/data/candidates/phase11_reblocked/train/not_ewaste/Paper_Waste__IMG_20250822_140735_jpg.rf.7c52bddb838601517556ba12ba6a3f7e.jpg,2a221d6155a992c3543403a7899b273422d54844a262b8d1385296ea668fefbd
ml/data/candidates/reject_v2/train/not_ewaste/Plastic_Waste__IMG_20250822_142057_jpg.rf.31e6bb0c5f8f495d61afdbf35bccfaed.jpg,train,not_ewaste,train,f1c08c5d6e9d930bb2b0f69e3d7fd2bfc5cf29f7301850ad7a20b69b2eacf037,COPIED,ml/data/candidates/phase11_reblocked/train/not_ewaste/Plastic_Waste__IMG_20250822_142057_jpg.rf.31e6bb0c5f8f495d61afdbf35bccfaed.jpg,c95cd78b47fe6bdd11a5eeb99f396d36eb36d11fd32013f8ef8cf9beb551509f
ml/data/candidates/reject_v2/train/not_ewaste/Plastic_Waste__IMG_20250822_142057_jpg.rf.7bb208cda1b6a3dccd9290895a29c2dc.jpg,train,not_ewaste,train,f1c08c5d6e9d930bb2b0f69e3d7fd2bfc5cf29f7301850ad7a20b69b2eacf037,COPIED,ml/data/candidates/phase11_reblocked/train/not_ewaste/Plastic_Waste__IMG_20250822_142057_jpg.rf.7bb208cda1b6a3dccd9290895a29c2dc.jpg,655d653b1b182f33ff445014e4eb26ffbca066291f3f5f62ede1429f16fdfb80
ml/data/candidates/reject_v2/train/not_ewaste/Plastic_Waste__IMG_20250822_142057_jpg.rf.e8af2ca36c9b19da4081180cebd2033f.jpg,train,not_ewaste,train,f1c08c5d6e9d930bb2b0f69e3d7fd2bfc5cf29f7301850ad7a20b69b2eacf037,COPIED,ml/data/candidates/phase11_reblocked/train/not_ewaste/Plastic_Waste__IMG_20250822_142057_jpg.rf.e8af2ca36c9b19da4081180cebd2033f.jpg,a2b8a881e5ce47ea6d09039c6fa0e0c4320d7449cc8f825ded95577ad9414b2d
ml/data/candidates/reject_v2/validation/not_ewaste/Plastic_Waste__IMG_20250805_204555_jpg.rf.429668a74b22ff8c38bd42cf3158d534.jpg,validation,not_ewaste,train,e1e7d441d1d6ee71e56d4c9a54fc62923017d24a6369b00fe7cc8174e87c4d1f,COPIED,ml/data/candidates/phase11_reblocked/train/not_ewaste/Plastic_Waste__IMG_20250805_204555_jpg.rf.429668a74b22ff8c38bd42cf3158d534.jpg,ceda52cf8636b6bc8c7a352f459f93e201c633fb88266150b06fd2affa2bd02f
ml/data/candidates/reject_v2/test/not_ewaste/Glass_Waste__IMG_20250822_142528_jpg.rf.25e2b43aa9d7f801531a45d4f886cddc.jpg,test,not_ewaste,train,491f3a6b77f25215767150fd067816d09930f92e1f04244b355cf65e16a293e9,COPIED,ml/data/candidates/phase11_reblocked/train/not_ewaste/Glass_Waste__IMG_20250822_142528_jpg.rf.25e2b43aa9d7f801531a45d4f886cddc.jpg,8fbd5ebec9db1ba78496372345293416322f59301a5f3b8f35894087019c2d69
ml/data/candidates/reject_v2/test/not_ewaste/Glass_Waste__IMG_20250822_142529_jpg.rf.657107309a81f5b9141a668bfc9437e4.jpg,test,not_ewaste,train,491f3a6b77f25215767150fd067816d09930f92e1f04244b355cf65e16a293e9,COPIED,ml/data/candidates/phase11_reblocked/train/not_ewaste/Glass_Waste__IMG_20250822_142529_jpg.rf.657107309a81f5b9141a668bfc9437e4.jpg,049cb881e87dac1e48f967229cbfcd157552559c7772051ee020192725ff9d00
ml/data/candidates/reject_v2/validation/not_ewaste/Paper_Waste__IMG_20250805_204355_jpg.rf.986a8fc14a7b9eccee35a676d6545d74.jpg,validation,not_ewaste,train,5d648325a4c3d42bd40ae966236ab3fe67901301aafab8e8ae112cc41b2cba8a,COPIED,ml/data/candidates/phase11_reblocked/train/not_ewaste/Paper_Waste__IMG_20250805_204355_jpg.rf.986a8fc14a7b9eccee35a676d6545d74.jpg,230f7c4dbd870da17967efd3fe3b47e6fd050277eba62d52dd785b17b76e764e
ml/data/candidates/reject_v2/train/not_ewaste/Plastic_Waste__IMG_20250805_205014_jpg.rf.27bf09f507a0550ea39e9abb58e0c3e3.jpg,train,not_ewaste,train,e5ea781ae6adf0abaf458d6e29d844c67bf5b5326e1ebe9f7cf5ed82842cb9bd,COPIED,ml/data/candidates/phase11_reblocked/train/not_ewaste/Plastic_Waste__IMG_20250805_205014_jpg.rf.27bf09f507a0550ea39e9abb58e0c3e3.jpg,b11a010cb398af9be2c92c0aed49e014ca9e99132a0150156f718b12ac8af348
ml/data/candidates/reject_v2/train/not_ewaste/Plastic_Waste__IMG_20250805_205014_jpg.rf.492cbdc32f5247d5515f1b543afe2493.jpg,train,not_ewaste,train,e5ea781ae6adf0abaf458d6e29d844c67bf5b5326e1ebe9f7cf5ed82842cb9bd,COPIED,ml/data/candidates/phase11_reblocked/train/not_ewaste/Plastic_Waste__IMG_20250805_205014_jpg.rf.492cbdc32f5247d5515f1b543afe2493.jpg,9b34b139abe171663be4f6ea8528ec4d9545f0dbc45531da07eb6737dd3e8e92
ml/data/candidates/reject_v2/train/not_ewaste/Plastic_Waste__IMG_20250805_205014_jpg.rf.5fff209e92dd3448de7402176e522bae.jpg,train,not_ewaste,train,e5ea781ae6adf0abaf458d6e29d844c67bf5b5326e1ebe9f7cf5ed82842cb9bd,COPIED,ml/data/candidates/phase11_reblocked/train/not_ewaste/Plastic_Waste__IMG_20250805_205014_jpg.rf.5fff209e92dd3448de7402176e522bae.jpg,82d2717c5eb843f16d7cc5131770cece25883664f49425ab4f1afd98bac18656
ml/data/candidates/reject_v2/validation/not_ewaste/Plastic_Waste__IMG_20250805_205015_jpg.rf.0b048a47b8688797012e70a4b28cc43b.jpg,validation,not_ewaste,train,e5ea781ae6adf0abaf458d6e29d844c67bf5b5326e1ebe9f7cf5ed82842cb9bd,COPIED,ml/data/candidates/phase11_reblocked/train/not_ewaste/Plastic_Waste__IMG_20250805_205015_jpg.rf.0b048a47b8688797012e70a4b28cc43b.jpg,5a042dcd5d00de98f768eb16a8c439c9af0eb1df3bcd2463e14b4780096aee3d
ml/data/candidates/reject_v2/train/not_ewaste/Paper_Waste__IMG_20250822_140818_jpg.rf.1ac8ac6bf7d26cdf2c1b8aebbea5232c.jpg,train,not_ewaste,train,b2c66dae14f8cf1852e90ae459af05806b1a201771903c0cbdde714beb2da2f3,COPIED,ml/data/candidates/phase11_reblocked/train/not_ewaste/Paper_Waste__IMG_20250822_140818_jpg.rf.1ac8ac6bf7d26cdf2c1b8aebbea5232c.jpg,eb02af0eb065c7549689680cda25a3b5cc454866925b25a714f3ca632ba752c4
ml/data/candidates/reject_v2/train/not_ewaste/Paper_Waste__IMG_20250822_140818_jpg.rf.ef8373924db249abf27b0a33c01c980c.jpg,train,not_ewaste,train,b2c66dae14f8cf1852e90ae459af05806b1a201771903c0cbdde714beb2da2f3,COPIED,ml/data/candidates/phase11_reblocked/train/not_ewaste/Paper_Waste__IMG_20250822_140818_jpg.rf.ef8373924db249abf27b0a33c01c980c.jpg,3653e8212109d7cce305e01e44e547ff621add459f5ddaa5e613e312783f0e32
ml/data/candidates/reject_v2/train/not_ewaste/Paper_Waste__IMG_20250822_140818_jpg.rf.f9f0a3597d0561a06ad7c941cf0247de.jpg,train,not_ewaste,train,b2c66dae14f8cf1852e90ae459af05806b1a201771903c0cbdde714beb2da2f3,COPIED,ml/data/candidates/phase11_reblocked/train/not_ewaste/Paper_Waste__IMG_20250822_140818_jpg.rf.f9f0a3597d0561a06ad7c941cf0247de.jpg,5801326ccc38e55ee63d511e96cd291c54031265e5b0baaa7e271d878e893863
ml/data/candidates/reject_v2/test/not_ewaste/Paper_Waste__IMG_20250822_140817_jpg.rf.57071078b8e05b774b90907450c97a52.jpg,test,not_ewaste,train,b2c66dae14f8cf1852e90ae459af05806b1a201771903c0cbdde714beb2da2f3,COPIED,ml/data/candidates/phase11_reblocked/train/not_ewaste/Paper_Waste__IMG_20250822_140817_jpg.rf.57071078b8e05b774b90907450c97a52.jpg,55cdd579c9db2438ec5aabd1c7d79a45b656aca84d57ea17fd66cd8b872cac50
ml/data/candidates/reject_v2/test/not_ewaste/Paper_Waste__IMG_20250822_140819_jpg.rf.6bc889e0ff14e453f52551128fd143c5.jpg,test,not_ewaste,train,b2c66dae14f8cf1852e90ae459af05806b1a201771903c0cbdde714beb2da2f3,COPIED,ml/data/candidates/phase11_reblocked/train/not_ewaste/Paper_Waste__IMG_20250822_140819_jpg.rf.6bc889e0ff14e453f52551128fd143c5.jpg,056679369d6394b85e1492fc68795d986ad019825d8da983e8f545f34380edb2
ml/data/candidates/reject_v2/validation/not_ewaste/Plastic_Waste__IMG_20250805_204647_jpg.rf.d9c90959671e7b6e662d6e3aa6441d02.jpg,validation,not_ewaste,train,41e121c5f333f410f9129f890a913407185b04ed0d1ab4aa36dbe4b7b8af4b5b,COPIED,ml/data/candidates/phase11_reblocked/train/not_ewaste/Plastic_Waste__IMG_20250805_204647_jpg.rf.d9c90959671e7b6e662d6e3aa6441d02.jpg,8aeada1bce27c9a435daa5ec91091f6fc31f3e2d50bc8df9fa7fffc13d323afb
ml/data/candidates/reject_v2/train/not_ewaste/Paper_Waste__IMG_20250805_205259_jpg.rf.1fbf551f6a211742c90bc713819746fc.jpg,train,not_ewaste,train,cc2139e85221d2fa386182e426b25a53bf8dfaf3044c429b890ce6bce2ee4c5f,COPIED,ml/data/candidates/phase11_reblocked/train/not_ewaste/Paper_Waste__IMG_20250805_205259_jpg.rf.1fbf551f6a211742c90bc713819746fc.jpg,105880217f1a0accb7f4c338627262429e663670700e1d49f76561035cc46895
ml/data/candidates/reject_v2/train/not_ewaste/Paper_Waste__IMG_20250805_205259_jpg.rf.36b335f43bb94636d1cd5bde6fa4481a.jpg,train,not_ewaste,train,cc2139e85221d2fa386182e426b25a53bf8dfaf3044c429b890ce6bce2ee4c5f,COPIED,ml/data/candidates/phase11_reblocked/train/not_ewaste/Paper_Waste__IMG_20250805_205259_jpg.rf.36b335f43bb94636d1cd5bde6fa4481a.jpg,64895140268f77a4da00b73175bf6e6207f86b81ca63557b2c5066ce15033a21
ml/data/candidates/reject_v2/train/not_ewaste/Paper_Waste__IMG_20250805_205259_jpg.rf.ba8ed9bd2698eb1db93e4c37933b2f3e.jpg,train,not_ewaste,train,cc2139e85221d2fa386182e426b25a53bf8dfaf3044c429b890ce6bce2ee4c5f,COPIED,ml/data/candidates/phase11_reblocked/train/not_ewaste/Paper_Waste__IMG_20250805_205259_jpg.rf.ba8ed9bd2698eb1db93e4c37933b2f3e.jpg,6f956f5b14f397061f6e703db883e2ab4e9a22dab120d7ce3114df1cf2a9d758
ml/data/candidates/reject_v2/train/not_ewaste/Organic_Waste__IMG_20250822_142809_jpg.rf.2ab048ee2ad814fa9dd7ba2e829a1f1e.jpg,train,not_ewaste,train,194bba918d8e8b782902e49bc92f84f87a254cdae7c5c6e4511ac6367c1c22a0,COPIED,ml/data/candidates/phase11_reblocked/train/not_ewaste/Organic_Waste__IMG_20250822_142809_jpg.rf.2ab048ee2ad814fa9dd7ba2e829a1f1e.jpg,938e268bca29fa73e9a7be8f8c4d1876e4ad086c400e4c1a6dc4e5f33c92b89a
ml/data/candidates/reject_v2/train/not_ewaste/Organic_Waste__IMG_20250822_142809_jpg.rf.9fde58375a07c44c841657a3888bdb04.jpg,train,not_ewaste,train,194bba918d8e8b782902e49bc92f84f87a254cdae7c5c6e4511ac6367c1c22a0,COPIED,ml/data/candidates/phase11_reblocked/train/not_ewaste/Organic_Waste__IMG_20250822_142809_jpg.rf.9fde58375a07c44c841657a3888bdb04.jpg,07a60003be8d0a1cf0119d21159b17f472e906787a58ce9e6f51a34ffd8a3485
ml/data/candidates/reject_v2/train/not_ewaste/Organic_Waste__IMG_20250822_142809_jpg.rf.e1c77a248aae7e8cbbb79ea5773b4665.jpg,train,not_ewaste,train,194bba918d8e8b782902e49bc92f84f87a254cdae7c5c6e4511ac6367c1c22a0,COPIED,ml/data/candidates/phase11_reblocked/train/not_ewaste/Organic_Waste__IMG_20250822_142809_jpg.rf.e1c77a248aae7e8cbbb79ea5773b4665.jpg,dbefa1fadb8fabee4cde469d2909bfff9ed79cd0d375f172c0d0c08d9c72ed15
ml/data/candidates/reject_v2/train/not_ewaste/Plastic_Waste__IMG_20250803_221407_jpg.rf.552f3cffa7a1f9521c69c8f373544d7e.jpg,train,not_ewaste,train,7617b8617d016f57a422748a907e18fe146bce29ed49e626453dbec72be85901,COPIED,ml/data/candidates/phase11_reblocked/train/not_ewaste/Plastic_Waste__IMG_20250803_221407_jpg.rf.552f3cffa7a1f9521c69c8f373544d7e.jpg,fcec50f351107ff7cec287976d9737d750d2442849c66a530942c2c2ef1c1189
ml/data/candidates/reject_v2/train/not_ewaste/Plastic_Waste__IMG_20250803_221407_jpg.rf.e81c8efd7d2bea51de2b9a8e63b50afc.jpg,train,not_ewaste,train,7617b8617d016f57a422748a907e18fe146bce29ed49e626453dbec72be85901,COPIED,ml/data/candidates/phase11_reblocked/train/not_ewaste/Plastic_Waste__IMG_20250803_221407_jpg.rf.e81c8efd7d2bea51de2b9a8e63b50afc.jpg,fdd5021feb90195732c22265e4c1dc6f1239657b41ab27408c00a2fbddf07525
ml/data/candidates/reject_v2/train/not_ewaste/Plastic_Waste__IMG_20250803_221407_jpg.rf.f92b64f63e95c08e209471d6926f9913.jpg,train,not_ewaste,train,7617b8617d016f57a422748a907e18fe146bce29ed49e626453dbec72be85901,COPIED,ml/data/candidates/phase11_reblocked/train/not_ewaste/Plastic_Waste__IMG_20250803_221407_jpg.rf.f92b64f63e95c08e209471d6926f9913.jpg,a0f6c70b7c1650e15eace14527947f95300450c6dfb0d8eb33cec83d2d383027
ml/data/candidates/reject_v2/train/not_ewaste/Plastic_Waste__IMG_20250803_221410_jpg.rf.936a417f340d4e433af968b8bd96621a.jpg,train,not_ewaste,train,7617b8617d016f57a422748a907e18fe146bce29ed49e626453dbec72be85901,COPIED,ml/data/candidates/phase11_reblocked/train/not_ewaste/Plastic_Waste__IMG_20250803_221410_jpg.rf.936a417f340d4e433af968b8bd96621a.jpg,0e4e68f0159bf6521d155ef0a59c3fe0a1f3623119372c3450299b424ca27757
ml/data/candidates/reject_v2/train/not_ewaste/Plastic_Waste__IMG_20250803_221410_jpg.rf.ad3c805cbc13d358e605e91e50885552.jpg,train,not_ewaste,train,7617b8617d016f57a422748a907e18fe146bce29ed49e626453dbec72be85901,COPIED,ml/data/candidates/phase11_reblocked/train/not_ewaste/Plastic_Waste__IMG_20250803_221410_jpg.rf.ad3c805cbc13d358e605e91e50885552.jpg,54b38fac12b8693911aad2cc6b14b59ca3dcd30cc22b8d82bbea273ddcbb6732
ml/data/candidates/reject_v2/train/not_ewaste/Plastic_Waste__IMG_20250803_221410_jpg.rf.be97058037ddce441901540ef89f7413.jpg,train,not_ewaste,train,7617b8617d016f57a422748a907e18fe146bce29ed49e626453dbec72be85901,COPIED,ml/data/candidates/phase11_reblocked/train/not_ewaste/Plastic_Waste__IMG_20250803_221410_jpg.rf.be97058037ddce441901540ef89f7413.jpg,254f69b697b2a47a3f738ad136dc16f7f194921dc50cad0c155cda34a280c22f
ml/data/candidates/reject_v2/train/not_ewaste/Plastic_Waste__IMG_20250803_221411_jpg.rf.cf6c78a51123b9a7b1637da07ef7d623.jpg,train,not_ewaste,train,7617b8617d016f57a422748a907e18fe146bce29ed49e626453dbec72be85901,COPIED,ml/data/candidates/phase11_reblocked/train/not_ewaste/Plastic_Waste__IMG_20250803_221411_jpg.rf.cf6c78a51123b9a7b1637da07ef7d623.jpg,c3b85b208a18cebb97c7052721d5fd7f39dca4aa12b984a097d9c341b5aebaf7
ml/data/candidates/reject_v2/train/not_ewaste/Plastic_Waste__IMG_20250803_221411_jpg.rf.fc1553fa20007c7c69f887b0033cab47.jpg,train,not_ewaste,train,7617b8617d016f57a422748a907e18fe146bce29ed49e626453dbec72be85901,COPIED,ml/data/candidates/phase11_reblocked/train/not_ewaste/Plastic_Waste__IMG_20250803_221411_jpg.rf.fc1553fa20007c7c69f887b0033cab47.jpg,7fb2a62df6ea9528d02e245b498b4a827e45aae9fccc86dba4d2e1123e46b7ca
ml/data/candidates/reject_v2/train/not_ewaste/Plastic_Waste__IMG_20250803_221411_jpg.rf.fdb47cb297f0b6edcc404ef0ddb5b502.jpg,train,not_ewaste,train,7617b8617d016f57a422748a907e18fe146bce29ed49e626453dbec72be85901,COPIED,ml/data/candidates/phase11_reblocked/train/not_ewaste/Plastic_Waste__IMG_20250803_221411_jpg.rf.fdb47cb297f0b6edcc404ef0ddb5b502.jpg,75434cd354618b3c7665bed5ccdac89c41c86f96a490b8d626ad9abbe3c8b4f3
ml/data/candidates/reject_v2/validation/not_ewaste/Plastic_Waste__IMG_20250803_221409_jpg.rf.4c33b3c30955b0b5c72a860e1473a7af.jpg,validation,not_ewaste,train,7617b8617d016f57a422748a907e18fe146bce29ed49e626453dbec72be85901,COPIED,ml/data/candidates/phase11_reblocked/train/not_ewaste/Plastic_Waste__IMG_20250803_221409_jpg.rf.4c33b3c30955b0b5c72a860e1473a7af.jpg,e7b1b3b851eaf03b80aa749b7b1994fb56d429c9216104e9418beec7b1db3859
ml/data/candidates/reject_v2/test/not_ewaste/Plastic_Waste__IMG_20250803_221412_jpg.rf.8824ffd49cb179ea3fa4a32be58a8a56.jpg,test,not_ewaste,train,7617b8617d016f57a422748a907e18fe146bce29ed49e626453dbec72be85901,COPIED,ml/data/candidates/phase11_reblocked/train/not_ewaste/Plastic_Waste__IMG_20250803_221412_jpg.rf.8824ffd49cb179ea3fa4a32be58a8a56.jpg,10b86f98936e19fddeb736df4f0fffef649269686f45b3ae56c3f7f2c6b7ae11
ml/data/candidates/reject_v2/test/not_ewaste/Plastic_Waste__IMG_20250803_221413_jpg.rf.7981da4922da4ef0420a42a7d1f9771c.jpg,test,not_ewaste,train,7617b8617d016f57a422748a907e18fe146bce29ed49e626453dbec72be85901,COPIED,ml/data/candidates/phase11_reblocked/train/not_ewaste/Plastic_Waste__IMG_20250803_221413_jpg.rf.7981da4922da4ef0420a42a7d1f9771c.jpg,f669c3c0a2cb305d7fd100128873426be85172d3f4eeb4ad0c3ef1f04866130b
ml/data/candidates/reject_v2/validation/not_ewaste/Plastic_Waste__IMG_20250805_205429_jpg.rf.0520c084d2fc0652f02f57479cdbf0ba.jpg,validation,not_ewaste,train,c334429fbdb0c626045e4684ed7f1495b159540085aca150337a97282f6ad87f,COPIED,ml/data/candidates/phase11_reblocked/train/not_ewaste/Plastic_Waste__IMG_20250805_205429_jpg.rf.0520c084d2fc0652f02f57479cdbf0ba.jpg,72a8fadde9aaf9fa47897b37826744d073b0ce23ac533cfa3f61dded11f47d44
ml/data/candidates/reject_v2/train/not_ewaste/Plastic_Waste__IMG_20250805_204647_1_jpg.rf.0206367acab39045e533eed492559cb6.jpg,train,not_ewaste,train,0ba24b50a3289f9b0a9e2b268c957e3ae35f074487bdb40faa46df9868d193c7,COPIED,ml/data/candidates/phase11_reblocked/train/not_ewaste/Plastic_Waste__IMG_20250805_204647_1_jpg.rf.0206367acab39045e533eed492559cb6.jpg,776f1bba379e5eaaf8d15d4b951d16dc9ab5f7da534a2035761438b8b865b7f2
ml/data/candidates/reject_v2/train/not_ewaste/Plastic_Waste__IMG_20250805_204647_1_jpg.rf.1be1593a9626758c4a2540e5346f9379.jpg,train,not_ewaste,train,0ba24b50a3289f9b0a9e2b268c957e3ae35f074487bdb40faa46df9868d193c7,COPIED,ml/data/candidates/phase11_reblocked/train/not_ewaste/Plastic_Waste__IMG_20250805_204647_1_jpg.rf.1be1593a9626758c4a2540e5346f9379.jpg,250935c23615315d359975898fead743946e97ca04fbb65517e079b4b926febb
ml/data/candidates/reject_v2/train/not_ewaste/Plastic_Waste__IMG_20250805_204647_1_jpg.rf.5d04c4e8997984e77325fee5359f43a9.jpg,train,not_ewaste,train,0ba24b50a3289f9b0a9e2b268c957e3ae35f074487bdb40faa46df9868d193c7,COPIED,ml/data/candidates/phase11_reblocked/train/not_ewaste/Plastic_Waste__IMG_20250805_204647_1_jpg.rf.5d04c4e8997984e77325fee5359f43a9.jpg,6f7d144f7130df31e85b94b79b4148a244cd8fc3debbefd7d8e9e446108f52c2
ml/data/candidates/reject_v2/train/not_ewaste/Plastic_Waste__IMG_20250805_204648_jpg.rf.0aed1e4ca276302afc1113df678e573a.jpg,train,not_ewaste,train,0ba24b50a3289f9b0a9e2b268c957e3ae35f074487bdb40faa46df9868d193c7,COPIED,ml/data/candidates/phase11_reblocked/train/not_ewaste/Plastic_Waste__IMG_20250805_204648_jpg.rf.0aed1e4ca276302afc1113df678e573a.jpg,bfa2c1c983a18236fe15b7f623dd41533d450d368f09cc326965d7de96dd87e3
ml/data/candidates/reject_v2/train/not_ewaste/Plastic_Waste__IMG_20250805_204648_jpg.rf.1d2d4cf3db04e23f4ffb947c31f715cd.jpg,train,not_ewaste,train,0ba24b50a3289f9b0a9e2b268c957e3ae35f074487bdb40faa46df9868d193c7,COPIED,ml/data/candidates/phase11_reblocked/train/not_ewaste/Plastic_Waste__IMG_20250805_204648_jpg.rf.1d2d4cf3db04e23f4ffb947c31f715cd.jpg,0ab99b2ee89808ec80de5e1b9e7d6aabe6552fdf01c48bc234031138f67250fb
ml/data/candidates/reject_v2/train/not_ewaste/Plastic_Waste__IMG_20250805_204648_jpg.rf.afbf5a91e3960de354bc56ac224426f6.jpg,train,not_ewaste,train,0ba24b50a3289f9b0a9e2b268c957e3ae35f074487bdb40faa46df9868d193c7,COPIED,ml/data/candidates/phase11_reblocked/train/not_ewaste/Plastic_Waste__IMG_20250805_204648_jpg.rf.afbf5a91e3960de354bc56ac224426f6.jpg,86b508f7e5401f686a466cb06b9447eabcae031a121b9c75c2d730844b033d7c
ml/data/candidates/reject_v2/train/not_ewaste/Plastic_Waste__IMG_20250805_204649_jpg.rf.196cca7c431b5988d76533032bab04db.jpg,train,not_ewaste,train,0ba24b50a3289f9b0a9e2b268c957e3ae35f074487bdb40faa46df9868d193c7,COPIED,ml/data/candidates/phase11_reblocked/train/not_ewaste/Plastic_Waste__IMG_20250805_204649_jpg.rf.196cca7c431b5988d76533032bab04db.jpg,382375fb4c8b89e19b9ae59c62d3d2a4045300ff3ebdecc80fe526b15da53338
ml/data/candidates/reject_v2/train/not_ewaste/Plastic_Waste__IMG_20250805_204649_jpg.rf.648e177ee3ea580214826f98b0f4e031.jpg,train,not_ewaste,train,0ba24b50a3289f9b0a9e2b268c957e3ae35f074487bdb40faa46df9868d193c7,COPIED,ml/data/candidates/phase11_reblocked/train/not_ewaste/Plastic_Waste__IMG_20250805_204649_jpg.rf.648e177ee3ea580214826f98b0f4e031.jpg,3e4d0babfc91f23cd218d0cf061845e101de540b8b5b160cb3e7bb88f86053c5
ml/data/candidates/reject_v2/train/not_ewaste/Plastic_Waste__IMG_20250805_204649_jpg.rf.d176eb8ee77c419eefbc4de3efe54763.jpg,train,not_ewaste,train,0ba24b50a3289f9b0a9e2b268c957e3ae35f074487bdb40faa46df9868d193c7,COPIED,ml/data/candidates/phase11_reblocked/train/not_ewaste/Plastic_Waste__IMG_20250805_204649_jpg.rf.d176eb8ee77c419eefbc4de3efe54763.jpg,3eaa1c24070021f9aa6130c6a70816f76b53d7a409602fbea2ac0d4df0c7ad5c
ml/data/candidates/reject_v2/train/not_ewaste/Plastic_Waste__IMG_20250805_204215_jpg.rf.4025e8c48c1bf9a5986aaac0404fd70e.jpg,train,not_ewaste,train,57abb55a770fca2a1009d942f6080e37f1c2d05ebb4e44fca22693fa0fdece77,COPIED,ml/data/candidates/phase11_reblocked/train/not_ewaste/Plastic_Waste__IMG_20250805_204215_jpg.rf.4025e8c48c1bf9a5986aaac0404fd70e.jpg,506644b0664f67cf3e255c058a93e50a2216cb46963872a313850bdb74c90127
ml/data/candidates/reject_v2/train/not_ewaste/Plastic_Waste__IMG_20250805_204215_jpg.rf.88eb2de496e894ade4564f886b58d2a8.jpg,train,not_ewaste,train,57abb55a770fca2a1009d942f6080e37f1c2d05ebb4e44fca22693fa0fdece77,COPIED,ml/data/candidates/phase11_reblocked/train/not_ewaste/Plastic_Waste__IMG_20250805_204215_jpg.rf.88eb2de496e894ade4564f886b58d2a8.jpg,e3976dfc044d11c1667e4e4aae90839f379ec08df3e8419ffc794ed3e0240d1a
ml/data/candidates/reject_v2/train/not_ewaste/Plastic_Waste__IMG_20250805_204215_jpg.rf.90b775a4472c8ddc3587ebc4fa69dec2.jpg,train,not_ewaste,train,57abb55a770fca2a1009d942f6080e37f1c2d05ebb4e44fca22693fa0fdece77,COPIED,ml/data/candidates/phase11_reblocked/train/not_ewaste/Plastic_Waste__IMG_20250805_204215_jpg.rf.90b775a4472c8ddc3587ebc4fa69dec2.jpg,3c72f2746c11618bb6621bc77849bec32f05fce81f76fb978012b0c492666b92
ml/data/candidates/reject_v2/validation/not_ewaste/Plastic_Waste__IMG_20250805_204214_jpg.rf.546d87de4ae2a70935eac365f31f01e2.jpg,validation,not_ewaste,train,57abb55a770fca2a1009d942f6080e37f1c2d05ebb4e44fca22693fa0fdece77,COPIED,ml/data/candidates/phase11_reblocked/train/not_ewaste/Plastic_Waste__IMG_20250805_204214_jpg.rf.546d87de4ae2a70935eac365f31f01e2.jpg,62196cb9ea79878ceb9fdb350a69619552e771b955c45f58a542e68c657fecdd
ml/data/candidates/reject_v2/validation/not_ewaste/Plastic_Waste__IMG_20250805_204216_jpg.rf.9fff4facf315b4d4a8940cf740ecfbb2.jpg,validation,not_ewaste,train,57abb55a770fca2a1009d942f6080e37f1c2d05ebb4e44fca22693fa0fdece77,COPIED,ml/data/candidates/phase11_reblocked/train/not_ewaste/Plastic_Waste__IMG_20250805_204216_jpg.rf.9fff4facf315b4d4a8940cf740ecfbb2.jpg,84e99159372004ecd403b03bf7b0c253ceb431b62f7b622b227be564be016700
ml/data/candidates/reject_v2/train/not_ewaste/Plastic_Waste__IMG_20250803_221013_1_jpg.rf.8d90a2080651170bda1eccdab5239c1b.jpg,train,not_ewaste,train,beede4e06cb6dafcb78cfb2a4b92f290709f04456a69d4ccd8e2c8c85a056eb4,COPIED,ml/data/candidates/phase11_reblocked/train/not_ewaste/Plastic_Waste__IMG_20250803_221013_1_jpg.rf.8d90a2080651170bda1eccdab5239c1b.jpg,354a584744d5e337edf73375911e7581c54753404254879a1ba5b3da996e0e9f
ml/data/candidates/reject_v2/train/not_ewaste/Plastic_Waste__IMG_20250803_221013_1_jpg.rf.c6bd580c4f06c10f080494cf92ec50b1.jpg,train,not_ewaste,train,beede4e06cb6dafcb78cfb2a4b92f290709f04456a69d4ccd8e2c8c85a056eb4,COPIED,ml/data/candidates/phase11_reblocked/train/not_ewaste/Plastic_Waste__IMG_20250803_221013_1_jpg.rf.c6bd580c4f06c10f080494cf92ec50b1.jpg,27d391d71f8e1e8ae1404756cac02fc5eace0d16c05cd6f1252430fe4e57037d
ml/data/candidates/reject_v2/train/not_ewaste/Plastic_Waste__IMG_20250803_221013_1_jpg.rf.f3fd87152f1a700bfe7f9ee675064d57.jpg,train,not_ewaste,train,beede4e06cb6dafcb78cfb2a4b92f290709f04456a69d4ccd8e2c8c85a056eb4,COPIED,ml/data/candidates/phase11_reblocked/train/not_ewaste/Plastic_Waste__IMG_20250803_221013_1_jpg.rf.f3fd87152f1a700bfe7f9ee675064d57.jpg,e6f2530c1611ac3e88fa0689eac8b4307b6811f81bcd76b96cd096193aea8959
ml/data/candidates/reject_v2/train/not_ewaste/Plastic_Waste__IMG_20250803_221013_jpg.rf.6160a32860e4bcbdbc9c568e46842cea.jpg,train,not_ewaste,train,beede4e06cb6dafcb78cfb2a4b92f290709f04456a69d4ccd8e2c8c85a056eb4,COPIED,ml/data/candidates/phase11_reblocked/train/not_ewaste/Plastic_Waste__IMG_20250803_221013_jpg.rf.6160a32860e4bcbdbc9c568e46842cea.jpg,6fd1b7292bf12b92fe8f194d2b9aaf5883d8b0d8f2d6c096dffd6205a7de2d80
ml/data/candidates/reject_v2/train/not_ewaste/Plastic_Waste__IMG_20250803_221013_jpg.rf.71ebfb3548d4fa6452151e6eb585ef04.jpg,train,not_ewaste,train,beede4e06cb6dafcb78cfb2a4b92f290709f04456a69d4ccd8e2c8c85a056eb4,COPIED,ml/data/candidates/phase11_reblocked/train/not_ewaste/Plastic_Waste__IMG_20250803_221013_jpg.rf.71ebfb3548d4fa6452151e6eb585ef04.jpg,38ddce75444a7b35d4e9a6b95e8e5fc0847ac6b6275749c6734c902832ea05f1
ml/data/candidates/reject_v2/train/not_ewaste/Plastic_Waste__IMG_20250803_221013_jpg.rf.dd70a37e04d176c512e7ae0117bed82a.jpg,train,not_ewaste,train,beede4e06cb6dafcb78cfb2a4b92f290709f04456a69d4ccd8e2c8c85a056eb4,COPIED,ml/data/candidates/phase11_reblocked/train/not_ewaste/Plastic_Waste__IMG_20250803_221013_jpg.rf.dd70a37e04d176c512e7ae0117bed82a.jpg,c15b9c58c9503e68c077b32b5a5f04b717355d025305c859c16525638aabf4b6
ml/data/candidates/reject_v2/train/not_ewaste/Organic_Waste__IMG_20250805_204802_jpg.rf.2e1e466e5b45bdf29c11992a064e2c35.jpg,train,not_ewaste,train,db37f01f8a3242fd4a86e0c6e694df736ce9ecf5714e09b4060c20b41e982118,COPIED,ml/data/candidates/phase11_reblocked/train/not_ewaste/Organic_Waste__IMG_20250805_204802_jpg.rf.2e1e466e5b45bdf29c11992a064e2c35.jpg,886a7952ee9f2f4a8873b4cf7c0a689678b911c5ce40ea2a542b5630def49a36
ml/data/candidates/reject_v2/train/not_ewaste/Organic_Waste__IMG_20250805_204802_jpg.rf.bc0097749492eccc3ee7ce39fabe580d.jpg,train,not_ewaste,train,db37f01f8a3242fd4a86e0c6e694df736ce9ecf5714e09b4060c20b41e982118,COPIED,ml/data/candidates/phase11_reblocked/train/not_ewaste/Organic_Waste__IMG_20250805_204802_jpg.rf.bc0097749492eccc3ee7ce39fabe580d.jpg,01d1242867117ed664b46e4ee809a29cefba3a2048dbaf5262388adcb76fea2e
ml/data/candidates/reject_v2/train/not_ewaste/Organic_Waste__IMG_20250805_204802_jpg.rf.ee67044eef47ae7cd58aca2173fcafa2.jpg,train,not_ewaste,train,db37f01f8a3242fd4a86e0c6e694df736ce9ecf5714e09b4060c20b41e982118,COPIED,ml/data/candidates/phase11_reblocked/train/not_ewaste/Organic_Waste__IMG_20250805_204802_jpg.rf.ee67044eef47ae7cd58aca2173fcafa2.jpg,024b9ae726ec7938eb52611e41ba7a9dd6f4fd3bd2e09ef4d5e975a71b8eaf02
ml/data/candidates/reject_v2/train/not_ewaste/Organic_Waste__IMG_20250805_204804_jpg.rf.31107b7bf80c9ff43d6d199b14380725.jpg,train,not_ewaste,train,db37f01f8a3242fd4a86e0c6e694df736ce9ecf5714e09b4060c20b41e982118,COPIED,ml/data/candidates/phase11_reblocked/train/not_ewaste/Organic_Waste__IMG_20250805_204804_jpg.rf.31107b7bf80c9ff43d6d199b14380725.jpg,477506ec52ca0e49decd309839f852acdba6eb883e1826814cf0039a9535335b
ml/data/candidates/reject_v2/train/not_ewaste/Organic_Waste__IMG_20250805_204804_jpg.rf.67b326e2ad2e27e2f7a12499b6d81f98.jpg,train,not_ewaste,train,db37f01f8a3242fd4a86e0c6e694df736ce9ecf5714e09b4060c20b41e982118,COPIED,ml/data/candidates/phase11_reblocked/train/not_ewaste/Organic_Waste__IMG_20250805_204804_jpg.rf.67b326e2ad2e27e2f7a12499b6d81f98.jpg,59a143fa9db8f924795dbbf5c6d0d93b321d832b4225ada4a59cf3e437954b85
ml/data/candidates/reject_v2/train/not_ewaste/Organic_Waste__IMG_20250805_204804_jpg.rf.fff3ade934a434634ce689212ffbddc1.jpg,train,not_ewaste,train,db37f01f8a3242fd4a86e0c6e694df736ce9ecf5714e09b4060c20b41e982118,COPIED,ml/data/candidates/phase11_reblocked/train/not_ewaste/Organic_Waste__IMG_20250805_204804_jpg.rf.fff3ade934a434634ce689212ffbddc1.jpg,c5d2d4d495da8444dfeb090a7054670b82e7ad661cf098613a0ba5531b9c22b3
ml/data/candidates/reject_v2/validation/not_ewaste/Organic_Waste__IMG_20250805_204801_jpg.rf.06bcd29264fbf6c0e7edc9e921c2a8d1.jpg,validation,not_ewaste,train,db37f01f8a3242fd4a86e0c6e694df736ce9ecf5714e09b4060c20b41e982118,COPIED,ml/data/candidates/phase11_reblocked/train/not_ewaste/Organic_Waste__IMG_20250805_204801_jpg.rf.06bcd29264fbf6c0e7edc9e921c2a8d1.jpg,1425fa32128acaf3d6c41b00793741ac72ef5c2cbb1703930037852d6f000f38
ml/data/candidates/reject_v2/validation/not_ewaste/Organic_Waste__IMG_20250805_204803_jpg.rf.b93b527055d5d443f5c5f4cd7a4e4be2.jpg,validation,not_ewaste,train,db37f01f8a3242fd4a86e0c6e694df736ce9ecf5714e09b4060c20b41e982118,COPIED,ml/data/candidates/phase11_reblocked/train/not_ewaste/Organic_Waste__IMG_20250805_204803_jpg.rf.b93b527055d5d443f5c5f4cd7a4e4be2.jpg,27f71f826dc04c4a896da03f2de29aab420d1075fef9450bdbc2ed0a5c820a05
ml/data/candidates/reject_v2/validation/not_ewaste/Organic_Waste__IMG_20250805_204805_jpg.rf.a6dcdc7fcdf26da9da4aac2564cd6b9b.jpg,validation,not_ewaste,train,db37f01f8a3242fd4a86e0c6e694df736ce9ecf5714e09b4060c20b41e982118,COPIED,ml/data/candidates/phase11_reblocked/train/not_ewaste/Organic_Waste__IMG_20250805_204805_jpg.rf.a6dcdc7fcdf26da9da4aac2564cd6b9b.jpg,37b6d8dc4809aa9e47bc79f21f02f05d86bda9dc18a6c3286d30341bec67e080
ml/data/candidates/reject_v2/validation/not_ewaste/Organic_Waste__IMG_20250805_204806_jpg.rf.026119e3f5bbd7746602ef0a45ac381e.jpg,validation,not_ewaste,train,db37f01f8a3242fd4a86e0c6e694df736ce9ecf5714e09b4060c20b41e982118,COPIED,ml/data/candidates/phase11_reblocked/train/not_ewaste/Organic_Waste__IMG_20250805_204806_jpg.rf.026119e3f5bbd7746602ef0a45ac381e.jpg,65ff0b256c90817361306b96fc824fe70946ca7aa49b553d92db5fe851c8b364
ml/data/candidates/reject_v2/train/not_ewaste/Plastic_Waste__IMG_20250820_000328_jpg.rf.22207c9fef07ed17f735be4abf634af2.jpg,train,not_ewaste,train,7b2fe97a570f87fdb037c34ab1b10797040e9cbd035d2a3edd1587f6632fceb1,COPIED,ml/data/candidates/phase11_reblocked/train/not_ewaste/Plastic_Waste__IMG_20250820_000328_jpg.rf.22207c9fef07ed17f735be4abf634af2.jpg,95717ff5147e1327b844a8d4d7bb805fcc33373b95c56aeef82016c94d9510e0
ml/data/candidates/reject_v2/train/not_ewaste/Plastic_Waste__IMG_20250820_000328_jpg.rf.28336d498601789e12a5fb4e06e36096.jpg,train,not_ewaste,train,7b2fe97a570f87fdb037c34ab1b10797040e9cbd035d2a3edd1587f6632fceb1,COPIED,ml/data/candidates/phase11_reblocked/train/not_ewaste/Plastic_Waste__IMG_20250820_000328_jpg.rf.28336d498601789e12a5fb4e06e36096.jpg,0949c67b19e1b6d26089de2f7435aad3563f317221e4d0c2286b7fd1adf181d1
ml/data/candidates/reject_v2/train/not_ewaste/Plastic_Waste__IMG_20250820_000328_jpg.rf.74b23f559538750c3b27b9f3a09440d2.jpg,train,not_ewaste,train,7b2fe97a570f87fdb037c34ab1b10797040e9cbd035d2a3edd1587f6632fceb1,COPIED,ml/data/candidates/phase11_reblocked/train/not_ewaste/Plastic_Waste__IMG_20250820_000328_jpg.rf.74b23f559538750c3b27b9f3a09440d2.jpg,3b93cd9a8795f83a0abb1d3ae7572be1c55b5e08a668022d69b29dae5e496a1e
ml/data/candidates/reject_v2/train/not_ewaste/Plastic_Waste__IMG_20250803_221440_jpg.rf.67297a4dc6b7cab8cb9fad330cce67e7.jpg,train,not_ewaste,train,0e198602fdb0e656f910e4147921036658ba72e2199a655080f9f537a0c5aa30,COPIED,ml/data/candidates/phase11_reblocked/train/not_ewaste/Plastic_Waste__IMG_20250803_221440_jpg.rf.67297a4dc6b7cab8cb9fad330cce67e7.jpg,dc154394cdbc3c3e721abc974eccff3f5e219b5114d3c3fce571c4fadea89dc5
ml/data/candidates/reject_v2/train/not_ewaste/Plastic_Waste__IMG_20250803_221440_jpg.rf.9a6147209fbbeb12d6f85f9271e50974.jpg,train,not_ewaste,train,0e198602fdb0e656f910e4147921036658ba72e2199a655080f9f537a0c5aa30,COPIED,ml/data/candidates/phase11_reblocked/train/not_ewaste/Plastic_Waste__IMG_20250803_221440_jpg.rf.9a6147209fbbeb12d6f85f9271e50974.jpg,8507948b708305f838d8473dd7d51be9b424a67404a19c23e665a272e8746006
ml/data/candidates/reject_v2/train/not_ewaste/Plastic_Waste__IMG_20250803_221440_jpg.rf.a472dc75bd5fe40e03d3f272a498ef62.jpg,train,not_ewaste,train,0e198602fdb0e656f910e4147921036658ba72e2199a655080f9f537a0c5aa30,COPIED,ml/data/candidates/phase11_reblocked/train/not_ewaste/Plastic_Waste__IMG_20250803_221440_jpg.rf.a472dc75bd5fe40e03d3f272a498ef62.jpg,00d2245f8d4411b1e5c6f3df83d8932213b11f28199faec5e0f7e242a9e73480
ml/data/candidates/reject_v2/test/not_ewaste/Plastic_Waste__IMG_20250805_205339_jpg.rf.6712e9342819463227bee4d32c7c2e04.jpg,test,not_ewaste,train,e3b201f4bce4729d14793e6bef3aeb3e50a4703ab9cd70599d416887bde4bb4e,COPIED,ml/data/candidates/phase11_reblocked/train/not_ewaste/Plastic_Waste__IMG_20250805_205339_jpg.rf.6712e9342819463227bee4d32c7c2e04.jpg,a9284b0ae34b862b8d205c44bb59d315a61dc6ed73d4c7fc0e4d7d075ebb9e7c
ml/data/candidates/reject_v2/validation/not_ewaste/Plastic_Waste__IMG_20250803_220950_jpg.rf.98d06b12b27d86cc0dbe24748a23b580.jpg,validation,not_ewaste,train,4b856756eaf2782b4ea3b2dc5771c5610990681439b6f4c5f12c9f73ba9a5f4e,COPIED,ml/data/candidates/phase11_reblocked/train/not_ewaste/Plastic_Waste__IMG_20250803_220950_jpg.rf.98d06b12b27d86cc0dbe24748a23b580.jpg,68a41dbfd19a9b97f86978104d90b484403d024b5ea3f2ae884c1350c3c742d6
ml/data/candidates/reject_v2/train/not_ewaste/Organic_Waste__IMG_20250822_142915_jpg.rf.300eda05297ffe34d407f43df90725d0.jpg,train,not_ewaste,train,59f05e25acea3822fccd23eb7bc27b50d7cb933a1837be81ef4bdfd1aabb92fc,COPIED,ml/data/candidates/phase11_reblocked/train/not_ewaste/Organic_Waste__IMG_20250822_142915_jpg.rf.300eda05297ffe34d407f43df90725d0.jpg,7241b2e55c325a4f6b2df9465505b7afbaaabce1f539ac5d6d3182e07a7fa0f1
ml/data/candidates/reject_v2/train/not_ewaste/Organic_Waste__IMG_20250822_142915_jpg.rf.3cb37e8e62f4a7ace4a5fbf9c5526e78.jpg,train,not_ewaste,train,59f05e25acea3822fccd23eb7bc27b50d7cb933a1837be81ef4bdfd1aabb92fc,COPIED,ml/data/candidates/phase11_reblocked/train/not_ewaste/Organic_Waste__IMG_20250822_142915_jpg.rf.3cb37e8e62f4a7ace4a5fbf9c5526e78.jpg,fb1f07731a76c03c12f5ababc965f5ec5f14078387c8a086f661b7b3b9313da5
ml/data/candidates/reject_v2/train/not_ewaste/Organic_Waste__IMG_20250822_142915_jpg.rf.8338049dac67f20c3b8aeda319734627.jpg,train,not_ewaste,train,59f05e25acea3822fccd23eb7bc27b50d7cb933a1837be81ef4bdfd1aabb92fc,COPIED,ml/data/candidates/phase11_reblocked/train/not_ewaste/Organic_Waste__IMG_20250822_142915_jpg.rf.8338049dac67f20c3b8aeda319734627.jpg,d6d38b566bca3912d472ee33bda16dceb0fffe8486ce576265bc5522ce210387
ml/data/candidates/reject_v2/validation/not_ewaste/Glass_Waste__IMG_20250805_204625_jpg.rf.ccd7fc89daab168afd611257e60f3434.jpg,validation,not_ewaste,train,3fc709a37558f67670eb21ac3e2e62a4942f5e6d1a9a5e652de427720b739cf0,COPIED,ml/data/candidates/phase11_reblocked/train/not_ewaste/Glass_Waste__IMG_20250805_204625_jpg.rf.ccd7fc89daab168afd611257e60f3434.jpg,c8e28d25c330439dfaa64411eb64913d27ccdb32fdec76cb993c122bb0486135
ml/data/candidates/reject_v2/train/not_ewaste/Plastic_Waste__IMG_20250805_205125_jpg.rf.9c86fe141bdde374eb32ae2b9590ad30.jpg,train,not_ewaste,train,8d6fb849743ba20c06b56e0ff33d47754828ef2bda84e26d652f7cd91df031ee,COPIED,ml/data/candidates/phase11_reblocked/train/not_ewaste/Plastic_Waste__IMG_20250805_205125_jpg.rf.9c86fe141bdde374eb32ae2b9590ad30.jpg,8440ba4a7cc695c65ee924b69c04a2a44b327181161a3ab7f21f6728d0422fa4
ml/data/candidates/reject_v2/train/not_ewaste/Plastic_Waste__IMG_20250805_205125_jpg.rf.e47a89addf29be847cf6858b27cd7617.jpg,train,not_ewaste,train,8d6fb849743ba20c06b56e0ff33d47754828ef2bda84e26d652f7cd91df031ee,COPIED,ml/data/candidates/phase11_reblocked/train/not_ewaste/Plastic_Waste__IMG_20250805_205125_jpg.rf.e47a89addf29be847cf6858b27cd7617.jpg,23e0346862c85c218384bc2e78df11d30ce2bc89dad50cff2e870b7896a2a682
ml/data/candidates/reject_v2/train/not_ewaste/Plastic_Waste__IMG_20250805_205125_jpg.rf.f34b5cf887927c527db163e3f3c16caa.jpg,train,not_ewaste,train,8d6fb849743ba20c06b56e0ff33d47754828ef2bda84e26d652f7cd91df031ee,COPIED,ml/data/candidates/phase11_reblocked/train/not_ewaste/Plastic_Waste__IMG_20250805_205125_jpg.rf.f34b5cf887927c527db163e3f3c16caa.jpg,23adde35bbf90aa36d21c2b8324db2e8429db9545d1d9ec331ba1ccccb223a37
ml/data/candidates/reject_v2/test/not_ewaste/Plastic_Waste__IMG_20250805_205124_1_jpg.rf.648255e5416d096ea002d22b3db3a443.jpg,test,not_ewaste,train,8d6fb849743ba20c06b56e0ff33d47754828ef2bda84e26d652f7cd91df031ee,COPIED,ml/data/candidates/phase11_reblocked/train/not_ewaste/Plastic_Waste__IMG_20250805_205124_1_jpg.rf.648255e5416d096ea002d22b3db3a443.jpg,fd38b5fc65dbf8dc408115c312949a1848b76857c9bc8d61f5c0a9a79d7db45e
ml/data/candidates/reject_v2/train/not_ewaste/Plastic_Waste__IMG_20250820_000347_1_jpg.rf.3b54f0f480220f77c136ffa0aafba5ca.jpg,train,not_ewaste,train,96de2c1b91b86f56f924d66e2a7cece5446137655af94efc890700778a45790c,COPIED,ml/data/candidates/phase11_reblocked/train/not_ewaste/Plastic_Waste__IMG_20250820_000347_1_jpg.rf.3b54f0f480220f77c136ffa0aafba5ca.jpg,f3e6f2e67fb6c6628543e52a7ef26dd2b96de29679862a22a49e5001daa1728d
ml/data/candidates/reject_v2/train/not_ewaste/Plastic_Waste__IMG_20250820_000347_1_jpg.rf.94489190eb1363224e88b2b0960f9117.jpg,train,not_ewaste,train,96de2c1b91b86f56f924d66e2a7cece5446137655af94efc890700778a45790c,COPIED,ml/data/candidates/phase11_reblocked/train/not_ewaste/Plastic_Waste__IMG_20250820_000347_1_jpg.rf.94489190eb1363224e88b2b0960f9117.jpg,364a052e3dcf0ad7d2ed1f4ac28ca4b312e277777dbc224bb5d7e44a4b71c852
ml/data/candidates/reject_v2/train/not_ewaste/Plastic_Waste__IMG_20250820_000347_1_jpg.rf.efd0660801665bea051d71cf4f5387ba.jpg,train,not_ewaste,train,96de2c1b91b86f56f924d66e2a7cece5446137655af94efc890700778a45790c,COPIED,ml/data/candidates/phase11_reblocked/train/not_ewaste/Plastic_Waste__IMG_20250820_000347_1_jpg.rf.efd0660801665bea051d71cf4f5387ba.jpg,559b351703a55bee64735d2287cd748e979bcd1289ce22d8d076b840fb8fee74
ml/data/candidates/reject_v2/validation/not_ewaste/Plastic_Waste__IMG_20250820_000345_jpg.rf.f5ce578c3eae046df54c887265f22e42.jpg,validation,not_ewaste,train,96de2c1b91b86f56f924d66e2a7cece5446137655af94efc890700778a45790c,COPIED,ml/data/candidates/phase11_reblocked/train/not_ewaste/Plastic_Waste__IMG_20250820_000345_jpg.rf.f5ce578c3eae046df54c887265f22e42.jpg,f23e5991c035b2910e48fda04d5bbcea1d025254b2915ca9696e44d56c5020d7
ml/data/candidates/reject_v2/test/not_ewaste/Plastic_Waste__IMG_20250820_000345_1_jpg.rf.8a56e4c81b502c74fced7db7285abde0.jpg,test,not_ewaste,train,96de2c1b91b86f56f924d66e2a7cece5446137655af94efc890700778a45790c,COPIED,ml/data/candidates/phase11_reblocked/train/not_ewaste/Plastic_Waste__IMG_20250820_000345_1_jpg.rf.8a56e4c81b502c74fced7db7285abde0.jpg,c404a8e8b325d406229fac0c51e33578c881f2a5bf4cb4e9b14bbabef12bec25
ml/data/candidates/reject_v2/test/not_ewaste/Plastic_Waste__IMG_20250820_000347_jpg.rf.b087947381255155846ccf96858177ef.jpg,test,not_ewaste,train,96de2c1b91b86f56f924d66e2a7cece5446137655af94efc890700778a45790c,COPIED,ml/data/candidates/phase11_reblocked/train/not_ewaste/Plastic_Waste__IMG_20250820_000347_jpg.rf.b087947381255155846ccf96858177ef.jpg,d3007933bfe802b956b72ebb9da0f63c74682a54d3bc5200ba700bc30a9cbc76
ml/data/candidates/reject_v2/train/not_ewaste/Organic_Waste__IMG_20250822_142930_jpg.rf.28b92a9f8d182d0b597d0e079a416cd9.jpg,train,not_ewaste,train,200e11d553c79bce1bd4f955171d1e5d6f7077278f37bfa92a7fac7ab3826278,COPIED,ml/data/candidates/phase11_reblocked/train/not_ewaste/Organic_Waste__IMG_20250822_142930_jpg.rf.28b92a9f8d182d0b597d0e079a416cd9.jpg,d216a969796803288ae3c45d5cfcc72645ecc85570894aa0d545fcaee095dc7e
ml/data/candidates/reject_v2/train/not_ewaste/Organic_Waste__IMG_20250822_142930_jpg.rf.4225f24807c138b0721fc430d206a99f.jpg,train,not_ewaste,train,200e11d553c79bce1bd4f955171d1e5d6f7077278f37bfa92a7fac7ab3826278,COPIED,ml/data/candidates/phase11_reblocked/train/not_ewaste/Organic_Waste__IMG_20250822_142930_jpg.rf.4225f24807c138b0721fc430d206a99f.jpg,e600a18342587cede027b50d50683752a8791642bc3a04152e3efec6a50c5d80
ml/data/candidates/reject_v2/train/not_ewaste/Organic_Waste__IMG_20250822_142930_jpg.rf.6bdca82244c7547ab4985a7a39afeeec.jpg,train,not_ewaste,train,200e11d553c79bce1bd4f955171d1e5d6f7077278f37bfa92a7fac7ab3826278,COPIED,ml/data/candidates/phase11_reblocked/train/not_ewaste/Organic_Waste__IMG_20250822_142930_jpg.rf.6bdca82244c7547ab4985a7a39afeeec.jpg,441ddb3bf4df21edf19d725a52f951eb8fc4ea74d92ef8da565b3e04a30f87fc
ml/data/candidates/reject_v2/train/not_ewaste/Organic_Waste__IMG_20250822_142931_jpg.rf.68824d2de793c8eb46fc649df9782fc2.jpg,train,not_ewaste,train,200e11d553c79bce1bd4f955171d1e5d6f7077278f37bfa92a7fac7ab3826278,COPIED,ml/data/candidates/phase11_reblocked/train/not_ewaste/Organic_Waste__IMG_20250822_142931_jpg.rf.68824d2de793c8eb46fc649df9782fc2.jpg,9d5030ebf2b16c027c8dae6a3a6f2c3dc7705eb4ad5b19f1f6a83040404e1fd9
ml/data/candidates/reject_v2/train/not_ewaste/Organic_Waste__IMG_20250822_142931_jpg.rf.c8b4f04792919b87e0c1d5622498581a.jpg,train,not_ewaste,train,200e11d553c79bce1bd4f955171d1e5d6f7077278f37bfa92a7fac7ab3826278,COPIED,ml/data/candidates/phase11_reblocked/train/not_ewaste/Organic_Waste__IMG_20250822_142931_jpg.rf.c8b4f04792919b87e0c1d5622498581a.jpg,4791a045bef26611ff52521f66a876b4a99563c35dedea3ded1f5659430c59cc
ml/data/candidates/reject_v2/train/not_ewaste/Organic_Waste__IMG_20250822_142931_jpg.rf.e285e9f075e1d6ebca459f89b757f496.jpg,train,not_ewaste,train,200e11d553c79bce1bd4f955171d1e5d6f7077278f37bfa92a7fac7ab3826278,COPIED,ml/data/candidates/phase11_reblocked/train/not_ewaste/Organic_Waste__IMG_20250822_142931_jpg.rf.e285e9f075e1d6ebca459f89b757f496.jpg,d8994030a3d0d853f8aeac84dc5acc7b4ce7d62e90b34af1879da4b95cb5526f
ml/data/candidates/reject_v2/train/not_ewaste/Organic_Waste__IMG_20250822_142932_jpg.rf.7051d595300b0be872275792ae9a3e6d.jpg,train,not_ewaste,train,200e11d553c79bce1bd4f955171d1e5d6f7077278f37bfa92a7fac7ab3826278,COPIED,ml/data/candidates/phase11_reblocked/train/not_ewaste/Organic_Waste__IMG_20250822_142932_jpg.rf.7051d595300b0be872275792ae9a3e6d.jpg,d0b6bad1dd176d3fcbc02d17071aa64a561ffcf3c117992bbac8c4536fa160c7
ml/data/candidates/reject_v2/train/not_ewaste/Organic_Waste__IMG_20250822_142932_jpg.rf.a69e5764ad6e9dfd7f7d87027f3eec45.jpg,train,not_ewaste,train,200e11d553c79bce1bd4f955171d1e5d6f7077278f37bfa92a7fac7ab3826278,COPIED,ml/data/candidates/phase11_reblocked/train/not_ewaste/Organic_Waste__IMG_20250822_142932_jpg.rf.a69e5764ad6e9dfd7f7d87027f3eec45.jpg,06444c30cf7ab92024bb6bd4f2e191014cdd09927b5152d00e5f2ae92232f837
ml/data/candidates/reject_v2/train/not_ewaste/Organic_Waste__IMG_20250822_142932_jpg.rf.f852d34591389ce4ae4ec56b5762762d.jpg,train,not_ewaste,train,200e11d553c79bce1bd4f955171d1e5d6f7077278f37bfa92a7fac7ab3826278,COPIED,ml/data/candidates/phase11_reblocked/train/not_ewaste/Organic_Waste__IMG_20250822_142932_jpg.rf.f852d34591389ce4ae4ec56b5762762d.jpg,16a0b728bc817d64c163ccf9685d3b75a67bb2522979267ec1c71b3d58b28afb
ml/data/candidates/reject_v2/train/not_ewaste/Organic_Waste__IMG_20250822_142933_jpg.rf.2f10d052a23b39c19662982592222ce9.jpg,train,not_ewaste,train,200e11d553c79bce1bd4f955171d1e5d6f7077278f37bfa92a7fac7ab3826278,COPIED,ml/data/candidates/phase11_reblocked/train/not_ewaste/Organic_Waste__IMG_20250822_142933_jpg.rf.2f10d052a23b39c19662982592222ce9.jpg,037b1ade87a0685835c4695def15d7e0ba4daccac14094a269407da86cca76f0
ml/data/candidates/reject_v2/train/not_ewaste/Organic_Waste__IMG_20250822_142933_jpg.rf.687f657c1c3d8126177ae6a35de7a274.jpg,train,not_ewaste,train,200e11d553c79bce1bd4f955171d1e5d6f7077278f37bfa92a7fac7ab3826278,COPIED,ml/data/candidates/phase11_reblocked/train/not_ewaste/Organic_Waste__IMG_20250822_142933_jpg.rf.687f657c1c3d8126177ae6a35de7a274.jpg,436fb6477f61bbdcc32c557308f6a1b6dd859d43e50c0210310d492cbeb03a21
ml/data/candidates/reject_v2/train/not_ewaste/Organic_Waste__IMG_20250822_142933_jpg.rf.e2fd52db4dc60af95ee321d560be8432.jpg,train,not_ewaste,train,200e11d553c79bce1bd4f955171d1e5d6f7077278f37bfa92a7fac7ab3826278,COPIED,ml/data/candidates/phase11_reblocked/train/not_ewaste/Organic_Waste__IMG_20250822_142933_jpg.rf.e2fd52db4dc60af95ee321d560be8432.jpg,7e2f2cefb19b5e7d88923ab9832739ca58a726a31ac46df42812ee31091c631f
ml/data/candidates/reject_v2/train/not_ewaste/Organic_Waste__IMG_20250822_142935_jpg.rf.49a4f87c58ae7f0213111c91df33ec1a.jpg,train,not_ewaste,train,200e11d553c79bce1bd4f955171d1e5d6f7077278f37bfa92a7fac7ab3826278,COPIED,ml/data/candidates/phase11_reblocked/train/not_ewaste/Organic_Waste__IMG_20250822_142935_jpg.rf.49a4f87c58ae7f0213111c91df33ec1a.jpg,709881ee862c8b6432ec21a55a825c36c58d4161fe7b012716730af4a7e88457
ml/data/candidates/reject_v2/train/not_ewaste/Organic_Waste__IMG_20250822_142935_jpg.rf.b8b0523c00885bfed574b94ddcd3cbec.jpg,train,not_ewaste,train,200e11d553c79bce1bd4f955171d1e5d6f7077278f37bfa92a7fac7ab3826278,COPIED,ml/data/candidates/phase11_reblocked/train/not_ewaste/Organic_Waste__IMG_20250822_142935_jpg.rf.b8b0523c00885bfed574b94ddcd3cbec.jpg,2ac341e29ba89c0dc0f07069e49f3c5b472d0727b045331a73efd9973fbf5b82
ml/data/candidates/reject_v2/train/not_ewaste/Organic_Waste__IMG_20250822_142935_jpg.rf.e343c0ee4f9b1edbc59e6c8a039a0983.jpg,train,not_ewaste,train,200e11d553c79bce1bd4f955171d1e5d6f7077278f37bfa92a7fac7ab3826278,COPIED,ml/data/candidates/phase11_reblocked/train/not_ewaste/Organic_Waste__IMG_20250822_142935_jpg.rf.e343c0ee4f9b1edbc59e6c8a039a0983.jpg,1a3021f1c5f83462980016865dd1bd34ac95f9e0f40a70994f161235f3d63a07
ml/data/candidates/reject_v2/train/not_ewaste/Organic_Waste__IMG_20250822_142936_jpg.rf.6798f6d3f06b9ad3fd7180a4c1e82193.jpg,train,not_ewaste,train,200e11d553c79bce1bd4f955171d1e5d6f7077278f37bfa92a7fac7ab3826278,COPIED,ml/data/candidates/phase11_reblocked/train/not_ewaste/Organic_Waste__IMG_20250822_142936_jpg.rf.6798f6d3f06b9ad3fd7180a4c1e82193.jpg,986c9f90a708698d77d0d1bd118db1deab0c039cba258151c3a44f4442b2be7a
ml/data/candidates/reject_v2/train/not_ewaste/Organic_Waste__IMG_20250822_142936_jpg.rf.8a8c8c4046759dad60cd12ac2e22cba6.jpg,train,not_ewaste,train,200e11d553c79bce1bd4f955171d1e5d6f7077278f37bfa92a7fac7ab3826278,COPIED,ml/data/candidates/phase11_reblocked/train/not_ewaste/Organic_Waste__IMG_20250822_142936_jpg.rf.8a8c8c4046759dad60cd12ac2e22cba6.jpg,85f0de98f15bb560b81dda6d17f60df2f0aecb3a617edd140aa309e65f101a98
ml/data/candidates/reject_v2/train/not_ewaste/Organic_Waste__IMG_20250822_142936_jpg.rf.a98db47748dfa37fc3dca377dbc096d3.jpg,train,not_ewaste,train,200e11d553c79bce1bd4f955171d1e5d6f7077278f37bfa92a7fac7ab3826278,COPIED,ml/data/candidates/phase11_reblocked/train/not_ewaste/Organic_Waste__IMG_20250822_142936_jpg.rf.a98db47748dfa37fc3dca377dbc096d3.jpg,a62dd44442c4ce4bd4e9973d7ec3717c0bca365a151395f34e408601ecd241e4
ml/data/candidates/reject_v2/train/not_ewaste/Organic_Waste__IMG_20250822_142940_jpg.rf.2829884a8f62e2151045f6b9afc0b8d3.jpg,train,not_ewaste,train,200e11d553c79bce1bd4f955171d1e5d6f7077278f37bfa92a7fac7ab3826278,COPIED,ml/data/candidates/phase11_reblocked/train/not_ewaste/Organic_Waste__IMG_20250822_142940_jpg.rf.2829884a8f62e2151045f6b9afc0b8d3.jpg,7459048a69ee0469bc6811b9a5c601de46b569b829f287b3af0d11779adc2c4c
ml/data/candidates/reject_v2/train/not_ewaste/Organic_Waste__IMG_20250822_142940_jpg.rf.72edae5e4edb5d00b24e039ba78f61d4.jpg,train,not_ewaste,train,200e11d553c79bce1bd4f955171d1e5d6f7077278f37bfa92a7fac7ab3826278,COPIED,ml/data/candidates/phase11_reblocked/train/not_ewaste/Organic_Waste__IMG_20250822_142940_jpg.rf.72edae5e4edb5d00b24e039ba78f61d4.jpg,803e5d298ba4376bf9ce5a0b6eddbe85e4cd0dd9b736a61c23be2092730a9b59
ml/data/candidates/reject_v2/train/not_ewaste/Organic_Waste__IMG_20250822_142940_jpg.rf.faca861d85ac02136246e1d7158443d3.jpg,train,not_ewaste,train,200e11d553c79bce1bd4f955171d1e5d6f7077278f37bfa92a7fac7ab3826278,COPIED,ml/data/candidates/phase11_reblocked/train/not_ewaste/Organic_Waste__IMG_20250822_142940_jpg.rf.faca861d85ac02136246e1d7158443d3.jpg,94d5eac0e6900db461e62d3fbc19034fc9401102e95082966611a34800d7ca79
ml/data/candidates/reject_v2/test/not_ewaste/Organic_Waste__IMG_20250822_142941_jpg.rf.75a55ee4e7ed7668f2f4c2f839be32c6.jpg,test,not_ewaste,train,200e11d553c79bce1bd4f955171d1e5d6f7077278f37bfa92a7fac7ab3826278,COPIED,ml/data/candidates/phase11_reblocked/train/not_ewaste/Organic_Waste__IMG_20250822_142941_jpg.rf.75a55ee4e7ed7668f2f4c2f839be32c6.jpg,960dbb9cded775dcfe4ef2d9da837d6afe6e8766395a013198c0240d86294def
ml/data/candidates/reject_v2/train/not_ewaste/Organic_Waste__IMG_20250822_142830_jpg.rf.292bce616efba766281639fc3f98fbe4.jpg,train,not_ewaste,train,9905d84d51d7cb0bb0da6d8847ca4c4f7dbc1b42c5bdfe34ae5734ebf8b00824,COPIED,ml/data/candidates/phase11_reblocked/train/not_ewaste/Organic_Waste__IMG_20250822_142830_jpg.rf.292bce616efba766281639fc3f98fbe4.jpg,dd5d5018034c633022f612d33ccff958cf2af0e78a741a7e80ac4c61125aee44
ml/data/candidates/reject_v2/train/not_ewaste/Organic_Waste__IMG_20250822_142830_jpg.rf.521dc58f97b8a3133228f0930c929631.jpg,train,not_ewaste,train,9905d84d51d7cb0bb0da6d8847ca4c4f7dbc1b42c5bdfe34ae5734ebf8b00824,COPIED,ml/data/candidates/phase11_reblocked/train/not_ewaste/Organic_Waste__IMG_20250822_142830_jpg.rf.521dc58f97b8a3133228f0930c929631.jpg,31ec424313a69659ffc0b84a651ac7ab10e439a31c7db3c403aa1cc92a79a04f
ml/data/candidates/reject_v2/train/not_ewaste/Organic_Waste__IMG_20250822_142830_jpg.rf.fbf9fe3c13b520f6d845c50d58f3e35d.jpg,train,not_ewaste,train,9905d84d51d7cb0bb0da6d8847ca4c4f7dbc1b42c5bdfe34ae5734ebf8b00824,COPIED,ml/data/candidates/phase11_reblocked/train/not_ewaste/Organic_Waste__IMG_20250822_142830_jpg.rf.fbf9fe3c13b520f6d845c50d58f3e35d.jpg,2c96ecbd02febb89eeee50983e4b40849a0512994c5124686083b43be7bec4f8
ml/data/candidates/reject_v2/train/not_ewaste/Plastic_Waste__IMG_20250822_142058_jpg.rf.0fbadf0e33eaa27b12e753db9c5f2e75.jpg,train,not_ewaste,train,087e6e0520f60a4b4d2979584392a1ead641b61d48fca65cb593b6a17b8f1b59,COPIED,ml/data/candidates/phase11_reblocked/train/not_ewaste/Plastic_Waste__IMG_20250822_142058_jpg.rf.0fbadf0e33eaa27b12e753db9c5f2e75.jpg,97069a89e6d65f2316bd75b60c3750cfa0744f42a2c442278545e7bc7fd49fa5
ml/data/candidates/reject_v2/train/not_ewaste/Plastic_Waste__IMG_20250822_142058_jpg.rf.124e1956af23c214c1951a0481677966.jpg,train,not_ewaste,train,087e6e0520f60a4b4d2979584392a1ead641b61d48fca65cb593b6a17b8f1b59,COPIED,ml/data/candidates/phase11_reblocked/train/not_ewaste/Plastic_Waste__IMG_20250822_142058_jpg.rf.124e1956af23c214c1951a0481677966.jpg,3c954f91989ddd152109cd95e642d4fe775bc7b4b8550807ee0bda555d32ca8e
ml/data/candidates/reject_v2/train/not_ewaste/Plastic_Waste__IMG_20250822_142058_jpg.rf.b2001b6810c7a8606bd3291d48bc9f07.jpg,train,not_ewaste,train,087e6e0520f60a4b4d2979584392a1ead641b61d48fca65cb593b6a17b8f1b59,COPIED,ml/data/candidates/phase11_reblocked/train/not_ewaste/Plastic_Waste__IMG_20250822_142058_jpg.rf.b2001b6810c7a8606bd3291d48bc9f07.jpg,cc3a5b28ff1a35710a1678ea3787dc371b7b381046cfe1d16f285d611eea00e8
ml/data/candidates/reject_v2/train/not_ewaste/Glass_Waste__IMG_20250805_204624_jpg.rf.3e89ed15b0d9a009e9df3621fedf1fc3.jpg,train,not_ewaste,train,63ce3388639fdb17b72f6273073e063fec2d51c8b3c557d53100717d921ebf03,COPIED,ml/data/candidates/phase11_reblocked/train/not_ewaste/Glass_Waste__IMG_20250805_204624_jpg.rf.3e89ed15b0d9a009e9df3621fedf1fc3.jpg,89529a73a268702234f104bfa6717f3ea1be3a24516c6740c0aa49ebfe1ce715
ml/data/candidates/reject_v2/train/not_ewaste/Glass_Waste__IMG_20250805_204624_jpg.rf.b7dc7fb6761992e61b767a05d4d5e943.jpg,train,not_ewaste,train,63ce3388639fdb17b72f6273073e063fec2d51c8b3c557d53100717d921ebf03,COPIED,ml/data/candidates/phase11_reblocked/train/not_ewaste/Glass_Waste__IMG_20250805_204624_jpg.rf.b7dc7fb6761992e61b767a05d4d5e943.jpg,baff3df29a46650077e894428ebfad9c3bfd67048481a7e39d68a4e692323138
ml/data/candidates/reject_v2/train/not_ewaste/Glass_Waste__IMG_20250805_204624_jpg.rf.cd82f799c7a45719813497aa0888cf07.jpg,train,not_ewaste,train,63ce3388639fdb17b72f6273073e063fec2d51c8b3c557d53100717d921ebf03,COPIED,ml/data/candidates/phase11_reblocked/train/not_ewaste/Glass_Waste__IMG_20250805_204624_jpg.rf.cd82f799c7a45719813497aa0888cf07.jpg,4fc4ae35685cb1fce4242a96cb3e782f349ef5eee6dc2aa33adaffe412b0a03e
ml/data/candidates/reject_v2/validation/not_ewaste/Paper_Waste__IMG_20250805_204356_jpg.rf.00a062060a5a4d6e494a1ac9a55daefc.jpg,validation,not_ewaste,train,1d0df54586664fe12c0b04fedabd91943f72650754e5188a2bc283242356b703,COPIED,ml/data/candidates/phase11_reblocked/train/not_ewaste/Paper_Waste__IMG_20250805_204356_jpg.rf.00a062060a5a4d6e494a1ac9a55daefc.jpg,3423c03297b979a2429c5b19668b9737999e623fb090b647e8348e5275055bab
ml/data/candidates/reject_v2/validation/not_ewaste/Paper_Waste__IMG_20250822_140541_jpg.rf.a8e4182a5555f7534f1c1b8cedc611d2.jpg,validation,not_ewaste,train,7361c054d2185b823bd230cd07094b127e86601124def1f9449abfe617180405,COPIED,ml/data/candidates/phase11_reblocked/train/not_ewaste/Paper_Waste__IMG_20250822_140541_jpg.rf.a8e4182a5555f7534f1c1b8cedc611d2.jpg,0bdaae3f8eeadf00e757efa3482b58af54f09a1435d6cab70ce20a85fc93703a
ml/data/candidates/reject_v2/validation/not_ewaste/Paper_Waste__IMG_20250822_140542_jpg.rf.1e3b8260fa03431f2c0a20a56bbdc207.jpg,validation,not_ewaste,train,7361c054d2185b823bd230cd07094b127e86601124def1f9449abfe617180405,COPIED,ml/data/candidates/phase11_reblocked/train/not_ewaste/Paper_Waste__IMG_20250822_140542_jpg.rf.1e3b8260fa03431f2c0a20a56bbdc207.jpg,90cbbe07e5969b5bceaf96e293ca15dfbbc6d69829b80d109a22fa9d96f11005
ml/data/candidates/reject_v2/test/not_ewaste/Paper_Waste__IMG_20250822_140544_jpg.rf.e28c16fcab9ebedbb7287210430f0c0e.jpg,test,not_ewaste,train,7361c054d2185b823bd230cd07094b127e86601124def1f9449abfe617180405,COPIED,ml/data/candidates/phase11_reblocked/train/not_ewaste/Paper_Waste__IMG_20250822_140544_jpg.rf.e28c16fcab9ebedbb7287210430f0c0e.jpg,43f65ba31ee299af930acbaf6eddddd5f175b414c1fdb1839c892f9eafb34698
ml/data/candidates/reject_v2/train/not_ewaste/Paper_Waste__IMG_20250822_140645_jpg.rf.4a12271e029747006cd87406b2cf5b30.jpg,train,not_ewaste,train,0f67ca0df51092c9bead41d869afb45a9f21ec156347165e33497bd5986fa759,COPIED,ml/data/candidates/phase11_reblocked/train/not_ewaste/Paper_Waste__IMG_20250822_140645_jpg.rf.4a12271e029747006cd87406b2cf5b30.jpg,c131f32814147165ed3336cdb7d71763f6aec525926a6067f0f9957dd1a987c9
ml/data/candidates/reject_v2/train/not_ewaste/Paper_Waste__IMG_20250822_140645_jpg.rf.9b09187f3c9827ab23ec95fc40e187fd.jpg,train,not_ewaste,train,0f67ca0df51092c9bead41d869afb45a9f21ec156347165e33497bd5986fa759,COPIED,ml/data/candidates/phase11_reblocked/train/not_ewaste/Paper_Waste__IMG_20250822_140645_jpg.rf.9b09187f3c9827ab23ec95fc40e187fd.jpg,fae20e4eec5ed1a039744e86d0a90c50b1402924bb4d3d8a36a409e5584e9977
ml/data/candidates/reject_v2/train/not_ewaste/Paper_Waste__IMG_20250822_140645_jpg.rf.f7f8cf4052386b3b58c55fb96e2f222b.jpg,train,not_ewaste,train,0f67ca0df51092c9bead41d869afb45a9f21ec156347165e33497bd5986fa759,COPIED,ml/data/candidates/phase11_reblocked/train/not_ewaste/Paper_Waste__IMG_20250822_140645_jpg.rf.f7f8cf4052386b3b58c55fb96e2f222b.jpg,346daa9ed486970ff2af42de78d6b5a783aff43c5794228ad8106a4c850d5633
ml/data/candidates/reject_v2/train/not_ewaste/Paper_Waste__IMG_20250822_140837_jpg.rf.8df9acb328b0458bd4f7fa32cf155c3d.jpg,train,not_ewaste,train,878c4c48d0e4852b7c3faba19a7097a221e9e841a59cbc6386d6725709251aed,COPIED,ml/data/candidates/phase11_reblocked/train/not_ewaste/Paper_Waste__IMG_20250822_140837_jpg.rf.8df9acb328b0458bd4f7fa32cf155c3d.jpg,97f91c09a4fc15747227f6a24934d690e0641707e44d6021c0301a424c41e2f1
ml/data/candidates/reject_v2/train/not_ewaste/Paper_Waste__IMG_20250822_140837_jpg.rf.a5df1ace9dc9d7935ee98c535e612974.jpg,train,not_ewaste,train,878c4c48d0e4852b7c3faba19a7097a221e9e841a59cbc6386d6725709251aed,COPIED,ml/data/candidates/phase11_reblocked/train/not_ewaste/Paper_Waste__IMG_20250822_140837_jpg.rf.a5df1ace9dc9d7935ee98c535e612974.jpg,c028c5dc75ae6aa92f1763e4f63a6fcab6cc033ecdd7b4f56da7e2b1f0d7e352
ml/data/candidates/reject_v2/train/not_ewaste/Paper_Waste__IMG_20250822_140837_jpg.rf.a6b9149efa2a5db8f22966e5480b02a2.jpg,train,not_ewaste,train,878c4c48d0e4852b7c3faba19a7097a221e9e841a59cbc6386d6725709251aed,COPIED,ml/data/candidates/phase11_reblocked/train/not_ewaste/Paper_Waste__IMG_20250822_140837_jpg.rf.a6b9149efa2a5db8f22966e5480b02a2.jpg,9da32e92933ca5df741748a04cd37652f9e1a29820e44879d444ac077c847865
ml/data/candidates/reject_v2/validation/not_ewaste/Paper_Waste__IMG_20250822_140835_jpg.rf.0ee465b61929f73d654324d4c2fd96ff.jpg,validation,not_ewaste,train,878c4c48d0e4852b7c3faba19a7097a221e9e841a59cbc6386d6725709251aed,COPIED,ml/data/candidates/phase11_reblocked/train/not_ewaste/Paper_Waste__IMG_20250822_140835_jpg.rf.0ee465b61929f73d654324d4c2fd96ff.jpg,280e3dae2a866d8634b1ca740ec70f1be6b3add0f6bd344f9b00f4694b3dd308
ml/data/candidates/reject_v2/test/not_ewaste/Plastic_Waste__IMG_20250805_205037_jpg.rf.1c1059c0c28cf1605f3d3df1a724ba2e.jpg,test,not_ewaste,train,e71c12d33770d5ce9c2b7eb603133c7acde7bac0d482442b0484e0f885ba74e5,COPIED,ml/data/candidates/phase11_reblocked/train/not_ewaste/Plastic_Waste__IMG_20250805_205037_jpg.rf.1c1059c0c28cf1605f3d3df1a724ba2e.jpg,09e98717f2e05e0c7980b9d23752f6b4e5bea0e1b97a42b89b551c86380471ee
ml/data/candidates/reject_v2/train/not_ewaste/Organic_Waste__IMG_20250822_142929_jpg.rf.248266266cb1b934fe54c155b2394b94.jpg,train,not_ewaste,train,27b464a6ae7e1ee2f66df8472009e526a85a6d5761407971e4dda1e5d017a2c1,COPIED,ml/data/candidates/phase11_reblocked/train/not_ewaste/Organic_Waste__IMG_20250822_142929_jpg.rf.248266266cb1b934fe54c155b2394b94.jpg,406ff75fc0aa73154476d8768b11c0f36fbd5c86988a92a07a0d878234b7af17
ml/data/candidates/reject_v2/train/not_ewaste/Organic_Waste__IMG_20250822_142929_jpg.rf.68bdf0b170b59bc073472566b16b680a.jpg,train,not_ewaste,train,27b464a6ae7e1ee2f66df8472009e526a85a6d5761407971e4dda1e5d017a2c1,COPIED,ml/data/candidates/phase11_reblocked/train/not_ewaste/Organic_Waste__IMG_20250822_142929_jpg.rf.68bdf0b170b59bc073472566b16b680a.jpg,ccce4e6b27c16a4ffafaf57bacfa9aaf8cc89e75d1b1bc27a60ec6b3839b33f2
ml/data/candidates/reject_v2/train/not_ewaste/Organic_Waste__IMG_20250822_142929_jpg.rf.91112941d6ac78243172a2d5447c7846.jpg,train,not_ewaste,train,27b464a6ae7e1ee2f66df8472009e526a85a6d5761407971e4dda1e5d017a2c1,COPIED,ml/data/candidates/phase11_reblocked/train/not_ewaste/Organic_Waste__IMG_20250822_142929_jpg.rf.91112941d6ac78243172a2d5447c7846.jpg,e361ce9fa5704f25dc7218ea3acfe78a48363d1f3a483b01fa3fe727d7629ff5
ml/data/candidates/reject_v2/test/not_ewaste/Paper_Waste__IMG_20250805_204033_jpg.rf.03f7bbc7c8e1d021ef9e8aad4f0ef1c8.jpg,test,not_ewaste,train,1abb70a98dd0393c77c0f5d4a45e3d053f6dab6066a2f7df7a4062838dfe7ae5,COPIED,ml/data/candidates/phase11_reblocked/train/not_ewaste/Paper_Waste__IMG_20250805_204033_jpg.rf.03f7bbc7c8e1d021ef9e8aad4f0ef1c8.jpg,bf5eb178fab174b33af85858e19dc00ae686ae087994b9d6f89547ab063c9447
ml/data/candidates/reject_v2/train/not_ewaste/Paper_Waste__IMG_20250805_205256_jpg.rf.0a7d298633b622f2685437abe3252894.jpg,train,not_ewaste,train,c18af68de44e8b12a5878840e236531a5978a2e0c0656c515d455df9dab4ad95,COPIED,ml/data/candidates/phase11_reblocked/train/not_ewaste/Paper_Waste__IMG_20250805_205256_jpg.rf.0a7d298633b622f2685437abe3252894.jpg,f97240aab5647dc7ee776c2735c8c4fe7a087357836586b87a37b0fdf14a301c
ml/data/candidates/reject_v2/train/not_ewaste/Paper_Waste__IMG_20250805_205256_jpg.rf.2c0356bb9a44145c5c4680e94fea7799.jpg,train,not_ewaste,train,c18af68de44e8b12a5878840e236531a5978a2e0c0656c515d455df9dab4ad95,COPIED,ml/data/candidates/phase11_reblocked/train/not_ewaste/Paper_Waste__IMG_20250805_205256_jpg.rf.2c0356bb9a44145c5c4680e94fea7799.jpg,a4930c12610711239425c975b320537d7ecac32425d69726279ed22633d85a75
ml/data/candidates/reject_v2/train/not_ewaste/Paper_Waste__IMG_20250805_205256_jpg.rf.9ba84e73b70e355772bde93c4fc1a1f8.jpg,train,not_ewaste,train,c18af68de44e8b12a5878840e236531a5978a2e0c0656c515d455df9dab4ad95,COPIED,ml/data/candidates/phase11_reblocked/train/not_ewaste/Paper_Waste__IMG_20250805_205256_jpg.rf.9ba84e73b70e355772bde93c4fc1a1f8.jpg,58001e16c22a8033340661b1a7fe3b3ef247e243ff4d8ee08fff61099eddaa5d
ml/data/candidates/reject_v2/train/not_ewaste/Paper_Waste__IMG_20250822_142306_jpg.rf.184e7ae16a98ed6c3cab1315b0b102d5.jpg,train,not_ewaste,train,86395ea442e3d84ddc8ae52b4580409e786dd9b9f0186b1107b7e78167b5575d,COPIED,ml/data/candidates/phase11_reblocked/train/not_ewaste/Paper_Waste__IMG_20250822_142306_jpg.rf.184e7ae16a98ed6c3cab1315b0b102d5.jpg,302b7dc82da5421446668febab09cfa3e779f0e5437ae82585cce873dad4e58a
ml/data/candidates/reject_v2/train/not_ewaste/Paper_Waste__IMG_20250822_142306_jpg.rf.81c2bf1d9a808fcf6e0bb3d94b7ad5f0.jpg,train,not_ewaste,train,86395ea442e3d84ddc8ae52b4580409e786dd9b9f0186b1107b7e78167b5575d,COPIED,ml/data/candidates/phase11_reblocked/train/not_ewaste/Paper_Waste__IMG_20250822_142306_jpg.rf.81c2bf1d9a808fcf6e0bb3d94b7ad5f0.jpg,bff0a101f18835f81e5c4171af22be8da224273ffcb87c1ef62641decef256d7
ml/data/candidates/reject_v2/train/not_ewaste/Paper_Waste__IMG_20250822_142306_jpg.rf.84de740bc4a5b5c2ba3239ed332b1d3d.jpg,train,not_ewaste,train,86395ea442e3d84ddc8ae52b4580409e786dd9b9f0186b1107b7e78167b5575d,COPIED,ml/data/candidates/phase11_reblocked/train/not_ewaste/Paper_Waste__IMG_20250822_142306_jpg.rf.84de740bc4a5b5c2ba3239ed332b1d3d.jpg,6d82b9864174db0df14e2d37b22c50b8b363e0d2b159c7542aaa4f765bc55f93
ml/data/candidates/reject_v2/train/not_ewaste/Plastic_Waste__IMG_20250805_204427_jpg.rf.3e3dfa132e7aeb8375be3686b23cc7d4.jpg,train,not_ewaste,train,e3acbc4c7b66d69b86773d69f7a4562f1c42560a0dfdba701b350fc7d21b756c,COPIED,ml/data/candidates/phase11_reblocked/train/not_ewaste/Plastic_Waste__IMG_20250805_204427_jpg.rf.3e3dfa132e7aeb8375be3686b23cc7d4.jpg,5b221c7980cdaeeffc6bd1a3d0af512e94fe8eebf576b972e938b7968dfd4529
ml/data/candidates/reject_v2/train/not_ewaste/Plastic_Waste__IMG_20250805_204427_jpg.rf.44d416a4e07cfdd3a95570b6f34b1567.jpg,train,not_ewaste,train,e3acbc4c7b66d69b86773d69f7a4562f1c42560a0dfdba701b350fc7d21b756c,COPIED,ml/data/candidates/phase11_reblocked/train/not_ewaste/Plastic_Waste__IMG_20250805_204427_jpg.rf.44d416a4e07cfdd3a95570b6f34b1567.jpg,2ee87e906e954bdb5ad98c61c148b0ade17486eda78b8b11f866d437ac89e1c2
ml/data/candidates/reject_v2/train/not_ewaste/Plastic_Waste__IMG_20250805_204427_jpg.rf.a06f359f07d041d534e28ebda41e5ab3.jpg,train,not_ewaste,train,e3acbc4c7b66d69b86773d69f7a4562f1c42560a0dfdba701b350fc7d21b756c,COPIED,ml/data/candidates/phase11_reblocked/train/not_ewaste/Plastic_Waste__IMG_20250805_204427_jpg.rf.a06f359f07d041d534e28ebda41e5ab3.jpg,6144bb22201d0d65db6d0a15bde6ec0493a605d7f9b4aa82f25285ddb7d0a52b
ml/data/candidates/reject_v2/train/not_ewaste/Paper_Waste__IMG_20250822_140910_jpg.rf.434e39b5ec6e105fb7fe6c860801f285.jpg,train,not_ewaste,train,2a11d52d7cfe5bfba1ab931c781743a42233d6a45fee0664468f587842048cdb,COPIED,ml/data/candidates/phase11_reblocked/train/not_ewaste/Paper_Waste__IMG_20250822_140910_jpg.rf.434e39b5ec6e105fb7fe6c860801f285.jpg,e5368042f10e17c2f9343de6c86aaa640308c1c703f1d2e7c2485ea5f6408cbb
ml/data/candidates/reject_v2/train/not_ewaste/Paper_Waste__IMG_20250822_140910_jpg.rf.445d6ffc961026cbcbd620777a710209.jpg,train,not_ewaste,train,2a11d52d7cfe5bfba1ab931c781743a42233d6a45fee0664468f587842048cdb,COPIED,ml/data/candidates/phase11_reblocked/train/not_ewaste/Paper_Waste__IMG_20250822_140910_jpg.rf.445d6ffc961026cbcbd620777a710209.jpg,c93c82541173ffdfa931af5d5ddf8a97a1014c5bbeeb003811f61aef2e6ae896
ml/data/candidates/reject_v2/train/not_ewaste/Paper_Waste__IMG_20250822_140910_jpg.rf.956d88fb4a1e54e56d9ed126f5d5debd.jpg,train,not_ewaste,train,2a11d52d7cfe5bfba1ab931c781743a42233d6a45fee0664468f587842048cdb,COPIED,ml/data/candidates/phase11_reblocked/train/not_ewaste/Paper_Waste__IMG_20250822_140910_jpg.rf.956d88fb4a1e54e56d9ed126f5d5debd.jpg,324bff12a7cb80d3aa1cf2d340f1182dcc6b5a98ac3bfea6e7c1f6329bcc09ba
ml/data/candidates/reject_v2/train/not_ewaste/Organic_Waste__IMG_20250822_142805_jpg.rf.34124dfde31b19616ea25d25ba4719dd.jpg,train,not_ewaste,train,bce354c64c858a86f582d92a5c3b4bd19511b6370e9d5326a6e68ee233be52a5,COPIED,ml/data/candidates/phase11_reblocked/train/not_ewaste/Organic_Waste__IMG_20250822_142805_jpg.rf.34124dfde31b19616ea25d25ba4719dd.jpg,61c52d71d51375de97ba7a49438f567ca7c38d8a5c5e9d0166d9d1d108ee19a2
ml/data/candidates/reject_v2/train/not_ewaste/Organic_Waste__IMG_20250822_142805_jpg.rf.99d870813930681d1418314c6cf72e90.jpg,train,not_ewaste,train,bce354c64c858a86f582d92a5c3b4bd19511b6370e9d5326a6e68ee233be52a5,COPIED,ml/data/candidates/phase11_reblocked/train/not_ewaste/Organic_Waste__IMG_20250822_142805_jpg.rf.99d870813930681d1418314c6cf72e90.jpg,10ff4da544bd5aed42b72ecd50f2f35573aa25536e136620df8e0d3f3fc6520a
ml/data/candidates/reject_v2/train/not_ewaste/Organic_Waste__IMG_20250822_142805_jpg.rf.cd8e813a3a07bfbb17f06bf375859060.jpg,train,not_ewaste,train,bce354c64c858a86f582d92a5c3b4bd19511b6370e9d5326a6e68ee233be52a5,COPIED,ml/data/candidates/phase11_reblocked/train/not_ewaste/Organic_Waste__IMG_20250822_142805_jpg.rf.cd8e813a3a07bfbb17f06bf375859060.jpg,2505afe0d21dbc93aa6400dcc88fb80a318181b39fe4bc70f5137fee7eeaaf17
ml/data/candidates/reject_v2/validation/not_ewaste/Organic_Waste__IMG_20250822_142804_jpg.rf.fb06cbf7b84f3dd5dc33eaf41b62a3ae.jpg,validation,not_ewaste,train,bce354c64c858a86f582d92a5c3b4bd19511b6370e9d5326a6e68ee233be52a5,COPIED,ml/data/candidates/phase11_reblocked/train/not_ewaste/Organic_Waste__IMG_20250822_142804_jpg.rf.fb06cbf7b84f3dd5dc33eaf41b62a3ae.jpg,e8585683f22b4d7b09a59a763fda157f39eba386d230a07f62be3a4cc0ef515e
ml/data/candidates/reject_v2/validation/not_ewaste/Plastic_Waste__IMG_20250805_205007_jpg.rf.96784642454cc10f830f6fc27333b628.jpg,validation,not_ewaste,train,9cd4913d42f02bf13e38c9e712e81a22d32abcdde4ed36b67f2b44269b341b54,COPIED,ml/data/candidates/phase11_reblocked/train/not_ewaste/Plastic_Waste__IMG_20250805_205007_jpg.rf.96784642454cc10f830f6fc27333b628.jpg,26c59183a6d25caeffcd0f19c4f8c49d68a5abf8289633cf4f3926c0a04597ed
ml/data/candidates/reject_v2/test/not_ewaste/Plastic_Waste__IMG_20250820_000346_1_jpg.rf.475e7b00206377bd35fedd8ccddd6513.jpg,test,not_ewaste,train,ca281ea68a272d40b8a8f51884a7d1a6ab2e8e19e65e8a3d2ab81cfe0a634c36,COPIED,ml/data/candidates/phase11_reblocked/train/not_ewaste/Plastic_Waste__IMG_20250820_000346_1_jpg.rf.475e7b00206377bd35fedd8ccddd6513.jpg,7af15a2b16338c02ba391eaf88c6061aa1e689ed657a644d8d80966756f9c055
ml/data/candidates/reject_v2/test/not_ewaste/Plastic_Waste__IMG_20250820_000346_jpg.rf.c6106872da4fd5008ba31e9dbb78a6a5.jpg,test,not_ewaste,train,ca281ea68a272d40b8a8f51884a7d1a6ab2e8e19e65e8a3d2ab81cfe0a634c36,COPIED,ml/data/candidates/phase11_reblocked/train/not_ewaste/Plastic_Waste__IMG_20250820_000346_jpg.rf.c6106872da4fd5008ba31e9dbb78a6a5.jpg,f384f0eb86f8e90602eb9c9241165d3fe5dcff63f397230f71ad09168a8f94b0
ml/data/candidates/reject_v2/train/not_ewaste/Paper_Waste__IMG_20250822_140757_jpg.rf.0e8687ed865dfb577a503d05f5a94895.jpg,train,not_ewaste,train,d7a7fd4bb2b6aba6100853b74b75f0a296ae3509bc6fa861d3cb8413b2a5b73d,COPIED,ml/data/candidates/phase11_reblocked/train/not_ewaste/Paper_Waste__IMG_20250822_140757_jpg.rf.0e8687ed865dfb577a503d05f5a94895.jpg,30579b6c1befa97d07c2718a6cbb2affb910f540806240045b9222677be6f63e
ml/data/candidates/reject_v2/train/not_ewaste/Paper_Waste__IMG_20250822_140757_jpg.rf.f7809cbba6f1a78a7c0d3d1c87b4aa33.jpg,train,not_ewaste,train,d7a7fd4bb2b6aba6100853b74b75f0a296ae3509bc6fa861d3cb8413b2a5b73d,COPIED,ml/data/candidates/phase11_reblocked/train/not_ewaste/Paper_Waste__IMG_20250822_140757_jpg.rf.f7809cbba6f1a78a7c0d3d1c87b4aa33.jpg,7895908182fda5ff70d4ac65eb27f03777d9088913fb872cfde2ad7eabbb232d
ml/data/candidates/reject_v2/train/not_ewaste/Paper_Waste__IMG_20250822_140757_jpg.rf.fa6f1d151a59757298e40c555f440c81.jpg,train,not_ewaste,train,d7a7fd4bb2b6aba6100853b74b75f0a296ae3509bc6fa861d3cb8413b2a5b73d,COPIED,ml/data/candidates/phase11_reblocked/train/not_ewaste/Paper_Waste__IMG_20250822_140757_jpg.rf.fa6f1d151a59757298e40c555f440c81.jpg,89284c6fe5cf6266893e394e79e3157f657fa2e02290126a1008c3def797cd34
ml/data/candidates/reject_v2/train/not_ewaste/Paper_Waste__IMG_20250822_140758_jpg.rf.362183c2d74f8cdaedc7aeb6958d0940.jpg,train,not_ewaste,train,d7a7fd4bb2b6aba6100853b74b75f0a296ae3509bc6fa861d3cb8413b2a5b73d,COPIED,ml/data/candidates/phase11_reblocked/train/not_ewaste/Paper_Waste__IMG_20250822_140758_jpg.rf.362183c2d74f8cdaedc7aeb6958d0940.jpg,4ce864036b883440260a97c4ad29ce67066211af6cc244ca85524a2b5f7047c6
ml/data/candidates/reject_v2/train/not_ewaste/Paper_Waste__IMG_20250822_140758_jpg.rf.8725f14a7992ac8984dde68c2068ba5a.jpg,train,not_ewaste,train,d7a7fd4bb2b6aba6100853b74b75f0a296ae3509bc6fa861d3cb8413b2a5b73d,COPIED,ml/data/candidates/phase11_reblocked/train/not_ewaste/Paper_Waste__IMG_20250822_140758_jpg.rf.8725f14a7992ac8984dde68c2068ba5a.jpg,277467523f19fe25f413c4ce9eb8b9fee1bee0de49e8f1dc86c4470f45182e59
ml/data/candidates/reject_v2/train/not_ewaste/Paper_Waste__IMG_20250822_140758_jpg.rf.db9b87e0dd5e8af5afe557761680e1f1.jpg,train,not_ewaste,train,d7a7fd4bb2b6aba6100853b74b75f0a296ae3509bc6fa861d3cb8413b2a5b73d,COPIED,ml/data/candidates/phase11_reblocked/train/not_ewaste/Paper_Waste__IMG_20250822_140758_jpg.rf.db9b87e0dd5e8af5afe557761680e1f1.jpg,701df748b4d5191b4100dfbad73c1b6439620a8360d2abb42f90954fda95492d
ml/data/candidates/reject_v2/train/not_ewaste/Plastic_Waste__IMG_20250820_000313_jpg.rf.042c90369793ccb8f96a6115045df5dd.jpg,train,not_ewaste,train,6d4e9741c063e78f51a9b1f0c36a378bba09ff088f7b5d825498d5c724ba17ce,COPIED,ml/data/candidates/phase11_reblocked/train/not_ewaste/Plastic_Waste__IMG_20250820_000313_jpg.rf.042c90369793ccb8f96a6115045df5dd.jpg,6a46146d648fea2a435bf41c03821b556cd906f29b2e4df6034f8a23ee07eb98
ml/data/candidates/reject_v2/train/not_ewaste/Plastic_Waste__IMG_20250820_000313_jpg.rf.90f8514d86ea7c191f26ebebb000e75e.jpg,train,not_ewaste,train,6d4e9741c063e78f51a9b1f0c36a378bba09ff088f7b5d825498d5c724ba17ce,COPIED,ml/data/candidates/phase11_reblocked/train/not_ewaste/Plastic_Waste__IMG_20250820_000313_jpg.rf.90f8514d86ea7c191f26ebebb000e75e.jpg,66b5639f7a6dd1bf4059923ab1f3919c61b32dd06bad2fa7d59be1a449a5c10e
ml/data/candidates/reject_v2/train/not_ewaste/Plastic_Waste__IMG_20250820_000313_jpg.rf.d17bfbcdcd7138b5572ac00c550b5d22.jpg,train,not_ewaste,train,6d4e9741c063e78f51a9b1f0c36a378bba09ff088f7b5d825498d5c724ba17ce,COPIED,ml/data/candidates/phase11_reblocked/train/not_ewaste/Plastic_Waste__IMG_20250820_000313_jpg.rf.d17bfbcdcd7138b5572ac00c550b5d22.jpg,34688b9d122e2a96a81b0fea2f1defd681d38671808ad302a50ffb9dcff45b89
ml/data/candidates/reject_v2/train/not_ewaste/Plastic_Waste__IMG_20250820_000314_jpg.rf.28173877bb675ddab162f5d1f1749411.jpg,train,not_ewaste,train,6d4e9741c063e78f51a9b1f0c36a378bba09ff088f7b5d825498d5c724ba17ce,COPIED,ml/data/candidates/phase11_reblocked/train/not_ewaste/Plastic_Waste__IMG_20250820_000314_jpg.rf.28173877bb675ddab162f5d1f1749411.jpg,b86e61e9026948cc7dff5875ca0b7026c8fedb34d95110bb04bdb88735aba0a9
ml/data/candidates/reject_v2/train/not_ewaste/Plastic_Waste__IMG_20250820_000314_jpg.rf.300267c36c643a8cce30f25e35cad777.jpg,train,not_ewaste,train,6d4e9741c063e78f51a9b1f0c36a378bba09ff088f7b5d825498d5c724ba17ce,COPIED,ml/data/candidates/phase11_reblocked/train/not_ewaste/Plastic_Waste__IMG_20250820_000314_jpg.rf.300267c36c643a8cce30f25e35cad777.jpg,3388b987bcf838c96225ec18bbc3d9db7eb62d80678b18c10d662ad2a1829d90
ml/data/candidates/reject_v2/train/not_ewaste/Plastic_Waste__IMG_20250820_000314_jpg.rf.8a268f105867fc687ee5d5b228cab616.jpg,train,not_ewaste,train,6d4e9741c063e78f51a9b1f0c36a378bba09ff088f7b5d825498d5c724ba17ce,COPIED,ml/data/candidates/phase11_reblocked/train/not_ewaste/Plastic_Waste__IMG_20250820_000314_jpg.rf.8a268f105867fc687ee5d5b228cab616.jpg,95eed54c4df99e2f422ff10416516912f174db27f589b551bb8ed2db57c20ae3
ml/data/candidates/reject_v2/train/not_ewaste/Plastic_Waste__IMG_20250820_000317_jpg.rf.442af243b247e7f005b5f475364293fa.jpg,train,not_ewaste,train,6d4e9741c063e78f51a9b1f0c36a378bba09ff088f7b5d825498d5c724ba17ce,COPIED,ml/data/candidates/phase11_reblocked/train/not_ewaste/Plastic_Waste__IMG_20250820_000317_jpg.rf.442af243b247e7f005b5f475364293fa.jpg,2f4f0561996da5be71c04eb4f27dd91dca9f3eb9c22049d98ec3ac1f2981ae4e
ml/data/candidates/reject_v2/train/not_ewaste/Plastic_Waste__IMG_20250820_000317_jpg.rf.497b0ac65f9cb2a0a569ed84d604a2f4.jpg,train,not_ewaste,train,6d4e9741c063e78f51a9b1f0c36a378bba09ff088f7b5d825498d5c724ba17ce,COPIED,ml/data/candidates/phase11_reblocked/train/not_ewaste/Plastic_Waste__IMG_20250820_000317_jpg.rf.497b0ac65f9cb2a0a569ed84d604a2f4.jpg,91d838060f24665523e89c6964acb07a1f5db1e43cf5021093260e68da36746a
ml/data/candidates/reject_v2/train/not_ewaste/Plastic_Waste__IMG_20250820_000317_jpg.rf.6a196ef5a6230e11dc7f370a00745d4d.jpg,train,not_ewaste,train,6d4e9741c063e78f51a9b1f0c36a378bba09ff088f7b5d825498d5c724ba17ce,COPIED,ml/data/candidates/phase11_reblocked/train/not_ewaste/Plastic_Waste__IMG_20250820_000317_jpg.rf.6a196ef5a6230e11dc7f370a00745d4d.jpg,ffc6d6c02da6e3c3f3b4fe10231b53a72b2c07c9aa921d9ec47d07f729a61926
ml/data/candidates/reject_v2/validation/not_ewaste/Plastic_Waste__IMG_20250820_000314_1_jpg.rf.776e7ba31cde1232fa44c4cd889e499e.jpg,validation,not_ewaste,train,6d4e9741c063e78f51a9b1f0c36a378bba09ff088f7b5d825498d5c724ba17ce,COPIED,ml/data/candidates/phase11_reblocked/train/not_ewaste/Plastic_Waste__IMG_20250820_000314_1_jpg.rf.776e7ba31cde1232fa44c4cd889e499e.jpg,769399647e36ee60001b1eca8321b69c838d6ee20221e83acccf9f4fc9f355e6
ml/data/candidates/reject_v2/validation/not_ewaste/Plastic_Waste__IMG_20250820_000315_jpg.rf.4b4c448d9772f1d4212afa1f8b460b26.jpg,validation,not_ewaste,train,6d4e9741c063e78f51a9b1f0c36a378bba09ff088f7b5d825498d5c724ba17ce,COPIED,ml/data/candidates/phase11_reblocked/train/not_ewaste/Plastic_Waste__IMG_20250820_000315_jpg.rf.4b4c448d9772f1d4212afa1f8b460b26.jpg,76bffbc17eb843dfdd23975a86abc6902b04ba6b297b1b1db03cf87d8d10e47c
ml/data/candidates/reject_v2/validation/not_ewaste/Plastic_Waste__IMG_20250820_000316_1_jpg.rf.be1578bc456f996747c3eb106972406c.jpg,validation,not_ewaste,train,6d4e9741c063e78f51a9b1f0c36a378bba09ff088f7b5d825498d5c724ba17ce,COPIED,ml/data/candidates/phase11_reblocked/train/not_ewaste/Plastic_Waste__IMG_20250820_000316_1_jpg.rf.be1578bc456f996747c3eb106972406c.jpg,4f2b2c5fde88beeb4f3af849601c614644a2a941dacde98b57ebe4ecd620ca18
ml/data/candidates/reject_v2/validation/not_ewaste/Plastic_Waste__IMG_20250820_000316_jpg.rf.0916c882ca1fcb87dbc489b2742f0074.jpg,validation,not_ewaste,train,6d4e9741c063e78f51a9b1f0c36a378bba09ff088f7b5d825498d5c724ba17ce,COPIED,ml/data/candidates/phase11_reblocked/train/not_ewaste/Plastic_Waste__IMG_20250820_000316_jpg.rf.0916c882ca1fcb87dbc489b2742f0074.jpg,3b0423f762ea685e544e4de5e7462e6a97bd60b4a8ec862716a01398fa0b84b0
ml/data/candidates/reject_v2/train/not_ewaste/Plastic_Waste__IMG_20250803_221441_jpg.rf.33f09ec8b59b9a6e60031bd160ae366c.jpg,train,not_ewaste,train,2dc897d432737b3365fb11f2765de36dfc99c27fb9914ac6598ccbe3cb740c00,COPIED,ml/data/candidates/phase11_reblocked/train/not_ewaste/Plastic_Waste__IMG_20250803_221441_jpg.rf.33f09ec8b59b9a6e60031bd160ae366c.jpg,4010acb9a20a0ab29da3e06f48ebeb10ec083ce214638e9770c837ba1fabe70c
ml/data/candidates/reject_v2/train/not_ewaste/Plastic_Waste__IMG_20250803_221441_jpg.rf.45e8b33a2d2b2c42276346bb12243ff6.jpg,train,not_ewaste,train,2dc897d432737b3365fb11f2765de36dfc99c27fb9914ac6598ccbe3cb740c00,COPIED,ml/data/candidates/phase11_reblocked/train/not_ewaste/Plastic_Waste__IMG_20250803_221441_jpg.rf.45e8b33a2d2b2c42276346bb12243ff6.jpg,ba0fd25efce449973750d9208077a99c5abd940bb4a57c66f20ca1b98de0b69a
ml/data/candidates/reject_v2/train/not_ewaste/Plastic_Waste__IMG_20250803_221441_jpg.rf.a7fcb9bc02a2a99a231dd4fe2534e65a.jpg,train,not_ewaste,train,2dc897d432737b3365fb11f2765de36dfc99c27fb9914ac6598ccbe3cb740c00,COPIED,ml/data/candidates/phase11_reblocked/train/not_ewaste/Plastic_Waste__IMG_20250803_221441_jpg.rf.a7fcb9bc02a2a99a231dd4fe2534e65a.jpg,b6b40c8f2930d546afb42b07155243d9df225b8aef88599eafd733679ef5b204
ml/data/candidates/reject_v2/train/not_ewaste/Paper_Waste__IMG_20250822_140532_jpg.rf.0b3b51fc5b01db5b96fe5cd358f4f550.jpg,train,not_ewaste,train,55ed4688d0a27b4f32ac19c5b3fcc61da4161a2b75b6609e27c5751a2feee8c2,COPIED,ml/data/candidates/phase11_reblocked/train/not_ewaste/Paper_Waste__IMG_20250822_140532_jpg.rf.0b3b51fc5b01db5b96fe5cd358f4f550.jpg,688e606fb82be638f403cf7e98e94a8c90e675e9719cc4e6ed20d91dffc9d0f2
ml/data/candidates/reject_v2/train/not_ewaste/Paper_Waste__IMG_20250822_140532_jpg.rf.59a810e5967a3187afd3cd65a17630df.jpg,train,not_ewaste,train,55ed4688d0a27b4f32ac19c5b3fcc61da4161a2b75b6609e27c5751a2feee8c2,COPIED,ml/data/candidates/phase11_reblocked/train/not_ewaste/Paper_Waste__IMG_20250822_140532_jpg.rf.59a810e5967a3187afd3cd65a17630df.jpg,20b54049f662dff013f5f036b0e7f7fa0619b9ec0d0a21b691bdfd08470ee1a0
ml/data/candidates/reject_v2/train/not_ewaste/Paper_Waste__IMG_20250822_140532_jpg.rf.bac4df28c81819914afbf8f4e83bba67.jpg,train,not_ewaste,train,55ed4688d0a27b4f32ac19c5b3fcc61da4161a2b75b6609e27c5751a2feee8c2,COPIED,ml/data/candidates/phase11_reblocked/train/not_ewaste/Paper_Waste__IMG_20250822_140532_jpg.rf.bac4df28c81819914afbf8f4e83bba67.jpg,96db790fe21fb5b3630528f2e25d9892ddc687697dd9e758ca187eeba72f689c
ml/data/candidates/reject_v2/test/not_ewaste/Paper_Waste__IMG_20250822_140534_jpg.rf.268594c436cd144eba2c43c88ac635f2.jpg,test,not_ewaste,train,55ed4688d0a27b4f32ac19c5b3fcc61da4161a2b75b6609e27c5751a2feee8c2,COPIED,ml/data/candidates/phase11_reblocked/train/not_ewaste/Paper_Waste__IMG_20250822_140534_jpg.rf.268594c436cd144eba2c43c88ac635f2.jpg,e58d3dd9ebda711d489efee439028671d5f1978bb9297de3d4d8c04919a29639
ml/data/candidates/reject_v2/validation/not_ewaste/Plastic_Waste__IMG_20250803_221249_jpg.rf.b4ce01927710345cac9a0937b3df062a.jpg,validation,not_ewaste,train,c4f25e6cc9fe215f7c4b38a21ebad5cc3f35ecd6579528e496bf389dd9675ffb,COPIED,ml/data/candidates/phase11_reblocked/train/not_ewaste/Plastic_Waste__IMG_20250803_221249_jpg.rf.b4ce01927710345cac9a0937b3df062a.jpg,5ec0d4a5355ce0944c5204238474ceebfe0f1c949ace6d5dae23a5eeb62b947b
ml/data/candidates/reject_v2/test/not_ewaste/Paper_Waste__IMG_20250822_140841_jpg.rf.9c958515cd70538cca79bace4a32fa4a.jpg,test,not_ewaste,train,fa9ef44dc5a0a0d9a518f0c5935dccdd2fe28ff60cb1ae878adb5b0cd597854c,COPIED,ml/data/candidates/phase11_reblocked/train/not_ewaste/Paper_Waste__IMG_20250822_140841_jpg.rf.9c958515cd70538cca79bace4a32fa4a.jpg,39405f492f6f6ab3c948b7ce6880f8297661889bc43fe84aded2fb66bea3c49e
ml/data/candidates/reject_v2/test/not_ewaste/Organic_Waste__IMG_20250822_142918_jpg.rf.e3d1c78434872acb0e2e2064c526d1a6.jpg,test,not_ewaste,train,947ac63e635a2bf527d4bbeea2f1a7635adc88b3f4d6269616dd5404083d6184,COPIED,ml/data/candidates/phase11_reblocked/train/not_ewaste/Organic_Waste__IMG_20250822_142918_jpg.rf.e3d1c78434872acb0e2e2064c526d1a6.jpg,6fc815ceaf4fe2e530d229f2ab1392a6b0e2d73d04d7183a549c162a18614b0a
ml/data/candidates/reject_v2/validation/not_ewaste/Plastic_Waste__IMG_20250805_204126_jpg.rf.f742240e6d04c8d47fc51a8411936ccc.jpg,validation,not_ewaste,train,2187518ba748dd7017b7bb93f3f819d44a7d9d0bb35ce6a0386700ae4262bcb6,COPIED,ml/data/candidates/phase11_reblocked/train/not_ewaste/Plastic_Waste__IMG_20250805_204126_jpg.rf.f742240e6d04c8d47fc51a8411936ccc.jpg,c615814913cc8de33c3ca70dca6e05445a27955f8a6abe734f274783b45a1752
ml/data/candidates/reject_v2/train/not_ewaste/Plastic_Waste__IMG_20250822_142031_jpg.rf.4db02e13dacfa7f6884c7a8b3b56223f.jpg,train,not_ewaste,train,19b19034cee1e1d8e4753ed428962733e990c7ca0753e3bdea6c19432f1552be,COPIED,ml/data/candidates/phase11_reblocked/train/not_ewaste/Plastic_Waste__IMG_20250822_142031_jpg.rf.4db02e13dacfa7f6884c7a8b3b56223f.jpg,317a1dc6acb6ed69e754c7331e57e108d34f862b991835ffdb33fc10052dda16
ml/data/candidates/reject_v2/train/not_ewaste/Plastic_Waste__IMG_20250822_142031_jpg.rf.6b90f2b5fc9bfe82dc3dd0702032a591.jpg,train,not_ewaste,train,19b19034cee1e1d8e4753ed428962733e990c7ca0753e3bdea6c19432f1552be,COPIED,ml/data/candidates/phase11_reblocked/train/not_ewaste/Plastic_Waste__IMG_20250822_142031_jpg.rf.6b90f2b5fc9bfe82dc3dd0702032a591.jpg,752cbeb94d6ccbb43682cf27ed96ac57d8d4987afe5c2d9a39a74a90a5bf4007
ml/data/candidates/reject_v2/train/not_ewaste/Plastic_Waste__IMG_20250822_142031_jpg.rf.ca7d362147a04ec533ed60814b407813.jpg,train,not_ewaste,train,19b19034cee1e1d8e4753ed428962733e990c7ca0753e3bdea6c19432f1552be,COPIED,ml/data/candidates/phase11_reblocked/train/not_ewaste/Plastic_Waste__IMG_20250822_142031_jpg.rf.ca7d362147a04ec533ed60814b407813.jpg,cc87e9dbc903448063b0f888c3d628dbb5e6e76ff39280064c6168079b04840e
ml/data/candidates/reject_v2/validation/not_ewaste/Plastic_Waste__IMG_20250822_142028_jpg.rf.e397cba6a075cfa8e1d5c9edfa40abcd.jpg,validation,not_ewaste,train,19b19034cee1e1d8e4753ed428962733e990c7ca0753e3bdea6c19432f1552be,COPIED,ml/data/candidates/phase11_reblocked/train/not_ewaste/Plastic_Waste__IMG_20250822_142028_jpg.rf.e397cba6a075cfa8e1d5c9edfa40abcd.jpg,dc1a467f3f7fd8c1cac23afbd87784faef8112c87bbfd6184dd168ea79df3885
ml/data/candidates/reject_v2/validation/not_ewaste/Plastic_Waste__IMG_20250822_142029_jpg.rf.e13f709f722a9c85a631db36a33b3c99.jpg,validation,not_ewaste,train,19b19034cee1e1d8e4753ed428962733e990c7ca0753e3bdea6c19432f1552be,COPIED,ml/data/candidates/phase11_reblocked/train/not_ewaste/Plastic_Waste__IMG_20250822_142029_jpg.rf.e13f709f722a9c85a631db36a33b3c99.jpg,20a83401a01d1312c52bedab995237cda0fd83d5c73740157797a31280a4599d
ml/data/candidates/reject_v2/validation/not_ewaste/Plastic_Waste__IMG_20250822_142030_jpg.rf.f32349d4aff512b88a4ff86f3dfdb4b4.jpg,validation,not_ewaste,train,19b19034cee1e1d8e4753ed428962733e990c7ca0753e3bdea6c19432f1552be,COPIED,ml/data/candidates/phase11_reblocked/train/not_ewaste/Plastic_Waste__IMG_20250822_142030_jpg.rf.f32349d4aff512b88a4ff86f3dfdb4b4.jpg,119890c4f6bbf74024c6dc3e1f166979a75f74e6e0376d6615148864a8d774f9
ml/data/candidates/reject_v2/test/not_ewaste/Plastic_Waste__IMG_20250822_142033_jpg.rf.2fc15d3a056ebab3ac87cbef4af69dec.jpg,test,not_ewaste,train,19b19034cee1e1d8e4753ed428962733e990c7ca0753e3bdea6c19432f1552be,COPIED,ml/data/candidates/phase11_reblocked/train/not_ewaste/Plastic_Waste__IMG_20250822_142033_jpg.rf.2fc15d3a056ebab3ac87cbef4af69dec.jpg,c3558e11a14202d204d1ab0f51c97bb035c101dd1ba9a47c25dd1c6a22a96b5f
ml/data/candidates/reject_v2/train/not_ewaste/Organic_Waste__IMG_20250822_142835_jpg.rf.71cfcb0275d748c2394fe6409a501f49.jpg,train,not_ewaste,train,3b50d226d344875ac450f3d43dd41872841b84c3693795aa900dcebbd7d7536b,COPIED,ml/data/candidates/phase11_reblocked/train/not_ewaste/Organic_Waste__IMG_20250822_142835_jpg.rf.71cfcb0275d748c2394fe6409a501f49.jpg,047f16d061b5f164e7b80a6cd18d28ab3d0717621269728cac923d1d46444dba
ml/data/candidates/reject_v2/train/not_ewaste/Organic_Waste__IMG_20250822_142835_jpg.rf.893050f17088e8364063370975814d8a.jpg,train,not_ewaste,train,3b50d226d344875ac450f3d43dd41872841b84c3693795aa900dcebbd7d7536b,COPIED,ml/data/candidates/phase11_reblocked/train/not_ewaste/Organic_Waste__IMG_20250822_142835_jpg.rf.893050f17088e8364063370975814d8a.jpg,9bcb7a0c0ad5a545a01eecb4035e3d1e1b010c56cbf7c876d51c69e8e5f106e9
ml/data/candidates/reject_v2/train/not_ewaste/Organic_Waste__IMG_20250822_142835_jpg.rf.ab9e4b427a6273f592cffd56a638189c.jpg,train,not_ewaste,train,3b50d226d344875ac450f3d43dd41872841b84c3693795aa900dcebbd7d7536b,COPIED,ml/data/candidates/phase11_reblocked/train/not_ewaste/Organic_Waste__IMG_20250822_142835_jpg.rf.ab9e4b427a6273f592cffd56a638189c.jpg,f514acf13d5fc4f4195e5d39291d4d8902df0a5f741044e18b26810337d0f5ff
ml/data/candidates/reject_v2/train/not_ewaste/Paper_Waste__IMG_20250822_140907_1_jpg.rf.1a6312f51a92d072d2aeb06b2fc0b0ad.jpg,train,not_ewaste,train,6d41e35428c27c511776b3886730447dc6baaecc492ceaf0f4f85a9133243ac4,COPIED,ml/data/candidates/phase11_reblocked/train/not_ewaste/Paper_Waste__IMG_20250822_140907_1_jpg.rf.1a6312f51a92d072d2aeb06b2fc0b0ad.jpg,ce3180afe258392280378357512c88444bb328afc5a2ea81a0704ab6cc491009
ml/data/candidates/reject_v2/train/not_ewaste/Paper_Waste__IMG_20250822_140907_1_jpg.rf.7a39706f94b11d8a3e81ec95dec03fd0.jpg,train,not_ewaste,train,6d41e35428c27c511776b3886730447dc6baaecc492ceaf0f4f85a9133243ac4,COPIED,ml/data/candidates/phase11_reblocked/train/not_ewaste/Paper_Waste__IMG_20250822_140907_1_jpg.rf.7a39706f94b11d8a3e81ec95dec03fd0.jpg,a0978c40f687a9be4a83d1ed0c78c7e6ba7bcc99e65fb43917e56c3621482063
ml/data/candidates/reject_v2/train/not_ewaste/Paper_Waste__IMG_20250822_140907_1_jpg.rf.bbe8d356cf2f2557e4d9d35cb75cd509.jpg,train,not_ewaste,train,6d41e35428c27c511776b3886730447dc6baaecc492ceaf0f4f85a9133243ac4,COPIED,ml/data/candidates/phase11_reblocked/train/not_ewaste/Paper_Waste__IMG_20250822_140907_1_jpg.rf.bbe8d356cf2f2557e4d9d35cb75cd509.jpg,de8970f1a63f1e7043d4fa114e212c2d40bc78b325dcc7160e6949c272cc56cf
ml/data/candidates/reject_v2/test/not_ewaste/Paper_Waste__IMG_20250822_140907_jpg.rf.c066db1fce595c6ef38c60d5e329dd4f.jpg,test,not_ewaste,train,6d41e35428c27c511776b3886730447dc6baaecc492ceaf0f4f85a9133243ac4,COPIED,ml/data/candidates/phase11_reblocked/train/not_ewaste/Paper_Waste__IMG_20250822_140907_jpg.rf.c066db1fce595c6ef38c60d5e329dd4f.jpg,648b88d5a47deebd0395e2bd15411b22c806b0da0d19b61353c9045dbb987dfc
ml/data/candidates/reject_v2/test/not_ewaste/Paper_Waste__IMG_20250805_204354_jpg.rf.e503f6722d74c568f72428559a365af8.jpg,test,not_ewaste,train,3378a0c3e9e3140612a90ddee427b786e84e6e3ccabe3532dfc5eed74b1711ea,COPIED,ml/data/candidates/phase11_reblocked/train/not_ewaste/Paper_Waste__IMG_20250805_204354_jpg.rf.e503f6722d74c568f72428559a365af8.jpg,99a9f0a78d823c0109c05fbc2280afaaffb3fceab1b96215d821229dd99af59c
ml/data/candidates/reject_v2/test/not_ewaste/Plastic_Waste__IMG_20250805_204100_jpg.rf.4631aee0211112328a507c9dd38f8020.jpg,test,not_ewaste,train,fa49bcc821686d4ca17a1d27f4e3580b9658176e06fbf9644f20b55299cebe3a,COPIED,ml/data/candidates/phase11_reblocked/train/not_ewaste/Plastic_Waste__IMG_20250805_204100_jpg.rf.4631aee0211112328a507c9dd38f8020.jpg,4c1b30bcd4e3c3202729f6b157a398da728a717e4e0d4a241e94b278196e297c
ml/data/candidates/reject_v2/test/not_ewaste/Plastic_Waste__IMG_20250822_142044_1_jpg.rf.1d3e2a22f0563bfcd05640695c01cb09.jpg,test,not_ewaste,train,26b7b52b41b993045da249a82b2cc45e60ff8896f791daf3d46d74465a061cd7,COPIED,ml/data/candidates/phase11_reblocked/train/not_ewaste/Plastic_Waste__IMG_20250822_142044_1_jpg.rf.1d3e2a22f0563bfcd05640695c01cb09.jpg,edf12e8e9764d2e655ba692b5d7f7fc0d9c2f17bc3b7dc9ef3ecb6e20a0a22e0
ml/data/candidates/reject_v2/validation/not_ewaste/Paper_Waste__IMG_20250822_140911_jpg.rf.0f42fb9d4a920e720922ead9fe0522c4.jpg,validation,not_ewaste,train,6e347cd565e006c92497556df91352431cc285dc9c175334bef742525cd8d153,COPIED,ml/data/candidates/phase11_reblocked/train/not_ewaste/Paper_Waste__IMG_20250822_140911_jpg.rf.0f42fb9d4a920e720922ead9fe0522c4.jpg,f9319bda8679a6cad429efd19e7eeaa8a6fb62e3b63bac1bc845602573ae7c6e
ml/data/candidates/reject_v2/test/not_ewaste/Paper_Waste__IMG_20250805_204339_1_jpg.rf.6c0f05b8051712e23c28275b9cdd8046.jpg,test,not_ewaste,train,6153e6a137fa9c2f6a853104778f54b17904ff4470e0dd7618ab18aeaf586a01,COPIED,ml/data/candidates/phase11_reblocked/train/not_ewaste/Paper_Waste__IMG_20250805_204339_1_jpg.rf.6c0f05b8051712e23c28275b9cdd8046.jpg,d33c025c528b9ae2f9888afd9314e2ff9bf1d1be20b8509370afe86be0b438c1
ml/data/candidates/reject_v2/train/not_ewaste/Paper_Waste__IMG_20250822_142310_jpg.rf.1645330f3580b7e589b16340b32539ea.jpg,train,not_ewaste,train,740b0079c4e5f3fcb8f1fcf45722e12cf1e799ee26d5b02dc496c172717f7c9c,COPIED,ml/data/candidates/phase11_reblocked/train/not_ewaste/Paper_Waste__IMG_20250822_142310_jpg.rf.1645330f3580b7e589b16340b32539ea.jpg,59f0165e2c2f3838a701d6ab778fd3ff8a8358b4097acbb54a541a4f3d31c41c
ml/data/candidates/reject_v2/train/not_ewaste/Paper_Waste__IMG_20250822_142310_jpg.rf.8849fcc0cc04a0649a86646adc69e6c2.jpg,train,not_ewaste,train,740b0079c4e5f3fcb8f1fcf45722e12cf1e799ee26d5b02dc496c172717f7c9c,COPIED,ml/data/candidates/phase11_reblocked/train/not_ewaste/Paper_Waste__IMG_20250822_142310_jpg.rf.8849fcc0cc04a0649a86646adc69e6c2.jpg,0a0ac665a9abba819db8a1860c54930017c6f77cf4b13eea2a3408d4c02264d3
ml/data/candidates/reject_v2/train/not_ewaste/Paper_Waste__IMG_20250822_142310_jpg.rf.cdba5d507a75121f56c1d82804a654ed.jpg,train,not_ewaste,train,740b0079c4e5f3fcb8f1fcf45722e12cf1e799ee26d5b02dc496c172717f7c9c,COPIED,ml/data/candidates/phase11_reblocked/train/not_ewaste/Paper_Waste__IMG_20250822_142310_jpg.rf.cdba5d507a75121f56c1d82804a654ed.jpg,9a24ac1882cc52da57703fc9606857980d31f4c2fd3a43a04a5baccc1ccdcf3f
ml/data/candidates/reject_v2/validation/not_ewaste/Plastic_Waste__IMG_20250820_000353_1_jpg.rf.0519cb952916091e16e482ae9c5889e0.jpg,validation,not_ewaste,train,34198100ec649dea1be7bf59d60f147d5fa46d232c3f2b1ccf64fcbaf31c9998,COPIED,ml/data/candidates/phase11_reblocked/train/not_ewaste/Plastic_Waste__IMG_20250820_000353_1_jpg.rf.0519cb952916091e16e482ae9c5889e0.jpg,b74170d2f568fb430e2e1ba3c16e866b863d8e103134fb569e5a8d74c55d8c69
ml/data/candidates/reject_v2/validation/not_ewaste/Plastic_Waste__IMG_20250820_000354_jpg.rf.767fa0a99a8459de046f875309d39f4e.jpg,validation,not_ewaste,train,34198100ec649dea1be7bf59d60f147d5fa46d232c3f2b1ccf64fcbaf31c9998,COPIED,ml/data/candidates/phase11_reblocked/train/not_ewaste/Plastic_Waste__IMG_20250820_000354_jpg.rf.767fa0a99a8459de046f875309d39f4e.jpg,1dfa53015e2b96c2e7b3c9303720c9a04c01cc24616a6abf947fcc6102dcc6e4
ml/data/candidates/reject_v2/validation/not_ewaste/Organic_Waste__IMG_20250822_142724_jpg.rf.f1175648ba92010e656112ae9834dd19.jpg,validation,not_ewaste,train,dcc055f6d95bc584473774887eab86800bf22e68c2d4554da6332c853d58784d,COPIED,ml/data/candidates/phase11_reblocked/train/not_ewaste/Organic_Waste__IMG_20250822_142724_jpg.rf.f1175648ba92010e656112ae9834dd19.jpg,68be13ff6647aff5afa4be82a22c93fbe7021ad24705021ee99e7b7a060d69db
ml/data/candidates/reject_v2/train/not_ewaste/Glass_Waste__IMG_20250822_142425_jpg.rf.88b685430044a2f28a572ffa8b9fd409.jpg,train,not_ewaste,train,83be849ff2eabc45f1a50dc4bc42f3571bb271a653a8ab5d42a034cc47969194,COPIED,ml/data/candidates/phase11_reblocked/train/not_ewaste/Glass_Waste__IMG_20250822_142425_jpg.rf.88b685430044a2f28a572ffa8b9fd409.jpg,bc30460cabc27a1dc1b71e778109c72a479a7b2c52500aff82fd6e68df5e07b4
ml/data/candidates/reject_v2/train/not_ewaste/Glass_Waste__IMG_20250822_142425_jpg.rf.c0696babafb86ab59aa9dfd9184e6f7d.jpg,train,not_ewaste,train,83be849ff2eabc45f1a50dc4bc42f3571bb271a653a8ab5d42a034cc47969194,COPIED,ml/data/candidates/phase11_reblocked/train/not_ewaste/Glass_Waste__IMG_20250822_142425_jpg.rf.c0696babafb86ab59aa9dfd9184e6f7d.jpg,d2f37582a3d4b43ff5937d66a5495d1370530de41d13179c78ee8dc2d1f96de7
ml/data/candidates/reject_v2/train/not_ewaste/Glass_Waste__IMG_20250822_142425_jpg.rf.eae8968a0a1700e6a23b2e072652b603.jpg,train,not_ewaste,train,83be849ff2eabc45f1a50dc4bc42f3571bb271a653a8ab5d42a034cc47969194,COPIED,ml/data/candidates/phase11_reblocked/train/not_ewaste/Glass_Waste__IMG_20250822_142425_jpg.rf.eae8968a0a1700e6a23b2e072652b603.jpg,084e36ca137d6acf142c8b28d5eb4b613ce4069968313d8c8d26816951278852
ml/data/candidates/reject_v2/train/not_ewaste/Paper_Waste__IMG_20250822_140754_jpg.rf.1075521272da2f2118e2ce022e37950d.jpg,train,not_ewaste,train,09aea0adbfa997c53b4dab5449b485a23d2dcfc0f676ad36ec27f5eeca2fc253,COPIED,ml/data/candidates/phase11_reblocked/train/not_ewaste/Paper_Waste__IMG_20250822_140754_jpg.rf.1075521272da2f2118e2ce022e37950d.jpg,b8c61115b44b76574859abf7b2d897f6f0179efb4771c7529efb9954b426c7e2
ml/data/candidates/reject_v2/train/not_ewaste/Paper_Waste__IMG_20250822_140754_jpg.rf.8350896b511139009985c66e777d68f1.jpg,train,not_ewaste,train,09aea0adbfa997c53b4dab5449b485a23d2dcfc0f676ad36ec27f5eeca2fc253,COPIED,ml/data/candidates/phase11_reblocked/train/not_ewaste/Paper_Waste__IMG_20250822_140754_jpg.rf.8350896b511139009985c66e777d68f1.jpg,5c356bd293b9ee99c2680f90c3956f43cca47dbf30385f18bee2a6d08840f61b
ml/data/candidates/reject_v2/train/not_ewaste/Paper_Waste__IMG_20250822_140754_jpg.rf.973205f521512bafdeeeb79fb66f617c.jpg,train,not_ewaste,train,09aea0adbfa997c53b4dab5449b485a23d2dcfc0f676ad36ec27f5eeca2fc253,COPIED,ml/data/candidates/phase11_reblocked/train/not_ewaste/Paper_Waste__IMG_20250822_140754_jpg.rf.973205f521512bafdeeeb79fb66f617c.jpg,d50f93cb486cde6d20bb7d26ea2a12b2d0feb7c189495c58a63d40a4cfdef0e3
ml/data/candidates/reject_v2/train/not_ewaste/Plastic_Waste__IMG_20250822_142130_jpg.rf.30cf1130d863e4a597302c6bf8b35a66.jpg,train,not_ewaste,train,84880f10c4c4abe08c2fd8340d4f36d651ade2a7a15e3c189ab6b1d6d0e152c1,COPIED,ml/data/candidates/phase11_reblocked/train/not_ewaste/Plastic_Waste__IMG_20250822_142130_jpg.rf.30cf1130d863e4a597302c6bf8b35a66.jpg,32f723afa96d21bc6e5a402399054c3d0f398c796bc2175454dd6211ee2f3927
ml/data/candidates/reject_v2/train/not_ewaste/Plastic_Waste__IMG_20250822_142130_jpg.rf.b38e7e8dab9172201be0e9c175cb35bd.jpg,train,not_ewaste,train,84880f10c4c4abe08c2fd8340d4f36d651ade2a7a15e3c189ab6b1d6d0e152c1,COPIED,ml/data/candidates/phase11_reblocked/train/not_ewaste/Plastic_Waste__IMG_20250822_142130_jpg.rf.b38e7e8dab9172201be0e9c175cb35bd.jpg,fec87f6e0a4ef10d7ca5f000abe4ff41e5f8b5b30071b9a4094565326a85305c
ml/data/candidates/reject_v2/train/not_ewaste/Plastic_Waste__IMG_20250822_142130_jpg.rf.b5ce1e9853685b02d00248616268d0c3.jpg,train,not_ewaste,train,84880f10c4c4abe08c2fd8340d4f36d651ade2a7a15e3c189ab6b1d6d0e152c1,COPIED,ml/data/candidates/phase11_reblocked/train/not_ewaste/Plastic_Waste__IMG_20250822_142130_jpg.rf.b5ce1e9853685b02d00248616268d0c3.jpg,f44f294323d0c3a1ec2fe7fbfa7c847931e3418510c8a3aac49b38e600ad004e
ml/data/candidates/reject_v2/validation/not_ewaste/Plastic_Waste__IMG_20250822_142129_jpg.rf.5f8da18536b8ae2bf9b982f14b4c96fb.jpg,validation,not_ewaste,train,84880f10c4c4abe08c2fd8340d4f36d651ade2a7a15e3c189ab6b1d6d0e152c1,COPIED,ml/data/candidates/phase11_reblocked/train/not_ewaste/Plastic_Waste__IMG_20250822_142129_jpg.rf.5f8da18536b8ae2bf9b982f14b4c96fb.jpg,d5a8e4195f92fa0431f486272c37f63897bbdaed076abeb06e5dbf762682bd5d
ml/data/candidates/reject_v2/test/not_ewaste/Plastic_Waste__IMG_20250822_142131_jpg.rf.25cf35369d5a38003db90902ee4053f6.jpg,test,not_ewaste,train,84880f10c4c4abe08c2fd8340d4f36d651ade2a7a15e3c189ab6b1d6d0e152c1,COPIED,ml/data/candidates/phase11_reblocked/train/not_ewaste/Plastic_Waste__IMG_20250822_142131_jpg.rf.25cf35369d5a38003db90902ee4053f6.jpg,ada285629eefd6dd38f8904f7194afe6e38257fe87a72590c045258f768f2058
ml/data/candidates/reject_v2/test/not_ewaste/Plastic_Waste__IMG_20250822_142132_jpg.rf.6409191476f26c685eef0a3154877d1a.jpg,test,not_ewaste,train,84880f10c4c4abe08c2fd8340d4f36d651ade2a7a15e3c189ab6b1d6d0e152c1,COPIED,ml/data/candidates/phase11_reblocked/train/not_ewaste/Plastic_Waste__IMG_20250822_142132_jpg.rf.6409191476f26c685eef0a3154877d1a.jpg,4992e96a21484ee13b02ea42a32bb6bccd352fc60a06f0e158ecedc68441fb58
ml/data/candidates/reject_v2/train/not_ewaste/Glass_Waste__IMG_20250822_142642_jpg.rf.12fb3e458214079dfbf9d88abf5983c6.jpg,train,not_ewaste,train,99e09dbc30a0a7f92015a0ea766306243d30e51adaaca8adb2adfba27fcfa94a,COPIED,ml/data/candidates/phase11_reblocked/train/not_ewaste/Glass_Waste__IMG_20250822_142642_jpg.rf.12fb3e458214079dfbf9d88abf5983c6.jpg,9ebb801565da53cac8de85675b48c23a7eda6c859bed388ba7c5ba520aa4dc4c
ml/data/candidates/reject_v2/train/not_ewaste/Glass_Waste__IMG_20250822_142642_jpg.rf.870cb5aa51d3ddfbb540eca034682349.jpg,train,not_ewaste,train,99e09dbc30a0a7f92015a0ea766306243d30e51adaaca8adb2adfba27fcfa94a,COPIED,ml/data/candidates/phase11_reblocked/train/not_ewaste/Glass_Waste__IMG_20250822_142642_jpg.rf.870cb5aa51d3ddfbb540eca034682349.jpg,ce0c57bffbe3baa22dfea679db72c6f5949a277f5ab696e879f7694c77a98309
ml/data/candidates/reject_v2/train/not_ewaste/Glass_Waste__IMG_20250822_142642_jpg.rf.a3681840aebfd867cd2d11cb86881302.jpg,train,not_ewaste,train,99e09dbc30a0a7f92015a0ea766306243d30e51adaaca8adb2adfba27fcfa94a,COPIED,ml/data/candidates/phase11_reblocked/train/not_ewaste/Glass_Waste__IMG_20250822_142642_jpg.rf.a3681840aebfd867cd2d11cb86881302.jpg,5f12757b93e6c98f6294429cc5b313bdc0837a4810db65feb1d7df8bd766446f
ml/data/candidates/reject_v2/train/not_ewaste/Plastic_Waste__IMG_20250822_142045_jpg.rf.2da15b15d8372fb54822004238f34ba1.jpg,train,not_ewaste,train,eb666c78ea03e70ee7609a298423242d25ec69f855e20f620a139df6e8a1fd76,COPIED,ml/data/candidates/phase11_reblocked/train/not_ewaste/Plastic_Waste__IMG_20250822_142045_jpg.rf.2da15b15d8372fb54822004238f34ba1.jpg,83972f76cdb85b5156d81793b317f845354ecb7826dbf0f3992f16aee352ef98
ml/data/candidates/reject_v2/train/not_ewaste/Plastic_Waste__IMG_20250822_142045_jpg.rf.37014bf9b5ac7e845a282b2b5cf43ba8.jpg,train,not_ewaste,train,eb666c78ea03e70ee7609a298423242d25ec69f855e20f620a139df6e8a1fd76,COPIED,ml/data/candidates/phase11_reblocked/train/not_ewaste/Plastic_Waste__IMG_20250822_142045_jpg.rf.37014bf9b5ac7e845a282b2b5cf43ba8.jpg,59d509bf6c848acc4effda822c6c24547f414fb95589d7cf16ff853c509d55ff
ml/data/candidates/reject_v2/train/not_ewaste/Plastic_Waste__IMG_20250822_142045_jpg.rf.441b8dcbf41dea62a80d2af3631468ec.jpg,train,not_ewaste,train,eb666c78ea03e70ee7609a298423242d25ec69f855e20f620a139df6e8a1fd76,COPIED,ml/data/candidates/phase11_reblocked/train/not_ewaste/Plastic_Waste__IMG_20250822_142045_jpg.rf.441b8dcbf41dea62a80d2af3631468ec.jpg,fec6e6b2cb1216c62e22e8e2d931a62c64eeff7c9f6141bcc7c8b5f99049c6c5
ml/data/candidates/reject_v2/train/not_ewaste/Paper_Waste__IMG_20250822_140748_jpg.rf.6a69062179569d969d864a8dd22793e6.jpg,train,not_ewaste,train,8e8451b15a47f93ab2a32238b6485535c78b83a0fd3f0dd02310319f20f29ee4,COPIED,ml/data/candidates/phase11_reblocked/train/not_ewaste/Paper_Waste__IMG_20250822_140748_jpg.rf.6a69062179569d969d864a8dd22793e6.jpg,876cb5bac023a4f06695fdb61b550d6d2a1612e7f25deb51f41aaaa8959dae6a
ml/data/candidates/reject_v2/train/not_ewaste/Paper_Waste__IMG_20250822_140748_jpg.rf.799ced8bcf0149ae61cd10d8cd6264c6.jpg,train,not_ewaste,train,8e8451b15a47f93ab2a32238b6485535c78b83a0fd3f0dd02310319f20f29ee4,COPIED,ml/data/candidates/phase11_reblocked/train/not_ewaste/Paper_Waste__IMG_20250822_140748_jpg.rf.799ced8bcf0149ae61cd10d8cd6264c6.jpg,4f494bd91fdea0d11df979c77fc716e54e37faffaf40564251506ea59e680b4d
ml/data/candidates/reject_v2/train/not_ewaste/Paper_Waste__IMG_20250822_140748_jpg.rf.94273236700b31874e0ef1df678950f4.jpg,train,not_ewaste,train,8e8451b15a47f93ab2a32238b6485535c78b83a0fd3f0dd02310319f20f29ee4,COPIED,ml/data/candidates/phase11_reblocked/train/not_ewaste/Paper_Waste__IMG_20250822_140748_jpg.rf.94273236700b31874e0ef1df678950f4.jpg,cf19ba29067e3a5e52c28a90652c955b5445f4ae067fc3bec61865fd303efd8f
ml/data/candidates/reject_v2/train/not_ewaste/Paper_Waste__IMG_20250822_140648_jpg.rf.31a140b86e98d4eff8245451ef07437d.jpg,train,not_ewaste,train,3fcf3af6fd382ede69a42f5965eab2e0e1ef3248128df08451063e463dfa6904,COPIED,ml/data/candidates/phase11_reblocked/train/not_ewaste/Paper_Waste__IMG_20250822_140648_jpg.rf.31a140b86e98d4eff8245451ef07437d.jpg,7954ad54c3b28864d528e4824b7c367696bb373599a972fb6383671e59c527b4
ml/data/candidates/reject_v2/train/not_ewaste/Paper_Waste__IMG_20250822_140648_jpg.rf.de9a28a0f88f5c353d1dac9fdefd9760.jpg,train,not_ewaste,train,3fcf3af6fd382ede69a42f5965eab2e0e1ef3248128df08451063e463dfa6904,COPIED,ml/data/candidates/phase11_reblocked/train/not_ewaste/Paper_Waste__IMG_20250822_140648_jpg.rf.de9a28a0f88f5c353d1dac9fdefd9760.jpg,c35557b451a28447c0635d547c24577dc4f9e51ef54633561c06bc048ca3aeff
ml/data/candidates/reject_v2/train/not_ewaste/Paper_Waste__IMG_20250822_140648_jpg.rf.ef8e77e0b9446e20dbd84182cdf21c45.jpg,train,not_ewaste,train,3fcf3af6fd382ede69a42f5965eab2e0e1ef3248128df08451063e463dfa6904,COPIED,ml/data/candidates/phase11_reblocked/train/not_ewaste/Paper_Waste__IMG_20250822_140648_jpg.rf.ef8e77e0b9446e20dbd84182cdf21c45.jpg,55675e38b9a1715cd13dc23e18a5612a78598095a485023d4d49f95474121df4
ml/data/candidates/reject_v2/validation/not_ewaste/Paper_Waste__IMG_20250805_204047_jpg.rf.3772ac308d5e025f8ce21e1eb05ed429.jpg,validation,not_ewaste,train,543722b48cb4d901bc8f6f7b17711c26884d2bb3b131d245e9ec1bd0c017c19f,COPIED,ml/data/candidates/phase11_reblocked/train/not_ewaste/Paper_Waste__IMG_20250805_204047_jpg.rf.3772ac308d5e025f8ce21e1eb05ed429.jpg,a469c96779fe36c6347cde004a01a3b1c28e9b8480cf3660288d6ca9e1ab3d50
ml/data/candidates/reject_v2/train/not_ewaste/Glass_Waste__IMG_20250822_142346_jpg.rf.7496d7609cb63755e73a2fdd0bc872ac.jpg,train,not_ewaste,train,60beaea090d58cc0d1ead392ef8b921f404d603e397021ef984b23862c3fcc52,COPIED,ml/data/candidates/phase11_reblocked/train/not_ewaste/Glass_Waste__IMG_20250822_142346_jpg.rf.7496d7609cb63755e73a2fdd0bc872ac.jpg,7d991d5644d42915af4453ee7940efe1d348ac51654304541886c50085e5690c
ml/data/candidates/reject_v2/train/not_ewaste/Glass_Waste__IMG_20250822_142346_jpg.rf.84a0003f12a5f11a663355d8a8c8e53f.jpg,train,not_ewaste,train,60beaea090d58cc0d1ead392ef8b921f404d603e397021ef984b23862c3fcc52,COPIED,ml/data/candidates/phase11_reblocked/train/not_ewaste/Glass_Waste__IMG_20250822_142346_jpg.rf.84a0003f12a5f11a663355d8a8c8e53f.jpg,92f404aec95a23e6c0f7067d018f985f147891d4b1db98ace8caa71f27efb57d
ml/data/candidates/reject_v2/train/not_ewaste/Glass_Waste__IMG_20250822_142346_jpg.rf.9349565ce0bcb491263c3d599b6d1725.jpg,train,not_ewaste,train,60beaea090d58cc0d1ead392ef8b921f404d603e397021ef984b23862c3fcc52,COPIED,ml/data/candidates/phase11_reblocked/train/not_ewaste/Glass_Waste__IMG_20250822_142346_jpg.rf.9349565ce0bcb491263c3d599b6d1725.jpg,d45ea79e8ac39d03a1e6f1f9303b6794ed34f3de55773cf6b2fa1b61482b1448
ml/data/candidates/reject_v2/train/not_ewaste/Glass_Waste__IMG_20250822_142347_jpg.rf.2083e174c2f1fd022b3c05d668a51ec7.jpg,train,not_ewaste,train,60beaea090d58cc0d1ead392ef8b921f404d603e397021ef984b23862c3fcc52,COPIED,ml/data/candidates/phase11_reblocked/train/not_ewaste/Glass_Waste__IMG_20250822_142347_jpg.rf.2083e174c2f1fd022b3c05d668a51ec7.jpg,6f0dd298bfcec9c63f3809414f8807c5c7c1e6ef1f4e536e7f0881221faec326
ml/data/candidates/reject_v2/train/not_ewaste/Glass_Waste__IMG_20250822_142347_jpg.rf.8a8586dfe208b955c5f29a64de3638b8.jpg,train,not_ewaste,train,60beaea090d58cc0d1ead392ef8b921f404d603e397021ef984b23862c3fcc52,COPIED,ml/data/candidates/phase11_reblocked/train/not_ewaste/Glass_Waste__IMG_20250822_142347_jpg.rf.8a8586dfe208b955c5f29a64de3638b8.jpg,6b606e6c5a3e174ea2183717dd733af7007c6bb20c02f51ec95907a7c012389d
ml/data/candidates/reject_v2/train/not_ewaste/Glass_Waste__IMG_20250822_142347_jpg.rf.b9bc923fe73ed02a014790dd7430e918.jpg,train,not_ewaste,train,60beaea090d58cc0d1ead392ef8b921f404d603e397021ef984b23862c3fcc52,COPIED,ml/data/candidates/phase11_reblocked/train/not_ewaste/Glass_Waste__IMG_20250822_142347_jpg.rf.b9bc923fe73ed02a014790dd7430e918.jpg,b023bcba8270e1fbd51015cafe16e3a8f2273b6aec58dbe3b9da7f93f29908d5
ml/data/candidates/reject_v2/validation/not_ewaste/Glass_Waste__IMG_20250822_142342_jpg.rf.ceb5aff32fe6166c40b8c272335bfac1.jpg,validation,not_ewaste,train,60beaea090d58cc0d1ead392ef8b921f404d603e397021ef984b23862c3fcc52,COPIED,ml/data/candidates/phase11_reblocked/train/not_ewaste/Glass_Waste__IMG_20250822_142342_jpg.rf.ceb5aff32fe6166c40b8c272335bfac1.jpg,229c019113a39b965076cdf748869bce5b1aea8d89b347e3850758da80ce6322
ml/data/candidates/reject_v2/test/not_ewaste/Glass_Waste__IMG_20250822_142348_jpg.rf.72f1026a5890370beac5700b2ad49f2b.jpg,test,not_ewaste,train,60beaea090d58cc0d1ead392ef8b921f404d603e397021ef984b23862c3fcc52,COPIED,ml/data/candidates/phase11_reblocked/train/not_ewaste/Glass_Waste__IMG_20250822_142348_jpg.rf.72f1026a5890370beac5700b2ad49f2b.jpg,00688cb75e698cb775b4a8ecb574b878f163c90dd20394b330c2cdc5fffcc76a
ml/data/candidates/reject_v2/test/not_ewaste/Paper_Waste__IMG_20250805_205300_jpg.rf.9718f8c3c536eb99f69daed30f96ce69.jpg,test,not_ewaste,train,5a0256a9b1d9b7c853be3fd58e27d500cb29b06d3fb97e76ced5f56e0d684d42,COPIED,ml/data/candidates/phase11_reblocked/train/not_ewaste/Paper_Waste__IMG_20250805_205300_jpg.rf.9718f8c3c536eb99f69daed30f96ce69.jpg,879ee88a5dff040266e2230f065b953185c8166a8b3963c0eeb80f0c9440afa3
ml/data/candidates/reject_v2/train/not_ewaste/Paper_Waste__IMG_20250805_204014_1_jpg.rf.a0927620ab1df0ce2f95851ee32a046d.jpg,train,not_ewaste,train,5002fdea3e6758d86ffda7507388dd40379405a0a8b071fa1c7d394de8937e9b,COPIED,ml/data/candidates/phase11_reblocked/train/not_ewaste/Paper_Waste__IMG_20250805_204014_1_jpg.rf.a0927620ab1df0ce2f95851ee32a046d.jpg,e0c3348e468f830a88aeab666753b3819208247c1f83413e85f8d361ede6c237
ml/data/candidates/reject_v2/train/not_ewaste/Paper_Waste__IMG_20250805_204014_1_jpg.rf.cb1109c5e3bfb76fb133f366971c8396.jpg,train,not_ewaste,train,5002fdea3e6758d86ffda7507388dd40379405a0a8b071fa1c7d394de8937e9b,COPIED,ml/data/candidates/phase11_reblocked/train/not_ewaste/Paper_Waste__IMG_20250805_204014_1_jpg.rf.cb1109c5e3bfb76fb133f366971c8396.jpg,ef45ba4164b8d8198d022c246111b8fdaf15c545a3a5d636c357533919cc0331
ml/data/candidates/reject_v2/train/not_ewaste/Paper_Waste__IMG_20250805_204014_1_jpg.rf.ec4d812a7d2c0df5e2a1c1b76b13ab54.jpg,train,not_ewaste,train,5002fdea3e6758d86ffda7507388dd40379405a0a8b071fa1c7d394de8937e9b,COPIED,ml/data/candidates/phase11_reblocked/train/not_ewaste/Paper_Waste__IMG_20250805_204014_1_jpg.rf.ec4d812a7d2c0df5e2a1c1b76b13ab54.jpg,a02bb360f0f92ce2e4b3b378388c7fff11c1dd0245d75282bdc82b9b1e8c1372
ml/data/candidates/reject_v2/validation/not_ewaste/Paper_Waste__IMG_20250805_204015_jpg.rf.3843eb861f76edbc2719fa6f6a48c491.jpg,validation,not_ewaste,train,5002fdea3e6758d86ffda7507388dd40379405a0a8b071fa1c7d394de8937e9b,COPIED,ml/data/candidates/phase11_reblocked/train/not_ewaste/Paper_Waste__IMG_20250805_204015_jpg.rf.3843eb861f76edbc2719fa6f6a48c491.jpg,dbda5118685f9a779b773f161ebd170e24b267411bc6849c4384fefa3e1b7ec5
ml/data/candidates/reject_v2/test/not_ewaste/Paper_Waste__IMG_20250805_204014_jpg.rf.edd767591a6a2c56b9c099869b6c2b9e.jpg,test,not_ewaste,train,5002fdea3e6758d86ffda7507388dd40379405a0a8b071fa1c7d394de8937e9b,COPIED,ml/data/candidates/phase11_reblocked/train/not_ewaste/Paper_Waste__IMG_20250805_204014_jpg.rf.edd767591a6a2c56b9c099869b6c2b9e.jpg,de4a0d51ecb84f88c7e3a5b9da8e6337b7ee4f907bb9fcdd6cd986b89b2b775b
ml/data/candidates/reject_v2/test/not_ewaste/Paper_Waste__IMG_20250805_205254_jpg.rf.3de4933da97c6315aed2abdeb316a3f5.jpg,test,not_ewaste,train,104b47bd56936c93b9ac4323b85a5a2217b3ccb229d3a5809fad41dee815915b,COPIED,ml/data/candidates/phase11_reblocked/train/not_ewaste/Paper_Waste__IMG_20250805_205254_jpg.rf.3de4933da97c6315aed2abdeb316a3f5.jpg,2404b823cbe034ef238d70e4033c76a65fc782eb1543d7cbfa92325f4e1581bb
ml/data/candidates/reject_v2/test/not_ewaste/Paper_Waste__IMG_20250805_205255_jpg.rf.01a5f60ba685d69f8aa101adb94bdbfa.jpg,test,not_ewaste,train,104b47bd56936c93b9ac4323b85a5a2217b3ccb229d3a5809fad41dee815915b,COPIED,ml/data/candidates/phase11_reblocked/train/not_ewaste/Paper_Waste__IMG_20250805_205255_jpg.rf.01a5f60ba685d69f8aa101adb94bdbfa.jpg,8d639dea1a315f0cf2e31a3bee4fd789e9e0ee88dfbd97d7b0a0620628c49a68
ml/data/candidates/reject_v2/train/not_ewaste/Plastic_Waste__IMG_20250805_205336_jpg.rf.d8650d78758b357786f0a39b141e2bfe.jpg,train,not_ewaste,train,d289b707746223ed7757df1fed0439f33bec2b80d02d1705943160606682aa62,COPIED,ml/data/candidates/phase11_reblocked/train/not_ewaste/Plastic_Waste__IMG_20250805_205336_jpg.rf.d8650d78758b357786f0a39b141e2bfe.jpg,cc0cfba9794b6ef4c8f7cbc4b379cf271b4b51977f2cf463771371b771a343c3
ml/data/candidates/reject_v2/train/not_ewaste/Plastic_Waste__IMG_20250805_205336_jpg.rf.db34a7839edac621c6b3380da7d6f3c1.jpg,train,not_ewaste,train,d289b707746223ed7757df1fed0439f33bec2b80d02d1705943160606682aa62,COPIED,ml/data/candidates/phase11_reblocked/train/not_ewaste/Plastic_Waste__IMG_20250805_205336_jpg.rf.db34a7839edac621c6b3380da7d6f3c1.jpg,cd73a20fde7b0ac2831fe1a1549d0e8f2fe0117608b750d8804fb93a010c5cf2
ml/data/candidates/reject_v2/train/not_ewaste/Plastic_Waste__IMG_20250805_205336_jpg.rf.f97d4a0da5fa0bd5964fa023e76acdcf.jpg,train,not_ewaste,train,d289b707746223ed7757df1fed0439f33bec2b80d02d1705943160606682aa62,COPIED,ml/data/candidates/phase11_reblocked/train/not_ewaste/Plastic_Waste__IMG_20250805_205336_jpg.rf.f97d4a0da5fa0bd5964fa023e76acdcf.jpg,650900a93449334c2220f5818fec88ee36ae51399b1f592a3a8b9044476ec829
ml/data/candidates/reject_v2/train/not_ewaste/Paper_Waste__IMG_20250822_140828_jpg.rf.6b71b425a0fd5570a09e8b41c7b392e7.jpg,train,not_ewaste,train,7fe95d1f0eec70bfb9635d75eb675d0a7ea9d3219326c619135440e1ba9fb3bc,COPIED,ml/data/candidates/phase11_reblocked/train/not_ewaste/Paper_Waste__IMG_20250822_140828_jpg.rf.6b71b425a0fd5570a09e8b41c7b392e7.jpg,2fa7604695c01c37952a0730bcb4865f1d69af3980e75bb60afed562385ffe32
ml/data/candidates/reject_v2/train/not_ewaste/Paper_Waste__IMG_20250822_140828_jpg.rf.7c37f5768f2911a979cb13d7ac9c0a9a.jpg,train,not_ewaste,train,7fe95d1f0eec70bfb9635d75eb675d0a7ea9d3219326c619135440e1ba9fb3bc,COPIED,ml/data/candidates/phase11_reblocked/train/not_ewaste/Paper_Waste__IMG_20250822_140828_jpg.rf.7c37f5768f2911a979cb13d7ac9c0a9a.jpg,cc410e322aedddff75eb8ce9d2600dabd31e9e2ecdaffdefb54b6a96234dc7c9
ml/data/candidates/reject_v2/train/not_ewaste/Paper_Waste__IMG_20250822_140828_jpg.rf.f5af20543af37ae6879a018deb8a2bd0.jpg,train,not_ewaste,train,7fe95d1f0eec70bfb9635d75eb675d0a7ea9d3219326c619135440e1ba9fb3bc,COPIED,ml/data/candidates/phase11_reblocked/train/not_ewaste/Paper_Waste__IMG_20250822_140828_jpg.rf.f5af20543af37ae6879a018deb8a2bd0.jpg,d2d34b8dbd92837ceabc3e6b182fcb5bad2157e926ad38421f8f9814d8b4f4aa
ml/data/candidates/reject_v2/train/not_ewaste/Paper_Waste__IMG_20250822_140830_jpg.rf.1de48ea5d072975d24dfb85a890b6ddf.jpg,train,not_ewaste,train,7fe95d1f0eec70bfb9635d75eb675d0a7ea9d3219326c619135440e1ba9fb3bc,COPIED,ml/data/candidates/phase11_reblocked/train/not_ewaste/Paper_Waste__IMG_20250822_140830_jpg.rf.1de48ea5d072975d24dfb85a890b6ddf.jpg,2db0339381244905cb662fff9ba0a7f2ffad11fb185287e590a360532ce3827e
ml/data/candidates/reject_v2/train/not_ewaste/Paper_Waste__IMG_20250822_140830_jpg.rf.cfd5fc9c907219a20101ae4c5d3f285f.jpg,train,not_ewaste,train,7fe95d1f0eec70bfb9635d75eb675d0a7ea9d3219326c619135440e1ba9fb3bc,COPIED,ml/data/candidates/phase11_reblocked/train/not_ewaste/Paper_Waste__IMG_20250822_140830_jpg.rf.cfd5fc9c907219a20101ae4c5d3f285f.jpg,a64422ce64d6dc28760fc2875d0826728ee8e196e98bbcbb571fbda4076dc8e1
ml/data/candidates/reject_v2/train/not_ewaste/Paper_Waste__IMG_20250822_140830_jpg.rf.d568c1077f3e2f86a1f2ee2fbe7db54b.jpg,train,not_ewaste,train,7fe95d1f0eec70bfb9635d75eb675d0a7ea9d3219326c619135440e1ba9fb3bc,COPIED,ml/data/candidates/phase11_reblocked/train/not_ewaste/Paper_Waste__IMG_20250822_140830_jpg.rf.d568c1077f3e2f86a1f2ee2fbe7db54b.jpg,56cc7fb2aeeee7d0461ae683059ee067ed0acbcf4ae3c9a82c1caab8868bf6c3
ml/data/candidates/reject_v2/test/not_ewaste/Paper_Waste__IMG_20250822_140831_jpg.rf.8bac2dc62bbc6eecce5843150a93a367.jpg,test,not_ewaste,train,7fe95d1f0eec70bfb9635d75eb675d0a7ea9d3219326c619135440e1ba9fb3bc,COPIED,ml/data/candidates/phase11_reblocked/train/not_ewaste/Paper_Waste__IMG_20250822_140831_jpg.rf.8bac2dc62bbc6eecce5843150a93a367.jpg,8567fdf905378a9bd528811208b2e9313e550d4c7dc2da46e3664fd28245c89a
ml/data/candidates/reject_v2/train/not_ewaste/Plastic_Waste__IMG_20250805_204653_jpg.rf.0b1193822bd50c3c5ca362f3521280fd.jpg,train,not_ewaste,train,4fe86f95cb72b97e88c483456ba91d6682de02058301675b4f49078d94963e8c,COPIED,ml/data/candidates/phase11_reblocked/train/not_ewaste/Plastic_Waste__IMG_20250805_204653_jpg.rf.0b1193822bd50c3c5ca362f3521280fd.jpg,69b83d6f7a18ac041d3d7bc278a5a1d0edbb8dc656f790e8053b7ea4697bb9dc
ml/data/candidates/reject_v2/train/not_ewaste/Plastic_Waste__IMG_20250805_204653_jpg.rf.2881ca67cf54e9a07dc3942209d2c2de.jpg,train,not_ewaste,train,4fe86f95cb72b97e88c483456ba91d6682de02058301675b4f49078d94963e8c,COPIED,ml/data/candidates/phase11_reblocked/train/not_ewaste/Plastic_Waste__IMG_20250805_204653_jpg.rf.2881ca67cf54e9a07dc3942209d2c2de.jpg,b516813c50a02b129bb58059a5e9324dcf95e3f91fa6038f8329025bf80df785
ml/data/candidates/reject_v2/train/not_ewaste/Plastic_Waste__IMG_20250805_204653_jpg.rf.5545395b0d2de8b38783fa6c56342568.jpg,train,not_ewaste,train,4fe86f95cb72b97e88c483456ba91d6682de02058301675b4f49078d94963e8c,COPIED,ml/data/candidates/phase11_reblocked/train/not_ewaste/Plastic_Waste__IMG_20250805_204653_jpg.rf.5545395b0d2de8b38783fa6c56342568.jpg,35521e4724636d673ff293f08a5f7b801afecfd51d08f4b56db59f1e6f34d022
ml/data/candidates/reject_v2/train/not_ewaste/Paper_Waste__IMG_20250822_142228_jpg.rf.26b983f263b182f6eb6570c00301c50a.jpg,train,not_ewaste,train,cbe88d4fb0f107f65fb20302a13d0d441bb60274bb24239a6562c3d74cbab086,COPIED,ml/data/candidates/phase11_reblocked/train/not_ewaste/Paper_Waste__IMG_20250822_142228_jpg.rf.26b983f263b182f6eb6570c00301c50a.jpg,a8d837bb500401db349607e50495d6f884134694974e1285e2b21f8bde62a624
ml/data/candidates/reject_v2/train/not_ewaste/Paper_Waste__IMG_20250822_142228_jpg.rf.5b924b86b3eb7358694053cc2ade1fb7.jpg,train,not_ewaste,train,cbe88d4fb0f107f65fb20302a13d0d441bb60274bb24239a6562c3d74cbab086,COPIED,ml/data/candidates/phase11_reblocked/train/not_ewaste/Paper_Waste__IMG_20250822_142228_jpg.rf.5b924b86b3eb7358694053cc2ade1fb7.jpg,72122f9d60afe97fc589367b2f4304cb03e269216bd735c8faa10f52e3c0db61
ml/data/candidates/reject_v2/train/not_ewaste/Paper_Waste__IMG_20250822_142228_jpg.rf.6a3335a4deec2d030688b6dab73f0e68.jpg,train,not_ewaste,train,cbe88d4fb0f107f65fb20302a13d0d441bb60274bb24239a6562c3d74cbab086,COPIED,ml/data/candidates/phase11_reblocked/train/not_ewaste/Paper_Waste__IMG_20250822_142228_jpg.rf.6a3335a4deec2d030688b6dab73f0e68.jpg,66d9bc686e4da0cb231267fbff4882b56ac9fd14729bf7dda549ae848b60ddad
ml/data/candidates/reject_v2/validation/not_ewaste/Paper_Waste__IMG_20250822_142225_jpg.rf.fb98ee37ad43b9c50c7034721f3dbd67.jpg,validation,not_ewaste,train,cbe88d4fb0f107f65fb20302a13d0d441bb60274bb24239a6562c3d74cbab086,COPIED,ml/data/candidates/phase11_reblocked/train/not_ewaste/Paper_Waste__IMG_20250822_142225_jpg.rf.fb98ee37ad43b9c50c7034721f3dbd67.jpg,e1365e16a9c0eaecf7897d793461e39a5612d3f23c8571ca692014f6d22a665e
ml/data/candidates/reject_v2/test/not_ewaste/Paper_Waste__IMG_20250822_142225_1_jpg.rf.bf1dc8734d550d4fe1d7e7395f5dd0e7.jpg,test,not_ewaste,train,cbe88d4fb0f107f65fb20302a13d0d441bb60274bb24239a6562c3d74cbab086,COPIED,ml/data/candidates/phase11_reblocked/train/not_ewaste/Paper_Waste__IMG_20250822_142225_1_jpg.rf.bf1dc8734d550d4fe1d7e7395f5dd0e7.jpg,d33effa0abcb7ca4f21b248f95ab173123331c70db80cf6197f006210c68ad82
ml/data/candidates/reject_v2/test/not_ewaste/Paper_Waste__IMG_20250822_142226_jpg.rf.a86e6e16236c763e0b1d7d58ef48acb6.jpg,test,not_ewaste,train,cbe88d4fb0f107f65fb20302a13d0d441bb60274bb24239a6562c3d74cbab086,COPIED,ml/data/candidates/phase11_reblocked/train/not_ewaste/Paper_Waste__IMG_20250822_142226_jpg.rf.a86e6e16236c763e0b1d7d58ef48acb6.jpg,d317f7393c525e5d3b2a228784449b8faa52992752bc3850be4e01d79c790203
ml/data/candidates/reject_v2/test/not_ewaste/Paper_Waste__IMG_20250822_142229_jpg.rf.0e6d6225a922628f52fc8f3e34d4cc83.jpg,test,not_ewaste,train,cbe88d4fb0f107f65fb20302a13d0d441bb60274bb24239a6562c3d74cbab086,COPIED,ml/data/candidates/phase11_reblocked/train/not_ewaste/Paper_Waste__IMG_20250822_142229_jpg.rf.0e6d6225a922628f52fc8f3e34d4cc83.jpg,80a8435028143d54e24b9c5c925edc0a9137f33fa19fcc77741287cdd9049c20
ml/data/candidates/reject_v2/train/not_ewaste/Glass_Waste__IMG_20250822_142417_jpg.rf.30dfca9b70744a20750486da26844db9.jpg,train,not_ewaste,train,4515ae1f0c3719796d23e474d7aecaeadfb6784063d325dbf73ea807f0c0b14e,COPIED,ml/data/candidates/phase11_reblocked/train/not_ewaste/Glass_Waste__IMG_20250822_142417_jpg.rf.30dfca9b70744a20750486da26844db9.jpg,35d4e7800f52b9629590425a181003a9b35133189bf652227368dd6eb9ab8396
ml/data/candidates/reject_v2/train/not_ewaste/Glass_Waste__IMG_20250822_142417_jpg.rf.a6e77d350f402d1417bfcd3f8feca16d.jpg,train,not_ewaste,train,4515ae1f0c3719796d23e474d7aecaeadfb6784063d325dbf73ea807f0c0b14e,COPIED,ml/data/candidates/phase11_reblocked/train/not_ewaste/Glass_Waste__IMG_20250822_142417_jpg.rf.a6e77d350f402d1417bfcd3f8feca16d.jpg,f2aafb10ea4defcd0fe7c3841796802702a205347b9b83638d5532312806f342
ml/data/candidates/reject_v2/train/not_ewaste/Glass_Waste__IMG_20250822_142417_jpg.rf.f19bc87665cf051a8c74c969199dc7f4.jpg,train,not_ewaste,train,4515ae1f0c3719796d23e474d7aecaeadfb6784063d325dbf73ea807f0c0b14e,COPIED,ml/data/candidates/phase11_reblocked/train/not_ewaste/Glass_Waste__IMG_20250822_142417_jpg.rf.f19bc87665cf051a8c74c969199dc7f4.jpg,e4dfcac355f218123b2f8061ff917e50be2ad83f8fce17d8c65ff1ff6ec507a6
ml/data/candidates/reject_v2/test/not_ewaste/Glass_Waste__IMG_20250822_142415_jpg.rf.e890f8b442f546d4a845247b078a42b5.jpg,test,not_ewaste,train,4515ae1f0c3719796d23e474d7aecaeadfb6784063d325dbf73ea807f0c0b14e,COPIED,ml/data/candidates/phase11_reblocked/train/not_ewaste/Glass_Waste__IMG_20250822_142415_jpg.rf.e890f8b442f546d4a845247b078a42b5.jpg,e7533ffbf79380fb7c24be48e43cc63fa715850ffef5018b2eaac7a142b56b04
ml/data/candidates/reject_v2/validation/not_ewaste/Paper_Waste__IMG_20250822_140822_jpg.rf.04e7125331b3909f0634109dc0b408d0.jpg,validation,not_ewaste,train,ffac7282a96c1f530ea9cba57044d2bccd495894929f6bf9ab20a0da0ee30292,COPIED,ml/data/candidates/phase11_reblocked/train/not_ewaste/Paper_Waste__IMG_20250822_140822_jpg.rf.04e7125331b3909f0634109dc0b408d0.jpg,5a81b4a0f214dff3babc0ccf933a9c805636ce57cc0bcba692351f83385732c5
ml/data/candidates/reject_v2/train/not_ewaste/Organic_Waste__IMG_20250822_142924_jpg.rf.2a74697d88087fd4e7fd488d55b8c84f.jpg,train,not_ewaste,train,b55662a549d1809c19fd6fd3532bfaae5be82661b9b9d4698623f7bab3a69e94,COPIED,ml/data/candidates/phase11_reblocked/train/not_ewaste/Organic_Waste__IMG_20250822_142924_jpg.rf.2a74697d88087fd4e7fd488d55b8c84f.jpg,ef9cc4098fae3991b13e4735ad6a611769c6b5f45d90f84e4e5cbb49a66f5858
ml/data/candidates/reject_v2/train/not_ewaste/Organic_Waste__IMG_20250822_142924_jpg.rf.9de8747b6952c98ebc3f71d26824fe8c.jpg,train,not_ewaste,train,b55662a549d1809c19fd6fd3532bfaae5be82661b9b9d4698623f7bab3a69e94,COPIED,ml/data/candidates/phase11_reblocked/train/not_ewaste/Organic_Waste__IMG_20250822_142924_jpg.rf.9de8747b6952c98ebc3f71d26824fe8c.jpg,a45999d740a806fb78d1559bb07f0771ae45f374d4da7ccd393ed9df7ed0f1bc
ml/data/candidates/reject_v2/train/not_ewaste/Organic_Waste__IMG_20250822_142924_jpg.rf.f09a3c32254d643759e6db5f8ecbe2fd.jpg,train,not_ewaste,train,b55662a549d1809c19fd6fd3532bfaae5be82661b9b9d4698623f7bab3a69e94,COPIED,ml/data/candidates/phase11_reblocked/train/not_ewaste/Organic_Waste__IMG_20250822_142924_jpg.rf.f09a3c32254d643759e6db5f8ecbe2fd.jpg,61f0e5a967cb7b6e86ac8e27a418354709699aea253139d93d479fa706164011
ml/data/candidates/reject_v2/validation/not_ewaste/Plastic_Waste__IMG_20250805_205124_jpg.rf.78df0cca1428186a7f08938aaa479eef.jpg,validation,not_ewaste,train,e8bea2ce0987589b373419426da4228d1d557e73933bb99c3a76b4f517c6080f,COPIED,ml/data/candidates/phase11_reblocked/train/not_ewaste/Plastic_Waste__IMG_20250805_205124_jpg.rf.78df0cca1428186a7f08938aaa479eef.jpg,bfdafa0c65ac3177f260c60083b6a503c45fdb048b715feb57a8cead3e7713c8
ml/data/candidates/reject_v2/validation/not_ewaste/Plastic_Waste__IMG_20250805_204600_jpg.rf.f5309d1d3a32ffe897ed5d093aeb73de.jpg,validation,not_ewaste,train,7533c6a9ab0feecfc5a05fde193fb74a869183f009715ba798904160a5d56432,COPIED,ml/data/candidates/phase11_reblocked/train/not_ewaste/Plastic_Waste__IMG_20250805_204600_jpg.rf.f5309d1d3a32ffe897ed5d093aeb73de.jpg,5f130515490eb68d9d59fbe9275ea2ea6ba40f79cfdfce3164f2916b1bd111b7
ml/data/candidates/reject_v2/test/not_ewaste/Plastic_Waste__IMG_20250805_204101_jpg.rf.d9cb7a9fb4bd9ff815ed45b7b230fc48.jpg,test,not_ewaste,train,35abc60b3c3bd5d39424ccb3a231fd9b9441ca4c1cef3e8e1a762d3902269da8,COPIED,ml/data/candidates/phase11_reblocked/train/not_ewaste/Plastic_Waste__IMG_20250805_204101_jpg.rf.d9cb7a9fb4bd9ff815ed45b7b230fc48.jpg,043f8a1c7636462d40e358e1f23236558b2986eafc2ce4d272e361c5174550c2
ml/data/candidates/reject_v2/train/not_ewaste/Plastic_Waste__IMG_20250805_204602_jpg.rf.46126897b0ce94667462e96af8c74250.jpg,train,not_ewaste,train,f31a264d84fcb246bf94e5da3c7469e79ffe60b60d0f9bc4c5d3d671261561fa,COPIED,ml/data/candidates/phase11_reblocked/train/not_ewaste/Plastic_Waste__IMG_20250805_204602_jpg.rf.46126897b0ce94667462e96af8c74250.jpg,cb54b25b5faac3bb8444b16bd7ebb673de6aec4ff5088811f73d938812f7ecd5
ml/data/candidates/reject_v2/train/not_ewaste/Plastic_Waste__IMG_20250805_204602_jpg.rf.ca39c7f17f268eee945155a3c03eb96b.jpg,train,not_ewaste,train,f31a264d84fcb246bf94e5da3c7469e79ffe60b60d0f9bc4c5d3d671261561fa,COPIED,ml/data/candidates/phase11_reblocked/train/not_ewaste/Plastic_Waste__IMG_20250805_204602_jpg.rf.ca39c7f17f268eee945155a3c03eb96b.jpg,f341c42c0573ffb90bda4f3c6c02ce531074697de4430df11d3da63527cd77f4
ml/data/candidates/reject_v2/train/not_ewaste/Plastic_Waste__IMG_20250805_204602_jpg.rf.e71be67a5e7b6075a037f1f07c5a4bac.jpg,train,not_ewaste,train,f31a264d84fcb246bf94e5da3c7469e79ffe60b60d0f9bc4c5d3d671261561fa,COPIED,ml/data/candidates/phase11_reblocked/train/not_ewaste/Plastic_Waste__IMG_20250805_204602_jpg.rf.e71be67a5e7b6075a037f1f07c5a4bac.jpg,4bebd1586d6a9c9b314dff948fd8f44e5f8d73297a4582558cc7e5dd4b4a5a7b
ml/data/candidates/reject_v2/validation/not_ewaste/Plastic_Waste__IMG_20250805_204601_jpg.rf.962e98b8a533612bdc4285fee12d3d21.jpg,validation,not_ewaste,train,f31a264d84fcb246bf94e5da3c7469e79ffe60b60d0f9bc4c5d3d671261561fa,COPIED,ml/data/candidates/phase11_reblocked/train/not_ewaste/Plastic_Waste__IMG_20250805_204601_jpg.rf.962e98b8a533612bdc4285fee12d3d21.jpg,997ff04ae6671fa6933ffd811f97cb696f25f28ddae09ab942121a24cbaafabe
ml/data/candidates/reject_v2/validation/not_ewaste/Plastic_Waste__IMG_20250820_000336_jpg.rf.0283b97d8d42640c2b4d9a59bc1fe4e1.jpg,validation,not_ewaste,train,1473a023bb3314b17fc2d38e9192ed2fcb49a92857bbf11034745c5b979fc776,COPIED,ml/data/candidates/phase11_reblocked/train/not_ewaste/Plastic_Waste__IMG_20250820_000336_jpg.rf.0283b97d8d42640c2b4d9a59bc1fe4e1.jpg,ed0072e92aeebae608c18c6cb11836b825399b323c36021f2699898996001454
ml/data/candidates/reject_v2/test/not_ewaste/Glass_Waste__IMG_20250822_142626_jpg.rf.f441d257ba63154645fb9a0b0941a3c6.jpg,test,not_ewaste,train,60b8305831843cfe862ab9839df5da98ca83559af5881188de11fbfbdde17368,COPIED,ml/data/candidates/phase11_reblocked/train/not_ewaste/Glass_Waste__IMG_20250822_142626_jpg.rf.f441d257ba63154645fb9a0b0941a3c6.jpg,dd4911661d425153b14ad499393d3a65268faa05587b0fcc9887bf6386bd86a2
ml/data/candidates/reject_v2/test/not_ewaste/Plastic_Waste__IMG_20250805_205407_jpg.rf.383bfbcfa782b11d1f75a83b614daa5c.jpg,test,not_ewaste,train,4ff9078f0e4cb6969205ead58a4ea1dc22f1fe8c7bfa968014d32940b4a1703a,COPIED,ml/data/candidates/phase11_reblocked/train/not_ewaste/Plastic_Waste__IMG_20250805_205407_jpg.rf.383bfbcfa782b11d1f75a83b614daa5c.jpg,a216a8fdda72c704f2e45fcf60450a1cfe346021749b69e67852432e11efc8af
ml/data/candidates/reject_v2/train/not_ewaste/Plastic_Waste__IMG_20250805_204652_jpg.rf.03dc1af6ae479cd64eb2e3b9aa4b0256.jpg,train,not_ewaste,train,58ca86040288df93e910fcd31b3ee68158a7281615c6c1efd7003cf4e5df0baf,COPIED,ml/data/candidates/phase11_reblocked/train/not_ewaste/Plastic_Waste__IMG_20250805_204652_jpg.rf.03dc1af6ae479cd64eb2e3b9aa4b0256.jpg,8e22bd9c7cbf10bb17b213b8efd7aa01fa0c62da88800ddcd650726954d25fee
ml/data/candidates/reject_v2/train/not_ewaste/Plastic_Waste__IMG_20250805_204652_jpg.rf.6213782d7dfc6c03ce7d2837dfece6b6.jpg,train,not_ewaste,train,58ca86040288df93e910fcd31b3ee68158a7281615c6c1efd7003cf4e5df0baf,COPIED,ml/data/candidates/phase11_reblocked/train/not_ewaste/Plastic_Waste__IMG_20250805_204652_jpg.rf.6213782d7dfc6c03ce7d2837dfece6b6.jpg,b7650aebe0fc352ffa049865d7ac4686b23343febb8a2368d390504447c57cd5
ml/data/candidates/reject_v2/train/not_ewaste/Plastic_Waste__IMG_20250805_204652_jpg.rf.ca65f300923a53f870cd47176cc88be0.jpg,train,not_ewaste,train,58ca86040288df93e910fcd31b3ee68158a7281615c6c1efd7003cf4e5df0baf,COPIED,ml/data/candidates/phase11_reblocked/train/not_ewaste/Plastic_Waste__IMG_20250805_204652_jpg.rf.ca65f300923a53f870cd47176cc88be0.jpg,6239781b8747eb2348e4619a318ab475533d1c8fc71b1a0f1888da42c5ddfa18
ml/data/candidates/reject_v2/train/not_ewaste/Plastic_Waste__IMG_20250805_204654_jpg.rf.1b5287f35ded5bb717ad0bf3478514dc.jpg,train,not_ewaste,train,58ca86040288df93e910fcd31b3ee68158a7281615c6c1efd7003cf4e5df0baf,COPIED,ml/data/candidates/phase11_reblocked/train/not_ewaste/Plastic_Waste__IMG_20250805_204654_jpg.rf.1b5287f35ded5bb717ad0bf3478514dc.jpg,442bd3df17aa0749f21954d21a1ea1c765f291931e85d19aa2743ffb2d1c3c55
ml/data/candidates/reject_v2/train/not_ewaste/Plastic_Waste__IMG_20250805_204654_jpg.rf.27a0fc92c4dd256c055e35e903ddcbc3.jpg,train,not_ewaste,train,58ca86040288df93e910fcd31b3ee68158a7281615c6c1efd7003cf4e5df0baf,COPIED,ml/data/candidates/phase11_reblocked/train/not_ewaste/Plastic_Waste__IMG_20250805_204654_jpg.rf.27a0fc92c4dd256c055e35e903ddcbc3.jpg,78557ba9af12c0e2a836bfd54844e5bc0d7a85cedf7b6e0b8563897a06114e52
ml/data/candidates/reject_v2/train/not_ewaste/Plastic_Waste__IMG_20250805_204654_jpg.rf.78ee798b177e9fa9b4f4ecf48386d3a0.jpg,train,not_ewaste,train,58ca86040288df93e910fcd31b3ee68158a7281615c6c1efd7003cf4e5df0baf,COPIED,ml/data/candidates/phase11_reblocked/train/not_ewaste/Plastic_Waste__IMG_20250805_204654_jpg.rf.78ee798b177e9fa9b4f4ecf48386d3a0.jpg,c13855df58ea7d5fbcc721847c0318d549d444881bb9afd5f2e9b5c7906a101f
ml/data/candidates/reject_v2/train/not_ewaste/Plastic_Waste__IMG_20250805_204508_jpg.rf.deb1069525d54bb22e66a1eec9abc5df.jpg,train,not_ewaste,train,3236489c48d27b9504c02c46b43a49f61fd98136c64f475586a90f41b84d355b,COPIED,ml/data/candidates/phase11_reblocked/train/not_ewaste/Plastic_Waste__IMG_20250805_204508_jpg.rf.deb1069525d54bb22e66a1eec9abc5df.jpg,c835eb0406c9b0774d6e090ab3c00c9f1c3711828d2dca4cc02a9c815225f099
ml/data/candidates/reject_v2/train/not_ewaste/Plastic_Waste__IMG_20250805_204508_jpg.rf.f20816cec453b10be1f7e64c66116bee.jpg,train,not_ewaste,train,3236489c48d27b9504c02c46b43a49f61fd98136c64f475586a90f41b84d355b,COPIED,ml/data/candidates/phase11_reblocked/train/not_ewaste/Plastic_Waste__IMG_20250805_204508_jpg.rf.f20816cec453b10be1f7e64c66116bee.jpg,b83b7ec500a68284faf16536fcd4260c562f33691a147b98d9aba70366bbc691
ml/data/candidates/reject_v2/train/not_ewaste/Plastic_Waste__IMG_20250805_204508_jpg.rf.f8e0699e0f90354379408b75a8e6f6e0.jpg,train,not_ewaste,train,3236489c48d27b9504c02c46b43a49f61fd98136c64f475586a90f41b84d355b,COPIED,ml/data/candidates/phase11_reblocked/train/not_ewaste/Plastic_Waste__IMG_20250805_204508_jpg.rf.f8e0699e0f90354379408b75a8e6f6e0.jpg,acc038b47d28be3ddb4044490b87689d0426d22693652a016154a48eb928bd94
ml/data/candidates/reject_v2/train/not_ewaste/Plastic_Waste__IMG_20250805_204510_jpg.rf.68cd7514cdffd79fb1345a3738ba2d40.jpg,train,not_ewaste,train,3236489c48d27b9504c02c46b43a49f61fd98136c64f475586a90f41b84d355b,COPIED,ml/data/candidates/phase11_reblocked/train/not_ewaste/Plastic_Waste__IMG_20250805_204510_jpg.rf.68cd7514cdffd79fb1345a3738ba2d40.jpg,3102f08cd4c1c00eb873a530f9f1dc71191c2318518c029fe825746989042994
ml/data/candidates/reject_v2/train/not_ewaste/Plastic_Waste__IMG_20250805_204510_jpg.rf.802686fae7a7cc86027a32e2c9a9848d.jpg,train,not_ewaste,train,3236489c48d27b9504c02c46b43a49f61fd98136c64f475586a90f41b84d355b,COPIED,ml/data/candidates/phase11_reblocked/train/not_ewaste/Plastic_Waste__IMG_20250805_204510_jpg.rf.802686fae7a7cc86027a32e2c9a9848d.jpg,9493f5f47eed360d5107f85fe691e8bcb11215213e835d1649a3b0921d6c0cd3
ml/data/candidates/reject_v2/train/not_ewaste/Plastic_Waste__IMG_20250805_204510_jpg.rf.9bc454a6736da53f1041c52a72f7b045.jpg,train,not_ewaste,train,3236489c48d27b9504c02c46b43a49f61fd98136c64f475586a90f41b84d355b,COPIED,ml/data/candidates/phase11_reblocked/train/not_ewaste/Plastic_Waste__IMG_20250805_204510_jpg.rf.9bc454a6736da53f1041c52a72f7b045.jpg,dc8f87f6fb7419fb6cd41e027e3a2dff86db7571631d8630d19606990ae82d3d
ml/data/candidates/reject_v2/test/not_ewaste/Plastic_Waste__IMG_20250805_204509_jpg.rf.8d4d8d7aecbaad03b2d5e3cea5250aa8.jpg,test,not_ewaste,train,3236489c48d27b9504c02c46b43a49f61fd98136c64f475586a90f41b84d355b,COPIED,ml/data/candidates/phase11_reblocked/train/not_ewaste/Plastic_Waste__IMG_20250805_204509_jpg.rf.8d4d8d7aecbaad03b2d5e3cea5250aa8.jpg,580c470e6be94352ab81516e30d39a72bf7582543f7fc63a127f741e2643952c
ml/data/candidates/reject_v2/train/not_ewaste/Plastic_Waste__IMG_20250822_142140_jpg.rf.12688068d2bc49068b201ac32289690b.jpg,train,not_ewaste,train,90feb9de2b0d647f28aa361faad1a579e54872aa84df3a689eb3162b22490035,COPIED,ml/data/candidates/phase11_reblocked/train/not_ewaste/Plastic_Waste__IMG_20250822_142140_jpg.rf.12688068d2bc49068b201ac32289690b.jpg,f451b522d3408b9e18e4ea0ef6bbc0450384cbe0eee634c0d6c0414172a3445b
ml/data/candidates/reject_v2/train/not_ewaste/Plastic_Waste__IMG_20250822_142140_jpg.rf.51bffa61b0c75e687df6c9a52b03d1b0.jpg,train,not_ewaste,train,90feb9de2b0d647f28aa361faad1a579e54872aa84df3a689eb3162b22490035,COPIED,ml/data/candidates/phase11_reblocked/train/not_ewaste/Plastic_Waste__IMG_20250822_142140_jpg.rf.51bffa61b0c75e687df6c9a52b03d1b0.jpg,5bcd71c39c506bdca2f820d0e56869abaae264e3593c28b45bca8b4c7f022319
ml/data/candidates/reject_v2/train/not_ewaste/Plastic_Waste__IMG_20250822_142140_jpg.rf.f1587160111a004e1c996291342da836.jpg,train,not_ewaste,train,90feb9de2b0d647f28aa361faad1a579e54872aa84df3a689eb3162b22490035,COPIED,ml/data/candidates/phase11_reblocked/train/not_ewaste/Plastic_Waste__IMG_20250822_142140_jpg.rf.f1587160111a004e1c996291342da836.jpg,443c9069ec30ba33c4f362c95edfd00f37261fe50e4ac52ebb6d29c97beb9774
ml/data/candidates/reject_v2/train/not_ewaste/Plastic_Waste__IMG_20250822_142141_jpg.rf.768b325d85d61071f8e06e4ee4dd846a.jpg,train,not_ewaste,train,90feb9de2b0d647f28aa361faad1a579e54872aa84df3a689eb3162b22490035,COPIED,ml/data/candidates/phase11_reblocked/train/not_ewaste/Plastic_Waste__IMG_20250822_142141_jpg.rf.768b325d85d61071f8e06e4ee4dd846a.jpg,871712d0ff13f2bd2ebb572ce33f87c5178eee72fa64f7a14d9d74e2b14b28ad
ml/data/candidates/reject_v2/train/not_ewaste/Plastic_Waste__IMG_20250822_142141_jpg.rf.7ff307ff4faf0087a05562944b8ee74e.jpg,train,not_ewaste,train,90feb9de2b0d647f28aa361faad1a579e54872aa84df3a689eb3162b22490035,COPIED,ml/data/candidates/phase11_reblocked/train/not_ewaste/Plastic_Waste__IMG_20250822_142141_jpg.rf.7ff307ff4faf0087a05562944b8ee74e.jpg,b263e528c615df201c0ad6f1c70185297e96be695224ab120e867b263f5fbd65
ml/data/candidates/reject_v2/train/not_ewaste/Plastic_Waste__IMG_20250822_142141_jpg.rf.8b419e89aca132e7dc4ec7042f2b1e40.jpg,train,not_ewaste,train,90feb9de2b0d647f28aa361faad1a579e54872aa84df3a689eb3162b22490035,COPIED,ml/data/candidates/phase11_reblocked/train/not_ewaste/Plastic_Waste__IMG_20250822_142141_jpg.rf.8b419e89aca132e7dc4ec7042f2b1e40.jpg,79ce0633316afeef47a15128396b44d9e8e443e303d82cc1f307fafe3bd3ed97
ml/data/candidates/reject_v2/train/not_ewaste/Organic_Waste__IMG_20250822_142921_jpg.rf.28e11e91824e891ae86a6f949f27e227.jpg,train,not_ewaste,train,8fb0bbd1b6129c3f0dc48b8a154a8edb3fe73fae0cd02eac5c6558e83afd61a0,COPIED,ml/data/candidates/phase11_reblocked/train/not_ewaste/Organic_Waste__IMG_20250822_142921_jpg.rf.28e11e91824e891ae86a6f949f27e227.jpg,d6632507e03c6b75a89dda7c9cb169896053d13d28d97ad3e22adcc1c8cfd6d4
ml/data/candidates/reject_v2/train/not_ewaste/Organic_Waste__IMG_20250822_142921_jpg.rf.86f6e4e5c3132716ac77edf8472cdc25.jpg,train,not_ewaste,train,8fb0bbd1b6129c3f0dc48b8a154a8edb3fe73fae0cd02eac5c6558e83afd61a0,COPIED,ml/data/candidates/phase11_reblocked/train/not_ewaste/Organic_Waste__IMG_20250822_142921_jpg.rf.86f6e4e5c3132716ac77edf8472cdc25.jpg,0b8a5c1ee84edb0d70050f46698269015076fa1cf45fec79733a5ed791b71d45
ml/data/candidates/reject_v2/train/not_ewaste/Organic_Waste__IMG_20250822_142921_jpg.rf.eb977a2c390b8e3de6c48c6eaa76b1c7.jpg,train,not_ewaste,train,8fb0bbd1b6129c3f0dc48b8a154a8edb3fe73fae0cd02eac5c6558e83afd61a0,COPIED,ml/data/candidates/phase11_reblocked/train/not_ewaste/Organic_Waste__IMG_20250822_142921_jpg.rf.eb977a2c390b8e3de6c48c6eaa76b1c7.jpg,3905736666938fe6fab51649261878fc32d68c24f405b042da1ae350cb76bed8
ml/data/candidates/reject_v2/train/not_ewaste/Organic_Waste__IMG_20250822_142922_jpg.rf.5883d284addd80c919e10bccc80f94ff.jpg,train,not_ewaste,train,8fb0bbd1b6129c3f0dc48b8a154a8edb3fe73fae0cd02eac5c6558e83afd61a0,COPIED,ml/data/candidates/phase11_reblocked/train/not_ewaste/Organic_Waste__IMG_20250822_142922_jpg.rf.5883d284addd80c919e10bccc80f94ff.jpg,e221bfe5f0f41fd6457250ab3f21e37de878f30ad92d5bed7d29c4f6176eeb26
ml/data/candidates/reject_v2/train/not_ewaste/Organic_Waste__IMG_20250822_142922_jpg.rf.a93e32d91da92ce2755cefa8a515f4ec.jpg,train,not_ewaste,train,8fb0bbd1b6129c3f0dc48b8a154a8edb3fe73fae0cd02eac5c6558e83afd61a0,COPIED,ml/data/candidates/phase11_reblocked/train/not_ewaste/Organic_Waste__IMG_20250822_142922_jpg.rf.a93e32d91da92ce2755cefa8a515f4ec.jpg,1a19f04df23f3ab9ce23b256b0b5ef8f9422ab0fb058f0301d6a9dcb8e3b9bbe
ml/data/candidates/reject_v2/train/not_ewaste/Organic_Waste__IMG_20250822_142922_jpg.rf.caa3b7d519397bc55f30ac0e31b89138.jpg,train,not_ewaste,train,8fb0bbd1b6129c3f0dc48b8a154a8edb3fe73fae0cd02eac5c6558e83afd61a0,COPIED,ml/data/candidates/phase11_reblocked/train/not_ewaste/Organic_Waste__IMG_20250822_142922_jpg.rf.caa3b7d519397bc55f30ac0e31b89138.jpg,de70f1d22291cc1f3629d465c9070bfd96053171a071789d9421a2965907c018
ml/data/candidates/reject_v2/validation/not_ewaste/Plastic_Waste__IMG_20250822_142043_jpg.rf.fc636330f59e0bb10d2155f33a223a08.jpg,validation,not_ewaste,train,e1a52dc2decfa9725c9ec9f4768b3c353b5b679e53b2f6c295a241de9f443f36,COPIED,ml/data/candidates/phase11_reblocked/train/not_ewaste/Plastic_Waste__IMG_20250822_142043_jpg.rf.fc636330f59e0bb10d2155f33a223a08.jpg,82105cc8fdca87ddb9ccc6f01cb1c93869cbb4fbe6c00f2d3534f243ed1deb80
ml/data/candidates/reject_v2/train/not_ewaste/Plastic_Waste__IMG_20250820_000402_jpg.rf.37c627449659a7f958facfef260f6a1f.jpg,train,not_ewaste,train,d73d06adf2a675a70ed29360155eef12773d214b9e4097ec6cf122fff72220de,COPIED,ml/data/candidates/phase11_reblocked/train/not_ewaste/Plastic_Waste__IMG_20250820_000402_jpg.rf.37c627449659a7f958facfef260f6a1f.jpg,16f5690846fb41c229a975252ac6e4b6d94f334020b68a6b888d0e3347bbf1c4
ml/data/candidates/reject_v2/train/not_ewaste/Plastic_Waste__IMG_20250820_000402_jpg.rf.7e2c25c717c92c35a00c0d3d19e554a1.jpg,train,not_ewaste,train,d73d06adf2a675a70ed29360155eef12773d214b9e4097ec6cf122fff72220de,COPIED,ml/data/candidates/phase11_reblocked/train/not_ewaste/Plastic_Waste__IMG_20250820_000402_jpg.rf.7e2c25c717c92c35a00c0d3d19e554a1.jpg,b7c95f6188623a92a59f9138938f0fc7228147418eadc9c862d811a3c84d1a20
ml/data/candidates/reject_v2/train/not_ewaste/Plastic_Waste__IMG_20250820_000402_jpg.rf.809037ac3f7d007477269c9cb36381c4.jpg,train,not_ewaste,train,d73d06adf2a675a70ed29360155eef12773d214b9e4097ec6cf122fff72220de,COPIED,ml/data/candidates/phase11_reblocked/train/not_ewaste/Plastic_Waste__IMG_20250820_000402_jpg.rf.809037ac3f7d007477269c9cb36381c4.jpg,36147951f78af4fc78c870f7fc7a4392c1e7a11040abee2d02030fe0a6b30f7e
ml/data/candidates/reject_v2/train/not_ewaste/Plastic_Waste__IMG_20250805_205102_jpg.rf.4901133fb4210567b51b1fa4dba1799b.jpg,train,not_ewaste,train,3cb29e453a15c154ce19cf07c860737be7a7d3cbdcdf9d44682351928e8d3abb,COPIED,ml/data/candidates/phase11_reblocked/train/not_ewaste/Plastic_Waste__IMG_20250805_205102_jpg.rf.4901133fb4210567b51b1fa4dba1799b.jpg,22bb7b35f66619451529080b09251830dc4c32fc1fb6eb0ef07fb1de51a37ee9
ml/data/candidates/reject_v2/train/not_ewaste/Plastic_Waste__IMG_20250805_205102_jpg.rf.67317ca5269d67c2af3ee1a067db2f3c.jpg,train,not_ewaste,train,3cb29e453a15c154ce19cf07c860737be7a7d3cbdcdf9d44682351928e8d3abb,COPIED,ml/data/candidates/phase11_reblocked/train/not_ewaste/Plastic_Waste__IMG_20250805_205102_jpg.rf.67317ca5269d67c2af3ee1a067db2f3c.jpg,61c7d9083b1feb1ab7a622396a1190c8fbea603987ae5da9b8b1fe83d76ad8fe
ml/data/candidates/reject_v2/train/not_ewaste/Plastic_Waste__IMG_20250805_205102_jpg.rf.724a33c1a972ec7984875ad3afcfffff.jpg,train,not_ewaste,train,3cb29e453a15c154ce19cf07c860737be7a7d3cbdcdf9d44682351928e8d3abb,COPIED,ml/data/candidates/phase11_reblocked/train/not_ewaste/Plastic_Waste__IMG_20250805_205102_jpg.rf.724a33c1a972ec7984875ad3afcfffff.jpg,1fe3352e20d375ee3ab643c792470c6bad45b0e2084578ed58dd0d663550ac46
ml/data/candidates/reject_v2/validation/not_ewaste/Organic_Waste__IMG_20250822_142926_jpg.rf.0175a116ebd90ff39ddffc3abdc8ad3a.jpg,validation,not_ewaste,train,4ded9682072c8803e3c1eb7f8abc31607b41933cc7d79bec7f85cb4e3cb1c167,COPIED,ml/data/candidates/phase11_reblocked/train/not_ewaste/Organic_Waste__IMG_20250822_142926_jpg.rf.0175a116ebd90ff39ddffc3abdc8ad3a.jpg,a13571e63bf7b8a320be0574e27e1190cc963240f84a4894bc7add24e623f595
ml/data/candidates/reject_v2/test/not_ewaste/Plastic_Waste__IMG_20250805_205130_1_jpg.rf.d310add3682b1d0a4906410c40409da1.jpg,test,not_ewaste,train,469cf8c38a8a1d3b6a1e25f1e6986617b348768e55953fb500528cc8393f8ea2,COPIED,ml/data/candidates/phase11_reblocked/train/not_ewaste/Plastic_Waste__IMG_20250805_205130_1_jpg.rf.d310add3682b1d0a4906410c40409da1.jpg,59c00bb26f4399e1a2cfe144f7ba61dde611bf3d30686c3be59717c3764bc33f
ml/data/candidates/reject_v2/test/not_ewaste/Plastic_Waste__IMG_20250805_205130_jpg.rf.37660d23e50404fec5f8306b8a719641.jpg,test,not_ewaste,train,469cf8c38a8a1d3b6a1e25f1e6986617b348768e55953fb500528cc8393f8ea2,COPIED,ml/data/candidates/phase11_reblocked/train/not_ewaste/Plastic_Waste__IMG_20250805_205130_jpg.rf.37660d23e50404fec5f8306b8a719641.jpg,e719b20484147f946b89a2d076a47b4649fdb6255dde20a79182665b409035eb
ml/data/candidates/reject_v2/train/not_ewaste/Plastic_Waste__IMG_20250805_205038_jpg.rf.12507d829665c562176b1e321ed187ee.jpg,train,not_ewaste,train,f64ab9aa7eb789d2ddeace2e82294e13413691bfc3a14073160ce237b00cb1ef,COPIED,ml/data/candidates/phase11_reblocked/train/not_ewaste/Plastic_Waste__IMG_20250805_205038_jpg.rf.12507d829665c562176b1e321ed187ee.jpg,2c9e56553ff51be293d683c7742d40557cdd2994d72aeaf018c4bece10b35b7d
ml/data/candidates/reject_v2/train/not_ewaste/Plastic_Waste__IMG_20250805_205038_jpg.rf.dd22270b401131cb537ada8d3d1cdc50.jpg,train,not_ewaste,train,f64ab9aa7eb789d2ddeace2e82294e13413691bfc3a14073160ce237b00cb1ef,COPIED,ml/data/candidates/phase11_reblocked/train/not_ewaste/Plastic_Waste__IMG_20250805_205038_jpg.rf.dd22270b401131cb537ada8d3d1cdc50.jpg,4159fdf20848076bc9a4f836687ac9653de8bad72a3ffddb2191a2f69c8470da
ml/data/candidates/reject_v2/train/not_ewaste/Plastic_Waste__IMG_20250805_205038_jpg.rf.f2ae810542dafc092fa79ce7f1e04572.jpg,train,not_ewaste,train,f64ab9aa7eb789d2ddeace2e82294e13413691bfc3a14073160ce237b00cb1ef,COPIED,ml/data/candidates/phase11_reblocked/train/not_ewaste/Plastic_Waste__IMG_20250805_205038_jpg.rf.f2ae810542dafc092fa79ce7f1e04572.jpg,725cc768552d3b8b95ba545dbe2e1d044fc7402483ca34629c76e681e1a690e7
ml/data/candidates/reject_v2/train/not_ewaste/Glass_Waste__IMG_20250803_221505_jpg.rf.581630c4b8a1d2abd627828b2c5815de.jpg,train,not_ewaste,train,7b41ab56e7e5bed6a5d595b47075a773940c2f374b16bdbded7043f9e235a76d,COPIED,ml/data/candidates/phase11_reblocked/train/not_ewaste/Glass_Waste__IMG_20250803_221505_jpg.rf.581630c4b8a1d2abd627828b2c5815de.jpg,d9638d3f04055cc023221938918e5241260cbf40b23af3ed5be69972096fecd8
ml/data/candidates/reject_v2/train/not_ewaste/Glass_Waste__IMG_20250803_221505_jpg.rf.6e0fed7c295e3ebc6524669b442b08a5.jpg,train,not_ewaste,train,7b41ab56e7e5bed6a5d595b47075a773940c2f374b16bdbded7043f9e235a76d,COPIED,ml/data/candidates/phase11_reblocked/train/not_ewaste/Glass_Waste__IMG_20250803_221505_jpg.rf.6e0fed7c295e3ebc6524669b442b08a5.jpg,0d3c2cdd197a51b6014629b40988dac5af978a50778ad14c42145e0878cd99d2
ml/data/candidates/reject_v2/train/not_ewaste/Glass_Waste__IMG_20250803_221505_jpg.rf.79cb64a66c043d8ad81bdf5fdcd9ecf1.jpg,train,not_ewaste,train,7b41ab56e7e5bed6a5d595b47075a773940c2f374b16bdbded7043f9e235a76d,COPIED,ml/data/candidates/phase11_reblocked/train/not_ewaste/Glass_Waste__IMG_20250803_221505_jpg.rf.79cb64a66c043d8ad81bdf5fdcd9ecf1.jpg,1bc56d6b87bf47540291fe448782355059ff064bcc9ccdc7efeb28250bd6feba
ml/data/candidates/reject_v2/train/not_ewaste/Glass_Waste__IMG_20250803_221506_jpg.rf.4f444aa21d4e7ed0e0e29ba4d838f741.jpg,train,not_ewaste,train,7b41ab56e7e5bed6a5d595b47075a773940c2f374b16bdbded7043f9e235a76d,COPIED,ml/data/candidates/phase11_reblocked/train/not_ewaste/Glass_Waste__IMG_20250803_221506_jpg.rf.4f444aa21d4e7ed0e0e29ba4d838f741.jpg,9d24023ea32b6c37a0c9d3d2cc304b920863d7337d5bfde47397b6c3a3134d71
ml/data/candidates/reject_v2/train/not_ewaste/Glass_Waste__IMG_20250803_221506_jpg.rf.fc56c4305680fb3ed5800b5583a6573c.jpg,train,not_ewaste,train,7b41ab56e7e5bed6a5d595b47075a773940c2f374b16bdbded7043f9e235a76d,COPIED,ml/data/candidates/phase11_reblocked/train/not_ewaste/Glass_Waste__IMG_20250803_221506_jpg.rf.fc56c4305680fb3ed5800b5583a6573c.jpg,9ef9c9546b3815d849d1a4334980fd0b24ca6102ded259811741d46df0f273c3
ml/data/candidates/reject_v2/train/not_ewaste/Glass_Waste__IMG_20250803_221506_jpg.rf.ffe33a77d422fcbc8d46f9a7c67417a6.jpg,train,not_ewaste,train,7b41ab56e7e5bed6a5d595b47075a773940c2f374b16bdbded7043f9e235a76d,COPIED,ml/data/candidates/phase11_reblocked/train/not_ewaste/Glass_Waste__IMG_20250803_221506_jpg.rf.ffe33a77d422fcbc8d46f9a7c67417a6.jpg,993bb2a4b415135508247b4627f956c161b78caaca528bd92448035d63f9af86
ml/data/candidates/reject_v2/train/not_ewaste/Glass_Waste__IMG_20250803_221507_jpg.rf.22771914275e4247ab9b1cd039be84eb.jpg,train,not_ewaste,train,7b41ab56e7e5bed6a5d595b47075a773940c2f374b16bdbded7043f9e235a76d,COPIED,ml/data/candidates/phase11_reblocked/train/not_ewaste/Glass_Waste__IMG_20250803_221507_jpg.rf.22771914275e4247ab9b1cd039be84eb.jpg,229109aae6ba8f2111166eb23c1baf109734050ecaea70a9d8d6bbf04e4356b0
ml/data/candidates/reject_v2/train/not_ewaste/Glass_Waste__IMG_20250803_221507_jpg.rf.3bed1590e5205fdcc7861fb9b5b57d09.jpg,train,not_ewaste,train,7b41ab56e7e5bed6a5d595b47075a773940c2f374b16bdbded7043f9e235a76d,COPIED,ml/data/candidates/phase11_reblocked/train/not_ewaste/Glass_Waste__IMG_20250803_221507_jpg.rf.3bed1590e5205fdcc7861fb9b5b57d09.jpg,13887b3a4e5d567d4144ec0b1e9252e43e16d572b6109e66b75fe3080dbc2f05
ml/data/candidates/reject_v2/train/not_ewaste/Glass_Waste__IMG_20250803_221507_jpg.rf.b301f5fd0b0c84a6945fddf83c096ae3.jpg,train,not_ewaste,train,7b41ab56e7e5bed6a5d595b47075a773940c2f374b16bdbded7043f9e235a76d,COPIED,ml/data/candidates/phase11_reblocked/train/not_ewaste/Glass_Waste__IMG_20250803_221507_jpg.rf.b301f5fd0b0c84a6945fddf83c096ae3.jpg,04ad01dc9d8b547d293bfa7a0f5d4e4b7fbc19de7363301202a7adc4fb21cfb9
ml/data/candidates/reject_v2/validation/not_ewaste/Glass_Waste__IMG_20250803_221509_jpg.rf.a82623207ec63a0367bdc172aeced86a.jpg,validation,not_ewaste,train,7b41ab56e7e5bed6a5d595b47075a773940c2f374b16bdbded7043f9e235a76d,COPIED,ml/data/candidates/phase11_reblocked/train/not_ewaste/Glass_Waste__IMG_20250803_221509_jpg.rf.a82623207ec63a0367bdc172aeced86a.jpg,02d2a5a7a41715e3dd95e4a542b8bef399f7322ceddd9e9db6d9430ccac4cc72
ml/data/candidates/reject_v2/train/not_ewaste/Plastic_Waste__IMG_20250805_204726_jpg.rf.2a6333e7076ff32c5722945aab38a9b8.jpg,train,not_ewaste,train,d74d56dd99ffcc07cd713d2b60cd60f604d5e41f7b43ae3630addf4ae93bff1f,COPIED,ml/data/candidates/phase11_reblocked/train/not_ewaste/Plastic_Waste__IMG_20250805_204726_jpg.rf.2a6333e7076ff32c5722945aab38a9b8.jpg,cd9afa310bcf61921850b5c815bcd65fc79b3e626d288d9110ed975c15982d6a
ml/data/candidates/reject_v2/train/not_ewaste/Plastic_Waste__IMG_20250805_204726_jpg.rf.896f63f7eb134814f6fd0165a87b9f86.jpg,train,not_ewaste,train,d74d56dd99ffcc07cd713d2b60cd60f604d5e41f7b43ae3630addf4ae93bff1f,COPIED,ml/data/candidates/phase11_reblocked/train/not_ewaste/Plastic_Waste__IMG_20250805_204726_jpg.rf.896f63f7eb134814f6fd0165a87b9f86.jpg,26314866ce3bf80af0cf7c9e27a83d071b01d3f4c91e5c3a031d969b70010f33
ml/data/candidates/reject_v2/train/not_ewaste/Plastic_Waste__IMG_20250805_204726_jpg.rf.b507905638f48b3e8f6385cc8e0e411f.jpg,train,not_ewaste,train,d74d56dd99ffcc07cd713d2b60cd60f604d5e41f7b43ae3630addf4ae93bff1f,COPIED,ml/data/candidates/phase11_reblocked/train/not_ewaste/Plastic_Waste__IMG_20250805_204726_jpg.rf.b507905638f48b3e8f6385cc8e0e411f.jpg,1d73dde11f651fb615610c619f2d4b1ce18f33240a89055826c45700347173a3
ml/data/candidates/reject_v2/validation/not_ewaste/Glass_Waste__IMG_20250822_142548_jpg.rf.4ac24ef581df9e286c86a6971b2eb3df.jpg,validation,not_ewaste,train,0ecd872105804f8580bbe62d5576b26ee0b55b04559ac73ce2c67d2395dad323,COPIED,ml/data/candidates/phase11_reblocked/train/not_ewaste/Glass_Waste__IMG_20250822_142548_jpg.rf.4ac24ef581df9e286c86a6971b2eb3df.jpg,25e1a633c4dbe4f9da1df49e62a9a97f83768807247d7591a4ebc73649cde897
ml/data/candidates/reject_v2/validation/not_ewaste/Paper_Waste__IMG_20250822_142307_jpg.rf.6985e2ff119f053d79c5cd2b999bcaf0.jpg,validation,not_ewaste,train,b00beb80223fa4fec77a8c7d6a9d9ddcffe1a9f31eb81ffdf0c431741d56cc1c,COPIED,ml/data/candidates/phase11_reblocked/train/not_ewaste/Paper_Waste__IMG_20250822_142307_jpg.rf.6985e2ff119f053d79c5cd2b999bcaf0.jpg,c8bebd9fd491758aadefc3873128ea256e6c93e592bc96ead722c86d6e003dc3
ml/data/candidates/reject_v2/test/not_ewaste/Paper_Waste__IMG_20250822_140742_jpg.rf.811f3a2798360d968965f3c8b35cf683.jpg,test,not_ewaste,train,ba638d08d0584ec9427859725b1da7f02c8ad78cc6ed9a6dc3adfb51b2b68ebf,COPIED,ml/data/candidates/phase11_reblocked/train/not_ewaste/Paper_Waste__IMG_20250822_140742_jpg.rf.811f3a2798360d968965f3c8b35cf683.jpg,1ce62542c0e61fba8260b2e6248b25ae6a28ef08d094920b1b170f049064b92d
ml/data/candidates/reject_v2/test/not_ewaste/Plastic_Waste__IMG_20250803_221247_jpg.rf.158a2f86724bbf1b425a04849b56b2cb.jpg,test,not_ewaste,train,0bbceec21c74a10d572d94b8ff5ec5a6f83a43b5c14f16a6ddd708ed27cc972a,COPIED,ml/data/candidates/phase11_reblocked/train/not_ewaste/Plastic_Waste__IMG_20250803_221247_jpg.rf.158a2f86724bbf1b425a04849b56b2cb.jpg,458459b7343627dc32160e64bc54cc702d8334dfdae0d2509c903461004ae523
ml/data/candidates/reject_v2/train/not_ewaste/Plastic_Waste__IMG_20250820_000349_jpg.rf.13584e3bc0ad38c3c0f5c688ba8da87e.jpg,train,not_ewaste,train,ea48f4d9acc42e0fa34c5bbd9dffe64a7e4d115d8bad2d25404cff5ad90da968,COPIED,ml/data/candidates/phase11_reblocked/train/not_ewaste/Plastic_Waste__IMG_20250820_000349_jpg.rf.13584e3bc0ad38c3c0f5c688ba8da87e.jpg,542834be72b8d3cf2cf41e76e1e80d5504592872c55e3fe1a0a8e522d666d481
ml/data/candidates/reject_v2/train/not_ewaste/Plastic_Waste__IMG_20250820_000349_jpg.rf.aadf6d5e07e938f79a82cced253219b6.jpg,train,not_ewaste,train,ea48f4d9acc42e0fa34c5bbd9dffe64a7e4d115d8bad2d25404cff5ad90da968,COPIED,ml/data/candidates/phase11_reblocked/train/not_ewaste/Plastic_Waste__IMG_20250820_000349_jpg.rf.aadf6d5e07e938f79a82cced253219b6.jpg,87dea24b56348eccf6300b1e7a6fe68fa9b3848975896c5eaebcdce242aea41c
ml/data/candidates/reject_v2/train/not_ewaste/Plastic_Waste__IMG_20250820_000349_jpg.rf.ce920126cd906d46b89ab95c1d3b9cd1.jpg,train,not_ewaste,train,ea48f4d9acc42e0fa34c5bbd9dffe64a7e4d115d8bad2d25404cff5ad90da968,COPIED,ml/data/candidates/phase11_reblocked/train/not_ewaste/Plastic_Waste__IMG_20250820_000349_jpg.rf.ce920126cd906d46b89ab95c1d3b9cd1.jpg,74717fe25b9ec07e1e8a7f8f5b407498c5b08073ad7a3e5aa3c5deea0f30ba6d
ml/data/candidates/reject_v2/train/not_ewaste/Plastic_Waste__IMG_20250820_000350_jpg.rf.2b55e370fa25553ed2b557eb44728f82.jpg,train,not_ewaste,train,ea48f4d9acc42e0fa34c5bbd9dffe64a7e4d115d8bad2d25404cff5ad90da968,COPIED,ml/data/candidates/phase11_reblocked/train/not_ewaste/Plastic_Waste__IMG_20250820_000350_jpg.rf.2b55e370fa25553ed2b557eb44728f82.jpg,177ffcb23145acb4a80101bcadcc71131453ce4b85fe8e481609a839ce391a23
ml/data/candidates/reject_v2/train/not_ewaste/Plastic_Waste__IMG_20250820_000350_jpg.rf.4c811de8525c6e1efa9ed859175a99bd.jpg,train,not_ewaste,train,ea48f4d9acc42e0fa34c5bbd9dffe64a7e4d115d8bad2d25404cff5ad90da968,COPIED,ml/data/candidates/phase11_reblocked/train/not_ewaste/Plastic_Waste__IMG_20250820_000350_jpg.rf.4c811de8525c6e1efa9ed859175a99bd.jpg,bbb688ba4bc277669bd7459597cb2c0ac97021259c2801315931333dd01d8af7
ml/data/candidates/reject_v2/train/not_ewaste/Plastic_Waste__IMG_20250820_000350_jpg.rf.c0e18ff13980d3ca7080cce6fabe4629.jpg,train,not_ewaste,train,ea48f4d9acc42e0fa34c5bbd9dffe64a7e4d115d8bad2d25404cff5ad90da968,COPIED,ml/data/candidates/phase11_reblocked/train/not_ewaste/Plastic_Waste__IMG_20250820_000350_jpg.rf.c0e18ff13980d3ca7080cce6fabe4629.jpg,15e6205a011eb680882acbb2a3bb73de8c48b6475f9e534df98ec25339e23164
ml/data/candidates/reject_v2/validation/not_ewaste/Plastic_Waste__IMG_20250805_205104_jpg.rf.13fe8b932124c1d9b7a12c0fe5709be4.jpg,validation,not_ewaste,train,e53edeb165fb60c3462b9029e028731f29a771a72bc3bb3692d371610cd9d165,COPIED,ml/data/candidates/phase11_reblocked/train/not_ewaste/Plastic_Waste__IMG_20250805_205104_jpg.rf.13fe8b932124c1d9b7a12c0fe5709be4.jpg,dcad3fd974c47313fc91c888b493ae0a49426637ab4449b27f233ce7167f6ccb
ml/data/candidates/reject_v2/test/not_ewaste/Plastic_Waste__IMG_20250805_205103_jpg.rf.98fd26f06009a55e2ebc9d5ef8f07b79.jpg,test,not_ewaste,train,e53edeb165fb60c3462b9029e028731f29a771a72bc3bb3692d371610cd9d165,COPIED,ml/data/candidates/phase11_reblocked/train/not_ewaste/Plastic_Waste__IMG_20250805_205103_jpg.rf.98fd26f06009a55e2ebc9d5ef8f07b79.jpg,0bdcabf7343a6705e1e242a5dffe4960bf26924b25cab32843e8cd2a88406bb4
ml/data/candidates/reject_v2/validation/not_ewaste/Plastic_Waste__IMG_20250805_204428_jpg.rf.7fbc9e780efea9838e342980a1e90b0d.jpg,validation,not_ewaste,train,b71c5506bfb5d8de3cfe6a895572b61e55ae02a190a482636c248089d0348bca,COPIED,ml/data/candidates/phase11_reblocked/train/not_ewaste/Plastic_Waste__IMG_20250805_204428_jpg.rf.7fbc9e780efea9838e342980a1e90b0d.jpg,4c810a01370a05e5bcf61447631e96cce088241316b9a1263f26379389858d50
ml/data/candidates/reject_v2/test/not_ewaste/Plastic_Waste__IMG_20250805_205149_jpg.rf.60f4d447cf659ecb9b07be308fa9b0fa.jpg,test,not_ewaste,train,819d9cb45ff0fdc41c4ad6dc48ee8f563111b185bd8b5cc6e2c999cc3eb3abc7,COPIED,ml/data/candidates/phase11_reblocked/train/not_ewaste/Plastic_Waste__IMG_20250805_205149_jpg.rf.60f4d447cf659ecb9b07be308fa9b0fa.jpg,1ebcae99ebe22974e71e86ad69ad74c9cb102efd1bf9c257ca0868d71fb894dc
ml/data/candidates/reject_v2/test/not_ewaste/Plastic_Waste__IMG_20250805_204109_jpg.rf.9b1f4f99a34836ac7b97b0235cbe7e74.jpg,test,not_ewaste,train,b80c882b8393c0ea93cc429d935427997fb07ea3e5ad94f86893616fdf70cfa0,COPIED,ml/data/candidates/phase11_reblocked/train/not_ewaste/Plastic_Waste__IMG_20250805_204109_jpg.rf.9b1f4f99a34836ac7b97b0235cbe7e74.jpg,da8802631003c6c5013afcc431e34481c2b1dd1b6dd900d9744c9b0c8295d2a6
ml/data/candidates/reject_v2/train/not_ewaste/Organic_Waste__IMG_20250805_204817_jpg.rf.1d03f89219f3332ecf4b085adcf0e0de.jpg,train,not_ewaste,train,be833bf08a4f9a9841c507133c96c7d5d03d4daf8e2445b5c857bb2cc360c44a,COPIED,ml/data/candidates/phase11_reblocked/train/not_ewaste/Organic_Waste__IMG_20250805_204817_jpg.rf.1d03f89219f3332ecf4b085adcf0e0de.jpg,cf37c812d238de92631a65a878870a5effbeb1c81380f79bb06e428d4200974d
ml/data/candidates/reject_v2/train/not_ewaste/Organic_Waste__IMG_20250805_204817_jpg.rf.89c6d9b6c53e5350765428a7a04aa078.jpg,train,not_ewaste,train,be833bf08a4f9a9841c507133c96c7d5d03d4daf8e2445b5c857bb2cc360c44a,COPIED,ml/data/candidates/phase11_reblocked/train/not_ewaste/Organic_Waste__IMG_20250805_204817_jpg.rf.89c6d9b6c53e5350765428a7a04aa078.jpg,2235883ca44502979f3ea02b4d59a7bf9ef762a4e89420de5607099fe80154be
ml/data/candidates/reject_v2/train/not_ewaste/Organic_Waste__IMG_20250805_204817_jpg.rf.fde267932dad4649473d3b3b15c78236.jpg,train,not_ewaste,train,be833bf08a4f9a9841c507133c96c7d5d03d4daf8e2445b5c857bb2cc360c44a,COPIED,ml/data/candidates/phase11_reblocked/train/not_ewaste/Organic_Waste__IMG_20250805_204817_jpg.rf.fde267932dad4649473d3b3b15c78236.jpg,fe70ee59631b352c99e95cba2b4886425584e6e9933f3094902d227447b1c46b
ml/data/candidates/reject_v2/train/not_ewaste/Glass_Waste__IMG_20250805_204414_jpg.rf.8e0501fb661b006e1c73b2208239a0b1.jpg,train,not_ewaste,train,6a6b18148476dc141ca3e0466fa45149e703622a5563b14843d7165fdff29e5c,COPIED,ml/data/candidates/phase11_reblocked/train/not_ewaste/Glass_Waste__IMG_20250805_204414_jpg.rf.8e0501fb661b006e1c73b2208239a0b1.jpg,6891942cbf7265b6d97db5f87c1b89b9d17d8e816179fe4631245550d1d36ee1
ml/data/candidates/reject_v2/train/not_ewaste/Glass_Waste__IMG_20250805_204414_jpg.rf.c18b726fbd9645915ceb7b5e1fc50799.jpg,train,not_ewaste,train,6a6b18148476dc141ca3e0466fa45149e703622a5563b14843d7165fdff29e5c,COPIED,ml/data/candidates/phase11_reblocked/train/not_ewaste/Glass_Waste__IMG_20250805_204414_jpg.rf.c18b726fbd9645915ceb7b5e1fc50799.jpg,a6f7172c965da896198634287ceb7c144c75f421c02c76be01c41ae121e25325
ml/data/candidates/reject_v2/train/not_ewaste/Glass_Waste__IMG_20250805_204414_jpg.rf.ecaa76e7dad96f8cfadbfabe72151ee8.jpg,train,not_ewaste,train,6a6b18148476dc141ca3e0466fa45149e703622a5563b14843d7165fdff29e5c,COPIED,ml/data/candidates/phase11_reblocked/train/not_ewaste/Glass_Waste__IMG_20250805_204414_jpg.rf.ecaa76e7dad96f8cfadbfabe72151ee8.jpg,8c1a9b1265e0724671d410ab3d8f0b40dd9dfb23e888d6850282fac727b32661
ml/data/candidates/reject_v2/validation/not_ewaste/Plastic_Waste__IMG_20250822_142056_jpg.rf.b7703fbec5d58b50f229e4b293f38193.jpg,validation,not_ewaste,train,6cacd928f6154c4851b23b336c3e3e704c26fe68043538b7e5990bffef428ecd,COPIED,ml/data/candidates/phase11_reblocked/train/not_ewaste/Plastic_Waste__IMG_20250822_142056_jpg.rf.b7703fbec5d58b50f229e4b293f38193.jpg,dd2767d3181be8093956c7d242cbcc3cf8deaef5917c7cb5f0e8b794abdd19df
ml/data/candidates/reject_v2/train/not_ewaste/Glass_Waste__IMG_20250822_142448_jpg.rf.33447ecb201439454f0c16ca69ea16c2.jpg,train,not_ewaste,train,62115d1df2f91bcaefec51db6d983689f792438f12d2505434170a0f8b079c69,COPIED,ml/data/candidates/phase11_reblocked/train/not_ewaste/Glass_Waste__IMG_20250822_142448_jpg.rf.33447ecb201439454f0c16ca69ea16c2.jpg,7dca0536dc9b1d793fc31125cefc6ca0db42d87c3f05b9e745145d00161710b8
ml/data/candidates/reject_v2/train/not_ewaste/Glass_Waste__IMG_20250822_142448_jpg.rf.34234c9afa2b644fd56efcb8d9973bb5.jpg,train,not_ewaste,train,62115d1df2f91bcaefec51db6d983689f792438f12d2505434170a0f8b079c69,COPIED,ml/data/candidates/phase11_reblocked/train/not_ewaste/Glass_Waste__IMG_20250822_142448_jpg.rf.34234c9afa2b644fd56efcb8d9973bb5.jpg,793b043c1f306cf4b1079f03f70a3e28552ca567030f011944c1f7ab1b8574b4
ml/data/candidates/reject_v2/train/not_ewaste/Glass_Waste__IMG_20250822_142448_jpg.rf.ac9bc1444cd7ef3f7d2fa00e8a8c6cc6.jpg,train,not_ewaste,train,62115d1df2f91bcaefec51db6d983689f792438f12d2505434170a0f8b079c69,COPIED,ml/data/candidates/phase11_reblocked/train/not_ewaste/Glass_Waste__IMG_20250822_142448_jpg.rf.ac9bc1444cd7ef3f7d2fa00e8a8c6cc6.jpg,c5a08efd0c0d714a9598ab8225dfd034f7fdff41494d33cdec3a840937f5c277
ml/data/candidates/reject_v2/validation/not_ewaste/Glass_Waste__IMG_20250822_142449_jpg.rf.ec0829394e6827c6e6b3a946d2be4cc1.jpg,validation,not_ewaste,train,62115d1df2f91bcaefec51db6d983689f792438f12d2505434170a0f8b079c69,COPIED,ml/data/candidates/phase11_reblocked/train/not_ewaste/Glass_Waste__IMG_20250822_142449_jpg.rf.ec0829394e6827c6e6b3a946d2be4cc1.jpg,bad29bc22e746fd9b969e047bcc2e729b993faec868e405da1df1d72b481b2f9
ml/data/candidates/reject_v2/validation/not_ewaste/Paper_Waste__IMG_20250822_142311_jpg.rf.c4e392ccddf8ad5a76d6b7ebd2af9357.jpg,validation,not_ewaste,train,26d7ec43830fcec23ce02d185d308b38da43f1a94c590e06f2523c9f19f69f6c,COPIED,ml/data/candidates/phase11_reblocked/train/not_ewaste/Paper_Waste__IMG_20250822_142311_jpg.rf.c4e392ccddf8ad5a76d6b7ebd2af9357.jpg,eeea4ee135cd7d45d3fba86b840dff8ea36a75e3ff80862da58a8c3244313b89
ml/data/candidates/reject_v2/test/not_ewaste/Plastic_Waste__IMG_20250805_205150_jpg.rf.709f4605c47cdd625e44f213e22b3fb8.jpg,test,not_ewaste,train,0d462a7cc0408c7e0ec372ec40f0c56f34eecf98b56353de57a10e617859f119,COPIED,ml/data/candidates/phase11_reblocked/train/not_ewaste/Plastic_Waste__IMG_20250805_205150_jpg.rf.709f4605c47cdd625e44f213e22b3fb8.jpg,4521fdf5bf79ce4c503df20e913cd9f2f954ab56e42915965a2808362b54770a
ml/data/candidates/reject_v2/train/not_ewaste/Plastic_Waste__IMG_20250805_205409_jpg.rf.1138725a386772c2d9cb6d8ae2052903.jpg,train,not_ewaste,train,c3b80a56bca9abe85529bf1ca30944d04783494ecf37bdb63123cb4fb3e7bc6b,COPIED,ml/data/candidates/phase11_reblocked/train/not_ewaste/Plastic_Waste__IMG_20250805_205409_jpg.rf.1138725a386772c2d9cb6d8ae2052903.jpg,bc83339a60966b5d0496137b739d7d05fad42aec1178576f1fffff45f0fd6653
ml/data/candidates/reject_v2/train/not_ewaste/Plastic_Waste__IMG_20250805_205409_jpg.rf.4a33c57b0d0f287d30bd094fab89500f.jpg,train,not_ewaste,train,c3b80a56bca9abe85529bf1ca30944d04783494ecf37bdb63123cb4fb3e7bc6b,COPIED,ml/data/candidates/phase11_reblocked/train/not_ewaste/Plastic_Waste__IMG_20250805_205409_jpg.rf.4a33c57b0d0f287d30bd094fab89500f.jpg,0ef324de2ff33fb33477d4d8754796f99ae8964ed49e54a98c647d67bc407fb4
ml/data/candidates/reject_v2/train/not_ewaste/Plastic_Waste__IMG_20250805_205409_jpg.rf.c8f386f0c1621415dd53ff8b5ed0547a.jpg,train,not_ewaste,train,c3b80a56bca9abe85529bf1ca30944d04783494ecf37bdb63123cb4fb3e7bc6b,COPIED,ml/data/candidates/phase11_reblocked/train/not_ewaste/Plastic_Waste__IMG_20250805_205409_jpg.rf.c8f386f0c1621415dd53ff8b5ed0547a.jpg,131d0ea4fd810cf6a478392364a35f329982738ba8cb7f6543590de97cd7bd1e
ml/data/candidates/reject_v2/train/not_ewaste/Glass_Waste__IMG_20250822_142627_jpg.rf.32b4c5aa91e44189f1ebce06866df57f.jpg,train,not_ewaste,train,8a32ab4cd28e33b6a8a8704317e8774485dab42b9cf194e295e1dd6ef02848c2,COPIED,ml/data/candidates/phase11_reblocked/train/not_ewaste/Glass_Waste__IMG_20250822_142627_jpg.rf.32b4c5aa91e44189f1ebce06866df57f.jpg,49642952db02b27bbe2f705ff6df3a6eeb85600672f0fd6e60af9cb96ae19641
ml/data/candidates/reject_v2/train/not_ewaste/Glass_Waste__IMG_20250822_142627_jpg.rf.8eb6a5ad8ea6d18808b5bd310d8dd79a.jpg,train,not_ewaste,train,8a32ab4cd28e33b6a8a8704317e8774485dab42b9cf194e295e1dd6ef02848c2,COPIED,ml/data/candidates/phase11_reblocked/train/not_ewaste/Glass_Waste__IMG_20250822_142627_jpg.rf.8eb6a5ad8ea6d18808b5bd310d8dd79a.jpg,759f9ec69101d57ace2a61bd8fc485203c25b68da536d2b8840d126340f759e1
ml/data/candidates/reject_v2/train/not_ewaste/Glass_Waste__IMG_20250822_142627_jpg.rf.bccd08c8ca565fa9ba2e2a9b0000417d.jpg,train,not_ewaste,train,8a32ab4cd28e33b6a8a8704317e8774485dab42b9cf194e295e1dd6ef02848c2,COPIED,ml/data/candidates/phase11_reblocked/train/not_ewaste/Glass_Waste__IMG_20250822_142627_jpg.rf.bccd08c8ca565fa9ba2e2a9b0000417d.jpg,43dd28bbec983de1e48150b8787ef1f958debcbd67fb1dd7f4c9ab9772364388
ml/data/candidates/reject_v2/validation/not_ewaste/Paper_Waste__IMG_20250822_140747_jpg.rf.4ee99021b5c5fb0627ca3fc9852b6499.jpg,validation,not_ewaste,train,0e675c4adc9f8470c3f438845514def163e4824b9adc28ff68975726ff9c2ced,COPIED,ml/data/candidates/phase11_reblocked/train/not_ewaste/Paper_Waste__IMG_20250822_140747_jpg.rf.4ee99021b5c5fb0627ca3fc9852b6499.jpg,b95c009c6a9af0a007978b6776c99cd708f2b9ad4c6312781bd1cb6693384e8d
ml/data/candidates/reject_v2/train/not_ewaste/Plastic_Waste__IMG_20250820_000324_jpg.rf.3a24afeb0cfc9fb8a07ae7dcf2c1015c.jpg,train,not_ewaste,train,c10b5ab9f786f3f19c8f579b8e291ba507e728112bc01070ba4b5928dcda09fa,COPIED,ml/data/candidates/phase11_reblocked/train/not_ewaste/Plastic_Waste__IMG_20250820_000324_jpg.rf.3a24afeb0cfc9fb8a07ae7dcf2c1015c.jpg,3fec11f8ef99e6730174445c43bd7316af5c617a2ccc1315bdf9df89e0161826
ml/data/candidates/reject_v2/train/not_ewaste/Plastic_Waste__IMG_20250820_000324_jpg.rf.822ed8dd127a3dd7c189de0798c6cdb9.jpg,train,not_ewaste,train,c10b5ab9f786f3f19c8f579b8e291ba507e728112bc01070ba4b5928dcda09fa,COPIED,ml/data/candidates/phase11_reblocked/train/not_ewaste/Plastic_Waste__IMG_20250820_000324_jpg.rf.822ed8dd127a3dd7c189de0798c6cdb9.jpg,1b6ba05fd4e11188f6fb6446a69f16e922ef9eb976edf3d72cf7469ea8b7d13c
ml/data/candidates/reject_v2/train/not_ewaste/Plastic_Waste__IMG_20250820_000324_jpg.rf.8e39aabb4264306db676681fffa41e22.jpg,train,not_ewaste,train,c10b5ab9f786f3f19c8f579b8e291ba507e728112bc01070ba4b5928dcda09fa,COPIED,ml/data/candidates/phase11_reblocked/train/not_ewaste/Plastic_Waste__IMG_20250820_000324_jpg.rf.8e39aabb4264306db676681fffa41e22.jpg,8a54fe553fa7cae7125ea15a80b71bfc15a78bbea6937a45bf1e77e03b6827dd
ml/data/candidates/reject_v2/train/not_ewaste/Plastic_Waste__IMG_20250820_000326_jpg.rf.90d9675991b991431f8f2f4b9571f403.jpg,train,not_ewaste,train,c10b5ab9f786f3f19c8f579b8e291ba507e728112bc01070ba4b5928dcda09fa,COPIED,ml/data/candidates/phase11_reblocked/train/not_ewaste/Plastic_Waste__IMG_20250820_000326_jpg.rf.90d9675991b991431f8f2f4b9571f403.jpg,f3920cbfc5f864e0381dfa3498637d158338cfdb3a3da86e146ba8e9cad7249a
ml/data/candidates/reject_v2/train/not_ewaste/Plastic_Waste__IMG_20250820_000326_jpg.rf.9b74fb4bd64bd3e89322b6d9dcd6efe3.jpg,train,not_ewaste,train,c10b5ab9f786f3f19c8f579b8e291ba507e728112bc01070ba4b5928dcda09fa,COPIED,ml/data/candidates/phase11_reblocked/train/not_ewaste/Plastic_Waste__IMG_20250820_000326_jpg.rf.9b74fb4bd64bd3e89322b6d9dcd6efe3.jpg,6fd3452e4efa92066ca05f36da28a2457fa44f217ff1c74c0611c73b6f79bc28
ml/data/candidates/reject_v2/train/not_ewaste/Plastic_Waste__IMG_20250820_000326_jpg.rf.e4e550993bc9c0a19a2bba7b7e9a7299.jpg,train,not_ewaste,train,c10b5ab9f786f3f19c8f579b8e291ba507e728112bc01070ba4b5928dcda09fa,COPIED,ml/data/candidates/phase11_reblocked/train/not_ewaste/Plastic_Waste__IMG_20250820_000326_jpg.rf.e4e550993bc9c0a19a2bba7b7e9a7299.jpg,03de7da2553c25a260cef9c46f9cdeb523b7680d15005c449bbc9be0372aa4cb
ml/data/candidates/reject_v2/train/not_ewaste/Plastic_Waste__IMG_20250820_000327_1_jpg.rf.555589c310f170b43ac629e295f897dc.jpg,train,not_ewaste,train,c10b5ab9f786f3f19c8f579b8e291ba507e728112bc01070ba4b5928dcda09fa,COPIED,ml/data/candidates/phase11_reblocked/train/not_ewaste/Plastic_Waste__IMG_20250820_000327_1_jpg.rf.555589c310f170b43ac629e295f897dc.jpg,92324707b92c477c0ddb9f76922aa8a74e9fb0e2a6e72473c7e8b0aff455b1ed
ml/data/candidates/reject_v2/train/not_ewaste/Plastic_Waste__IMG_20250820_000327_1_jpg.rf.b9e8b025817a070cc33ee3a4eedf799d.jpg,train,not_ewaste,train,c10b5ab9f786f3f19c8f579b8e291ba507e728112bc01070ba4b5928dcda09fa,COPIED,ml/data/candidates/phase11_reblocked/train/not_ewaste/Plastic_Waste__IMG_20250820_000327_1_jpg.rf.b9e8b025817a070cc33ee3a4eedf799d.jpg,8aa9cd483221f49575cc1256ae8014c22e02430fb36a836ae9e5dfb03ac277c9
ml/data/candidates/reject_v2/train/not_ewaste/Plastic_Waste__IMG_20250820_000327_1_jpg.rf.cc83043509fdfa35794d9a4a44b02c56.jpg,train,not_ewaste,train,c10b5ab9f786f3f19c8f579b8e291ba507e728112bc01070ba4b5928dcda09fa,COPIED,ml/data/candidates/phase11_reblocked/train/not_ewaste/Plastic_Waste__IMG_20250820_000327_1_jpg.rf.cc83043509fdfa35794d9a4a44b02c56.jpg,d1251b95846964d8bcb9d3646b13e41515effb2b93829a65e5fea37884767777
ml/data/candidates/reject_v2/train/not_ewaste/Plastic_Waste__IMG_20250820_000329_1_jpg.rf.559b722a3d12aa984bcc096a13b1e44f.jpg,train,not_ewaste,train,c10b5ab9f786f3f19c8f579b8e291ba507e728112bc01070ba4b5928dcda09fa,COPIED,ml/data/candidates/phase11_reblocked/train/not_ewaste/Plastic_Waste__IMG_20250820_000329_1_jpg.rf.559b722a3d12aa984bcc096a13b1e44f.jpg,9584ba73efcee313585d03be7297d509ee87ddd5500e2b196de1e7ddfe6f5a50
ml/data/candidates/reject_v2/train/not_ewaste/Plastic_Waste__IMG_20250820_000329_1_jpg.rf.7626d9567087cf71b3f02e425e821d54.jpg,train,not_ewaste,train,c10b5ab9f786f3f19c8f579b8e291ba507e728112bc01070ba4b5928dcda09fa,COPIED,ml/data/candidates/phase11_reblocked/train/not_ewaste/Plastic_Waste__IMG_20250820_000329_1_jpg.rf.7626d9567087cf71b3f02e425e821d54.jpg,cfd3934d05143ec8a2106d6961999c00b1f9f7d0bb05df827164327fb4449d3c
ml/data/candidates/reject_v2/train/not_ewaste/Plastic_Waste__IMG_20250820_000329_1_jpg.rf.95312a7a05868d82da8f09f635e1490a.jpg,train,not_ewaste,train,c10b5ab9f786f3f19c8f579b8e291ba507e728112bc01070ba4b5928dcda09fa,COPIED,ml/data/candidates/phase11_reblocked/train/not_ewaste/Plastic_Waste__IMG_20250820_000329_1_jpg.rf.95312a7a05868d82da8f09f635e1490a.jpg,e58c0fbdc4796be66f22476399a57190c59d1e69b675c0ed5dea49c98f92b135
ml/data/candidates/reject_v2/validation/not_ewaste/Plastic_Waste__IMG_20250820_000329_jpg.rf.6eb3fdff32f72ecc14203b4c5ba7d620.jpg,validation,not_ewaste,train,c10b5ab9f786f3f19c8f579b8e291ba507e728112bc01070ba4b5928dcda09fa,COPIED,ml/data/candidates/phase11_reblocked/train/not_ewaste/Plastic_Waste__IMG_20250820_000329_jpg.rf.6eb3fdff32f72ecc14203b4c5ba7d620.jpg,c95e02d9080b94bbc5d3156d5d0f07368385370942fa0b3251fe03008d759586
ml/data/candidates/reject_v2/test/not_ewaste/Plastic_Waste__IMG_20250820_000327_jpg.rf.0057c7022a462cf14b440bdb3e8d1681.jpg,test,not_ewaste,train,c10b5ab9f786f3f19c8f579b8e291ba507e728112bc01070ba4b5928dcda09fa,COPIED,ml/data/candidates/phase11_reblocked/train/not_ewaste/Plastic_Waste__IMG_20250820_000327_jpg.rf.0057c7022a462cf14b440bdb3e8d1681.jpg,f6a310341629deaeb60ef8e177c8ff65f1b043d610d65ef7c1ca116220473302
ml/data/candidates/reject_v2/validation/not_ewaste/Plastic_Waste__IMG_20250805_205133_jpg.rf.da6d1209d38e2c27558d23a0747f8913.jpg,validation,not_ewaste,train,abc7740326472a0eef35640acbd8c009f9e6a3b6d5136dfc6d51f610b752f7fa,COPIED,ml/data/candidates/phase11_reblocked/train/not_ewaste/Plastic_Waste__IMG_20250805_205133_jpg.rf.da6d1209d38e2c27558d23a0747f8913.jpg,b7ff34055c680eea65d149ff583c62fd9058a6bc48cd62bc500d5757482fe0c4
ml/data/candidates/reject_v2/train/not_ewaste/Paper_Waste__IMG_20250805_204330_1_jpg.rf.35eede58f02c43ece9c45e1aac1ecf9c.jpg,train,not_ewaste,train,ed94750fe89bb568304e156252169111acc0756376b42b00781b8272222316c6,COPIED,ml/data/candidates/phase11_reblocked/train/not_ewaste/Paper_Waste__IMG_20250805_204330_1_jpg.rf.35eede58f02c43ece9c45e1aac1ecf9c.jpg,88dd24385b2122d024667f0248a5b4bbf511bd537da1bcd76ac30f9f4f99ad3a
ml/data/candidates/reject_v2/train/not_ewaste/Paper_Waste__IMG_20250805_204330_1_jpg.rf.b464f78aaf13a3ddd8effb7c378763dd.jpg,train,not_ewaste,train,ed94750fe89bb568304e156252169111acc0756376b42b00781b8272222316c6,COPIED,ml/data/candidates/phase11_reblocked/train/not_ewaste/Paper_Waste__IMG_20250805_204330_1_jpg.rf.b464f78aaf13a3ddd8effb7c378763dd.jpg,eb96c9b16f584934ff9750b922bf10acef56041b014ca22c4449984a1dfb2add
ml/data/candidates/reject_v2/train/not_ewaste/Paper_Waste__IMG_20250805_204330_1_jpg.rf.bb520caf2619a0bbd97ade1cfeffac4a.jpg,train,not_ewaste,train,ed94750fe89bb568304e156252169111acc0756376b42b00781b8272222316c6,COPIED,ml/data/candidates/phase11_reblocked/train/not_ewaste/Paper_Waste__IMG_20250805_204330_1_jpg.rf.bb520caf2619a0bbd97ade1cfeffac4a.jpg,1684a9ec4eb6b3e126b031f4f85ff04a5af9317b49d4a7544af43939776b27e8
ml/data/candidates/reject_v2/validation/not_ewaste/Paper_Waste__IMG_20250805_204330_jpg.rf.d7178a374c809e3f5e7687bdf94b63e0.jpg,validation,not_ewaste,train,ed94750fe89bb568304e156252169111acc0756376b42b00781b8272222316c6,COPIED,ml/data/candidates/phase11_reblocked/train/not_ewaste/Paper_Waste__IMG_20250805_204330_jpg.rf.d7178a374c809e3f5e7687bdf94b63e0.jpg,0253b26ac1e15aba85ff727bcf53e4a41cf38b77ed35b3bc2dff6d414ea669d5
ml/data/candidates/reject_v2/validation/not_ewaste/Plastic_Waste__IMG_20250805_203717_jpg.rf.ac7e8bc28f1c3122b5e571824b0f9ab1.jpg,validation,not_ewaste,train,aa21e97f0cfdba18e3fbd72e72596040a827b1131a6a51634341de774e23a866,COPIED,ml/data/candidates/phase11_reblocked/train/not_ewaste/Plastic_Waste__IMG_20250805_203717_jpg.rf.ac7e8bc28f1c3122b5e571824b0f9ab1.jpg,60e907addfb093bf9bcdca8b791689ed9fd197fde153ad025c2dc8b88de7d73d
ml/data/candidates/reject_v2/validation/not_ewaste/Plastic_Waste__IMG_20250805_203718_jpg.rf.a320d4c0ba7a845993f753fb715b1f9b.jpg,validation,not_ewaste,train,aa21e97f0cfdba18e3fbd72e72596040a827b1131a6a51634341de774e23a866,COPIED,ml/data/candidates/phase11_reblocked/train/not_ewaste/Plastic_Waste__IMG_20250805_203718_jpg.rf.a320d4c0ba7a845993f753fb715b1f9b.jpg,00bb32603d4d32e5c6ecd86fa2f2049751afc5c21228a5628dd7f5d0bf137812
ml/data/candidates/reject_v2/train/not_ewaste/Organic_Waste__IMG_20250822_142920_jpg.rf.140548b4643041306900cb20e6f8562f.jpg,train,not_ewaste,train,84d6d21ef354017a3ba50ffe3e9ae5cb49b2b9b472e81b7895acdcfff8942da9,COPIED,ml/data/candidates/phase11_reblocked/train/not_ewaste/Organic_Waste__IMG_20250822_142920_jpg.rf.140548b4643041306900cb20e6f8562f.jpg,8b840d5ad171369bcb6f65efa537e5df75cd5dd3203cfe952f54e18cfe47d53c
ml/data/candidates/reject_v2/train/not_ewaste/Organic_Waste__IMG_20250822_142920_jpg.rf.58f5f773361c57f548e5452074280ba0.jpg,train,not_ewaste,train,84d6d21ef354017a3ba50ffe3e9ae5cb49b2b9b472e81b7895acdcfff8942da9,COPIED,ml/data/candidates/phase11_reblocked/train/not_ewaste/Organic_Waste__IMG_20250822_142920_jpg.rf.58f5f773361c57f548e5452074280ba0.jpg,6db463431ebb0a2f06c868e7fe7fc78c5ad8622ba3664568d0f721dd8e540f46
ml/data/candidates/reject_v2/train/not_ewaste/Organic_Waste__IMG_20250822_142920_jpg.rf.dec6bd367f0e1c0c04786e8b26e2ff2d.jpg,train,not_ewaste,train,84d6d21ef354017a3ba50ffe3e9ae5cb49b2b9b472e81b7895acdcfff8942da9,COPIED,ml/data/candidates/phase11_reblocked/train/not_ewaste/Organic_Waste__IMG_20250822_142920_jpg.rf.dec6bd367f0e1c0c04786e8b26e2ff2d.jpg,78c806c0839ee9963094112be6de4cad1b7ed645bc32eed68c60553f064b43cd
ml/data/candidates/reject_v2/train/not_ewaste/Plastic_Waste__IMG_20250805_205430_jpg.rf.b91231c07dd3342720eff98ace34198e.jpg,train,not_ewaste,train,2dc54b46439cc55cf9b2bba176f9864adf147e65df9a855c415f19673ff27376,COPIED,ml/data/candidates/phase11_reblocked/train/not_ewaste/Plastic_Waste__IMG_20250805_205430_jpg.rf.b91231c07dd3342720eff98ace34198e.jpg,461f20052f742ff9ab6068729af962035e075026f5737f2bfe7842f74947d368
ml/data/candidates/reject_v2/train/not_ewaste/Plastic_Waste__IMG_20250805_205430_jpg.rf.d8863fc6a81de62568ce4e1bcd7c5686.jpg,train,not_ewaste,train,2dc54b46439cc55cf9b2bba176f9864adf147e65df9a855c415f19673ff27376,COPIED,ml/data/candidates/phase11_reblocked/train/not_ewaste/Plastic_Waste__IMG_20250805_205430_jpg.rf.d8863fc6a81de62568ce4e1bcd7c5686.jpg,1255bae1c0ac2d623d4338bcc6e546b3d8e7e5f2f1c72d13ab191af1840f701d
ml/data/candidates/reject_v2/train/not_ewaste/Plastic_Waste__IMG_20250805_205430_jpg.rf.e58e3dc1e4f0ae646da759006a6d1a7f.jpg,train,not_ewaste,train,2dc54b46439cc55cf9b2bba176f9864adf147e65df9a855c415f19673ff27376,COPIED,ml/data/candidates/phase11_reblocked/train/not_ewaste/Plastic_Waste__IMG_20250805_205430_jpg.rf.e58e3dc1e4f0ae646da759006a6d1a7f.jpg,8891ce97037a3d74f9e117e343823de66dae649a9e7684ee9bce7bcf7ad9fc29
ml/data/candidates/reject_v2/test/not_ewaste/Plastic_Waste__IMG_20250805_205431_jpg.rf.c92632bd2a6247d852d374aa96d40a8d.jpg,test,not_ewaste,train,2dc54b46439cc55cf9b2bba176f9864adf147e65df9a855c415f19673ff27376,COPIED,ml/data/candidates/phase11_reblocked/train/not_ewaste/Plastic_Waste__IMG_20250805_205431_jpg.rf.c92632bd2a6247d852d374aa96d40a8d.jpg,4fbb8e191d5d0a9ec1a465270429be5ed92b4f1a07577c4cd9119427dbabf3c2
ml/data/candidates/reject_v2/validation/not_ewaste/Glass_Waste__IMG_20250805_204416_jpg.rf.890e4592b1e69de2bee2399fda699132.jpg,validation,not_ewaste,train,21bb1ac400a3fd2029a11c4a6a5ac24334372a0891902ebb4ddc452b43e41b6c,COPIED,ml/data/candidates/phase11_reblocked/train/not_ewaste/Glass_Waste__IMG_20250805_204416_jpg.rf.890e4592b1e69de2bee2399fda699132.jpg,d6e5c44070d0037512203866915d9d5fe868bbc3b6832c07beb291d520eb5fcc
ml/data/candidates/reject_v2/validation/not_ewaste/Plastic_Waste__IMG_20250805_204425_jpg.rf.015c9a7a8dd059f8d64b23e1988f6f73.jpg,validation,not_ewaste,train,d6380c03ecbc36dffa401f98647f9fd0997a22ad4fa50dfab210c9953fdd4a0c,COPIED,ml/data/candidates/phase11_reblocked/train/not_ewaste/Plastic_Waste__IMG_20250805_204425_jpg.rf.015c9a7a8dd059f8d64b23e1988f6f73.jpg,d56d2998f95d46b06f48b452b6a9ebe56627887eafb4eb3eb24f447088e13038
ml/data/candidates/reject_v2/train/not_ewaste/Paper_Waste__IMG_20250805_205244_jpg.rf.8295fd5449aa1e8126dcde737e1d4ed4.jpg,train,not_ewaste,train,fdfd0fc0c3ee560d6ea14ce69905024febdfefe0432d184b4ee257b6b1dc7b22,COPIED,ml/data/candidates/phase11_reblocked/train/not_ewaste/Paper_Waste__IMG_20250805_205244_jpg.rf.8295fd5449aa1e8126dcde737e1d4ed4.jpg,5d16c2af45997f42e1e46c49ec978817ea113fb249cde23a1e30b52b3b9f5887
ml/data/candidates/reject_v2/train/not_ewaste/Paper_Waste__IMG_20250805_205244_jpg.rf.a72da6225f2b3652b61d8b33d2b26196.jpg,train,not_ewaste,train,fdfd0fc0c3ee560d6ea14ce69905024febdfefe0432d184b4ee257b6b1dc7b22,COPIED,ml/data/candidates/phase11_reblocked/train/not_ewaste/Paper_Waste__IMG_20250805_205244_jpg.rf.a72da6225f2b3652b61d8b33d2b26196.jpg,5d3f6696bcbfb7f318ec4b2dc2d8887b72c2974eed4d7cd1cc84920df8236693
ml/data/candidates/reject_v2/train/not_ewaste/Paper_Waste__IMG_20250805_205244_jpg.rf.b2696b7c5ef724cfe3787c027af471b9.jpg,train,not_ewaste,train,fdfd0fc0c3ee560d6ea14ce69905024febdfefe0432d184b4ee257b6b1dc7b22,COPIED,ml/data/candidates/phase11_reblocked/train/not_ewaste/Paper_Waste__IMG_20250805_205244_jpg.rf.b2696b7c5ef724cfe3787c027af471b9.jpg,01126345d37336e14d79248b2756a0a379b62be4ff1ad005953fd9653838af30
ml/data/candidates/reject_v2/train/not_ewaste/Paper_Waste__IMG_20250805_205246_jpg.rf.032c4b659925079662b191153a6f30c1.jpg,train,not_ewaste,train,fdfd0fc0c3ee560d6ea14ce69905024febdfefe0432d184b4ee257b6b1dc7b22,COPIED,ml/data/candidates/phase11_reblocked/train/not_ewaste/Paper_Waste__IMG_20250805_205246_jpg.rf.032c4b659925079662b191153a6f30c1.jpg,9104c5699694b69c1504dc622e26576167863f6dd415bc8898fb74bd9ee2c9b2
ml/data/candidates/reject_v2/train/not_ewaste/Paper_Waste__IMG_20250805_205246_jpg.rf.42d180c38057950db4bc6318c952d667.jpg,train,not_ewaste,train,fdfd0fc0c3ee560d6ea14ce69905024febdfefe0432d184b4ee257b6b1dc7b22,COPIED,ml/data/candidates/phase11_reblocked/train/not_ewaste/Paper_Waste__IMG_20250805_205246_jpg.rf.42d180c38057950db4bc6318c952d667.jpg,b464cb1bd8c01fed8868706ac4cb48c8e4a2156674805a9ef8c3282f0f1f42d5
ml/data/candidates/reject_v2/train/not_ewaste/Paper_Waste__IMG_20250805_205246_jpg.rf.b8d7457a2f51812e1be6daf2a9895241.jpg,train,not_ewaste,train,fdfd0fc0c3ee560d6ea14ce69905024febdfefe0432d184b4ee257b6b1dc7b22,COPIED,ml/data/candidates/phase11_reblocked/train/not_ewaste/Paper_Waste__IMG_20250805_205246_jpg.rf.b8d7457a2f51812e1be6daf2a9895241.jpg,c0fbe202d9348fe515f6181a8322b8b5df28df8c14c7126b884a4503ba812a35
ml/data/candidates/reject_v2/test/not_ewaste/Paper_Waste__IMG_20250805_205245_jpg.rf.b753ab0e76c54f4090f1563c206b55bf.jpg,test,not_ewaste,train,fdfd0fc0c3ee560d6ea14ce69905024febdfefe0432d184b4ee257b6b1dc7b22,COPIED,ml/data/candidates/phase11_reblocked/train/not_ewaste/Paper_Waste__IMG_20250805_205245_jpg.rf.b753ab0e76c54f4090f1563c206b55bf.jpg,0fa25288a5e62a7590da9c4341a43e18ebce28aa561ee4295c1e81d4415c2de4
ml/data/candidates/reject_v2/test/not_ewaste/Paper_Waste__IMG_20250805_204326_jpg.rf.7acbf569db05376e7af14adaab127472.jpg,test,not_ewaste,train,27c561ce9861c65d9f92fa6f7215fe5e8b900ab69196a9618bc39fa1db3e43ec,COPIED,ml/data/candidates/phase11_reblocked/train/not_ewaste/Paper_Waste__IMG_20250805_204326_jpg.rf.7acbf569db05376e7af14adaab127472.jpg,3e2c90a96fe5e703dfb9815d5f11b6b066809ba471006ad378867a58542cdc45
ml/data/candidates/reject_v2/train/not_ewaste/Organic_Waste__IMG_20250822_142807_jpg.rf.0ae01cf45705c008d4a6bcd364adce2f.jpg,train,not_ewaste,train,e3c72f45590895c42422773c5cbded958dbd72948b0ed589b905bf798a78cae8,COPIED,ml/data/candidates/phase11_reblocked/train/not_ewaste/Organic_Waste__IMG_20250822_142807_jpg.rf.0ae01cf45705c008d4a6bcd364adce2f.jpg,4b5611a88571fefc0453798fe884d8b5a289191eee5e6fa2cd42929d338db5f5
ml/data/candidates/reject_v2/train/not_ewaste/Organic_Waste__IMG_20250822_142807_jpg.rf.2e57a9e8c606f318e1170393f2e30c4e.jpg,train,not_ewaste,train,e3c72f45590895c42422773c5cbded958dbd72948b0ed589b905bf798a78cae8,COPIED,ml/data/candidates/phase11_reblocked/train/not_ewaste/Organic_Waste__IMG_20250822_142807_jpg.rf.2e57a9e8c606f318e1170393f2e30c4e.jpg,c80348b70f98e57a2f287fec34b712d42ecb9345ccfa432546220d94ecb16316
ml/data/candidates/reject_v2/train/not_ewaste/Organic_Waste__IMG_20250822_142807_jpg.rf.4b0fad9417cbe2a55463ef81dcfaf5f8.jpg,train,not_ewaste,train,e3c72f45590895c42422773c5cbded958dbd72948b0ed589b905bf798a78cae8,COPIED,ml/data/candidates/phase11_reblocked/train/not_ewaste/Organic_Waste__IMG_20250822_142807_jpg.rf.4b0fad9417cbe2a55463ef81dcfaf5f8.jpg,66b532889abfc092d0a8461c865c4d4a3ee4b332d7a24e7cdf4f3fb0354f8163
ml/data/candidates/reject_v2/train/not_ewaste/Organic_Waste__IMG_20250822_142808_jpg.rf.174be02b765e8e447ded17fa8a446c1e.jpg,train,not_ewaste,train,e3c72f45590895c42422773c5cbded958dbd72948b0ed589b905bf798a78cae8,COPIED,ml/data/candidates/phase11_reblocked/train/not_ewaste/Organic_Waste__IMG_20250822_142808_jpg.rf.174be02b765e8e447ded17fa8a446c1e.jpg,6c5d39e4f91bc33debd060348a33c6a15e4d386b0e566b51b48d71d8874c8351
ml/data/candidates/reject_v2/train/not_ewaste/Organic_Waste__IMG_20250822_142808_jpg.rf.5f1cc6b587069c34f2564efaca1a0f87.jpg,train,not_ewaste,train,e3c72f45590895c42422773c5cbded958dbd72948b0ed589b905bf798a78cae8,COPIED,ml/data/candidates/phase11_reblocked/train/not_ewaste/Organic_Waste__IMG_20250822_142808_jpg.rf.5f1cc6b587069c34f2564efaca1a0f87.jpg,87a430c4f7cfc6273291976ffe13f52f127fda41501c4ccf3cb91412d98e8666
ml/data/candidates/reject_v2/train/not_ewaste/Organic_Waste__IMG_20250822_142808_jpg.rf.8812a5b66fe1922cd96f72fb2b0cb059.jpg,train,not_ewaste,train,e3c72f45590895c42422773c5cbded958dbd72948b0ed589b905bf798a78cae8,COPIED,ml/data/candidates/phase11_reblocked/train/not_ewaste/Organic_Waste__IMG_20250822_142808_jpg.rf.8812a5b66fe1922cd96f72fb2b0cb059.jpg,e011304f084c7d376bf5b8fa1dc31d4fe9010c8328b1b0f1e8f41d523c27e0dc
ml/data/candidates/reject_v2/test/not_ewaste/Organic_Waste__IMG_20250822_142927_jpg.rf.9ec2bd6be53f3f641b3b1895f60db58e.jpg,test,not_ewaste,train,3711a4a9776f18421e548a1e03502a57f2fd123fb4beb2d3e4c2a3b6728d00de,COPIED,ml/data/candidates/phase11_reblocked/train/not_ewaste/Organic_Waste__IMG_20250822_142927_jpg.rf.9ec2bd6be53f3f641b3b1895f60db58e.jpg,5f919c532baa99918c2c3c8e0cf4841603ba422ca539fb2c9d33fa825982a7b8
ml/data/candidates/reject_v2/train/not_ewaste/Plastic_Waste__IMG_20250805_205137_jpg.rf.2f71d8f89e139da0aa5733723417d93d.jpg,train,not_ewaste,train,647adfaec9a642f15d916fdf724308872addc97c2db192b181e45214ab7c34d1,COPIED,ml/data/candidates/phase11_reblocked/train/not_ewaste/Plastic_Waste__IMG_20250805_205137_jpg.rf.2f71d8f89e139da0aa5733723417d93d.jpg,5bf093f114e78938c11f1ab53ca3763fdab290b631ca1d5623f7b5ddfb73300b
ml/data/candidates/reject_v2/train/not_ewaste/Plastic_Waste__IMG_20250805_205137_jpg.rf.6e56b482d3ef3e3d1aa469dbd199a5ee.jpg,train,not_ewaste,train,647adfaec9a642f15d916fdf724308872addc97c2db192b181e45214ab7c34d1,COPIED,ml/data/candidates/phase11_reblocked/train/not_ewaste/Plastic_Waste__IMG_20250805_205137_jpg.rf.6e56b482d3ef3e3d1aa469dbd199a5ee.jpg,4c991f01d1babad0d57c5b643cd3dd18a4ca146337b171b98b85bec79d8d4e14
ml/data/candidates/reject_v2/train/not_ewaste/Plastic_Waste__IMG_20250805_205137_jpg.rf.bb675580c63a1a0ce96f6d3a6caf081a.jpg,train,not_ewaste,train,647adfaec9a642f15d916fdf724308872addc97c2db192b181e45214ab7c34d1,COPIED,ml/data/candidates/phase11_reblocked/train/not_ewaste/Plastic_Waste__IMG_20250805_205137_jpg.rf.bb675580c63a1a0ce96f6d3a6caf081a.jpg,2d35c07ad793f1713457820be87de269ddca67f10e21b1d94e6c7cfdbad3695a
ml/data/candidates/reject_v2/test/not_ewaste/Plastic_Waste__IMG_20250805_204217_jpg.rf.d5a2052c6fad4aa5e068a72359f25ce1.jpg,test,not_ewaste,train,8aec19c96f766dab50d52234b6678172919fa199cafc5ca16e992841ef6204ed,COPIED,ml/data/candidates/phase11_reblocked/train/not_ewaste/Plastic_Waste__IMG_20250805_204217_jpg.rf.d5a2052c6fad4aa5e068a72359f25ce1.jpg,3fbda88f2981db6404d1886ca0a3d30d6d6698eda38f51356f81d25bc8d89cac
ml/data/candidates/reject_v2/train/not_ewaste/Organic_Waste__IMG_20250822_142801_jpg.rf.187787c7883d14e7a96285c177902de2.jpg,train,not_ewaste,train,6d76e853483373d14bdc62f597ace9740765d08064d0565409d0ea748dc25d4e,COPIED,ml/data/candidates/phase11_reblocked/train/not_ewaste/Organic_Waste__IMG_20250822_142801_jpg.rf.187787c7883d14e7a96285c177902de2.jpg,bcc3fb045a9c7ad3923d38ba9e8ff82212b216ee28377949adc870ec0b5a50ab
ml/data/candidates/reject_v2/train/not_ewaste/Organic_Waste__IMG_20250822_142801_jpg.rf.6aaa576565b27b3f07fe02f1aa917f2c.jpg,train,not_ewaste,train,6d76e853483373d14bdc62f597ace9740765d08064d0565409d0ea748dc25d4e,COPIED,ml/data/candidates/phase11_reblocked/train/not_ewaste/Organic_Waste__IMG_20250822_142801_jpg.rf.6aaa576565b27b3f07fe02f1aa917f2c.jpg,1820fd2d08f7f9e0eb5477f0b4b4386c5398ccbdec7550ea91be24ea9e9ff1d9
ml/data/candidates/reject_v2/train/not_ewaste/Organic_Waste__IMG_20250822_142801_jpg.rf.bc0e200ef82f729471c02733c64e8594.jpg,train,not_ewaste,train,6d76e853483373d14bdc62f597ace9740765d08064d0565409d0ea748dc25d4e,COPIED,ml/data/candidates/phase11_reblocked/train/not_ewaste/Organic_Waste__IMG_20250822_142801_jpg.rf.bc0e200ef82f729471c02733c64e8594.jpg,3b298670e1b70a30109ecebabf246d61631bdc11de24f7607fd85bc5d03efbfb
ml/data/candidates/reject_v2/train/not_ewaste/Glass_Waste__IMG_20250822_142453_1_jpg.rf.21058321be8ca64cb8c2e3185bb03166.jpg,train,not_ewaste,train,5cc6c03dc071be4e35e0cb02685ffe4d1cab28de9d0b297421f1e65131868884,COPIED,ml/data/candidates/phase11_reblocked/train/not_ewaste/Glass_Waste__IMG_20250822_142453_1_jpg.rf.21058321be8ca64cb8c2e3185bb03166.jpg,4cdad8089a2386522ca0d6eeef70017163588d96419e02208b7ce428a3447a6b
ml/data/candidates/reject_v2/train/not_ewaste/Glass_Waste__IMG_20250822_142453_1_jpg.rf.7de933ef97098dcedf0b2fd1aee92332.jpg,train,not_ewaste,train,5cc6c03dc071be4e35e0cb02685ffe4d1cab28de9d0b297421f1e65131868884,COPIED,ml/data/candidates/phase11_reblocked/train/not_ewaste/Glass_Waste__IMG_20250822_142453_1_jpg.rf.7de933ef97098dcedf0b2fd1aee92332.jpg,c30794beb19d1311374dd3ff52463cbe31342468a4f484303e79d911fcad9988
ml/data/candidates/reject_v2/train/not_ewaste/Glass_Waste__IMG_20250822_142453_1_jpg.rf.babe8df596daa99254f55ce04c512d0d.jpg,train,not_ewaste,train,5cc6c03dc071be4e35e0cb02685ffe4d1cab28de9d0b297421f1e65131868884,COPIED,ml/data/candidates/phase11_reblocked/train/not_ewaste/Glass_Waste__IMG_20250822_142453_1_jpg.rf.babe8df596daa99254f55ce04c512d0d.jpg,aec4fc60db4773c68cd2f0faf75acdfc8ca89350e63d5a15f7d98811b52ec2e8
ml/data/candidates/reject_v2/train/not_ewaste/Plastic_Waste__IMG_20250820_000325_jpg.rf.14478c6d8b03b324db0fb86c4b341b75.jpg,train,not_ewaste,train,bc43f413ca92b802f96ad49a7b9d4afdc389cdaa3697e052ba7aa6cd892e23c6,COPIED,ml/data/candidates/phase11_reblocked/train/not_ewaste/Plastic_Waste__IMG_20250820_000325_jpg.rf.14478c6d8b03b324db0fb86c4b341b75.jpg,1cfc329aed257ad77b666a7e835fbef7881615a984d3ba6d91615c5bb6d2cf89
ml/data/candidates/reject_v2/train/not_ewaste/Plastic_Waste__IMG_20250820_000325_jpg.rf.5fb063538bd113b6aef801cc161436ac.jpg,train,not_ewaste,train,bc43f413ca92b802f96ad49a7b9d4afdc389cdaa3697e052ba7aa6cd892e23c6,COPIED,ml/data/candidates/phase11_reblocked/train/not_ewaste/Plastic_Waste__IMG_20250820_000325_jpg.rf.5fb063538bd113b6aef801cc161436ac.jpg,09621ce317b334ad11ef2e89f681881ba565721b9d5e71c086963d75dd730109
ml/data/candidates/reject_v2/train/not_ewaste/Plastic_Waste__IMG_20250820_000325_jpg.rf.d8ef42a30f4f5d5128fcbe5180870cbc.jpg,train,not_ewaste,train,bc43f413ca92b802f96ad49a7b9d4afdc389cdaa3697e052ba7aa6cd892e23c6,COPIED,ml/data/candidates/phase11_reblocked/train/not_ewaste/Plastic_Waste__IMG_20250820_000325_jpg.rf.d8ef42a30f4f5d5128fcbe5180870cbc.jpg,7eb7934900a1b1b8e6c04329795db5aaece2aceeb0a6223bf27453c2e6e18c88
ml/data/candidates/reject_v2/train/not_ewaste/Plastic_Waste__IMG_20250805_205154_jpg.rf.9d8d462d5dfc63b0a9ffb366024d8a96.jpg,train,not_ewaste,train,a4f5f92a0c43e41a933cb6da8d33d6b4e494deec82627a33dfb7499b4bc94b22,COPIED,ml/data/candidates/phase11_reblocked/train/not_ewaste/Plastic_Waste__IMG_20250805_205154_jpg.rf.9d8d462d5dfc63b0a9ffb366024d8a96.jpg,d1375b7b43cd1f16f30a1d0bb60c6c6132d6fc63550066fb8a5d4b35db726364
ml/data/candidates/reject_v2/train/not_ewaste/Plastic_Waste__IMG_20250805_205154_jpg.rf.c126dc3d902cd58c0ebb42a210ddbd54.jpg,train,not_ewaste,train,a4f5f92a0c43e41a933cb6da8d33d6b4e494deec82627a33dfb7499b4bc94b22,COPIED,ml/data/candidates/phase11_reblocked/train/not_ewaste/Plastic_Waste__IMG_20250805_205154_jpg.rf.c126dc3d902cd58c0ebb42a210ddbd54.jpg,6b4b9ac6eea68943bcca7d298e5e148b46bb29edb69dd31c5a4991b062876c85
ml/data/candidates/reject_v2/train/not_ewaste/Plastic_Waste__IMG_20250805_205154_jpg.rf.ca9caf1e967a61f8c9fdff145c2dfbd4.jpg,train,not_ewaste,train,a4f5f92a0c43e41a933cb6da8d33d6b4e494deec82627a33dfb7499b4bc94b22,COPIED,ml/data/candidates/phase11_reblocked/train/not_ewaste/Plastic_Waste__IMG_20250805_205154_jpg.rf.ca9caf1e967a61f8c9fdff145c2dfbd4.jpg,0e48d1c0298d2c8a4baabf0d48a5e7c27d7165cbc6601069893d4f40c38e5db6
ml/data/candidates/reject_v2/test/not_ewaste/Plastic_Waste__IMG_20250805_204730_jpg.rf.9dfb47cc879ce8b82787ef089c3ad647.jpg,test,not_ewaste,train,8882640c7982fcb348ea416ad12986fbdf7b72e929db9f25198f2d93ea53564e,COPIED,ml/data/candidates/phase11_reblocked/train/not_ewaste/Plastic_Waste__IMG_20250805_204730_jpg.rf.9dfb47cc879ce8b82787ef089c3ad647.jpg,6e0a6855eed5f3088a7d9ef830dd5d3aa985fc99b90a3a79051855860b83fa25
ml/data/candidates/reject_v2/train/not_ewaste/Plastic_Waste__IMG_20250805_204512_jpg.rf.6295200fd3f9c12a5cc1911aa35e5375.jpg,train,not_ewaste,validation,9e2d2ed8b4ecfc33a56e3f93846681bca1b341f4abd1e15877b5af6e3b626cf0,COPIED,ml/data/candidates/phase11_reblocked/validation/not_ewaste/Plastic_Waste__IMG_20250805_204512_jpg.rf.6295200fd3f9c12a5cc1911aa35e5375.jpg,123ea7a0c4a439eab7e980e263106ccf0d0b97ebe0fa7049442fad5c4054cb72
ml/data/candidates/reject_v2/train/not_ewaste/Plastic_Waste__IMG_20250805_204512_jpg.rf.943da8c1dd4bfd55e55f5020df917874.jpg,train,not_ewaste,validation,9e2d2ed8b4ecfc33a56e3f93846681bca1b341f4abd1e15877b5af6e3b626cf0,SAME_GROUP_HOLDOUT_SIBLING_NOT_EVALUATED,,7359dbc3960eb6b81f5065b89bde2827ddbae950658243c4b822061b53a96e16
ml/data/candidates/reject_v2/train/not_ewaste/Plastic_Waste__IMG_20250805_204512_jpg.rf.c586b3ec7aea6f4ccb59ecefd36a2c10.jpg,train,not_ewaste,validation,9e2d2ed8b4ecfc33a56e3f93846681bca1b341f4abd1e15877b5af6e3b626cf0,SAME_GROUP_HOLDOUT_SIBLING_NOT_EVALUATED,,ad8f511d503255d5bf97f2d805337906a40edd338718cb8f975cd13bd10a0483
ml/data/candidates/reject_v2/validation/not_ewaste/Plastic_Waste__IMG_20250805_204511_jpg.rf.27c65287d36e21171c3645340b93342d.jpg,validation,not_ewaste,validation,9e2d2ed8b4ecfc33a56e3f93846681bca1b341f4abd1e15877b5af6e3b626cf0,SAME_GROUP_HOLDOUT_SIBLING_NOT_EVALUATED,,aea29c5bb2fa593fbc8bd8649dd6feb90177a8f882efef6489e92c4794619cfa
ml/data/candidates/reject_v2/train/not_ewaste/Plastic_Waste__IMG_20250805_205352_jpg.rf.1578c47a1dd31f97cfb439471548d3f1.jpg,train,not_ewaste,validation,07388ea0c5c74aec69a7381e34039155a64eedcb50c4fcfec8339a6c0d8c3df7,SAME_GROUP_HOLDOUT_SIBLING_NOT_EVALUATED,,3d788d581732662786937e8087f6d896f54688b5ab098bda4eb7d192eea71780
ml/data/candidates/reject_v2/train/not_ewaste/Plastic_Waste__IMG_20250805_205352_jpg.rf.940c6e4f3313b95a8219f52f71378930.jpg,train,not_ewaste,validation,07388ea0c5c74aec69a7381e34039155a64eedcb50c4fcfec8339a6c0d8c3df7,SAME_GROUP_HOLDOUT_SIBLING_NOT_EVALUATED,,be978a919851949f2f03445967dc1c3d70219130236a253fd92265b2f7923419
ml/data/candidates/reject_v2/train/not_ewaste/Plastic_Waste__IMG_20250805_205352_jpg.rf.e793599063e8548d66dacf47cf3b89c3.jpg,train,not_ewaste,validation,07388ea0c5c74aec69a7381e34039155a64eedcb50c4fcfec8339a6c0d8c3df7,COPIED,ml/data/candidates/phase11_reblocked/validation/not_ewaste/Plastic_Waste__IMG_20250805_205352_jpg.rf.e793599063e8548d66dacf47cf3b89c3.jpg,15dbd3b1517d560f777de0ccc48233ba564f2779ea1717c8b5e35b89c7948647
ml/data/candidates/reject_v2/validation/not_ewaste/Plastic_Waste__IMG_20250805_205351_jpg.rf.664851624437e5c6e5c3f253e690d43d.jpg,validation,not_ewaste,validation,07388ea0c5c74aec69a7381e34039155a64eedcb50c4fcfec8339a6c0d8c3df7,SAME_GROUP_HOLDOUT_SIBLING_NOT_EVALUATED,,630d45ad8b895f60b0839a8d6adf66eca61f11debaa3e729a4606b3092994839
ml/data/candidates/reject_v2/test/not_ewaste/Plastic_Waste__IMG_20250805_205337_jpg.rf.198ac275aa383fc8b60921cb8c97757b.jpg,test,not_ewaste,validation,eff1b232fa6da9db9820b59d261fb347eb8ce9924c409d362e1461706ab63fad,COPIED,ml/data/candidates/phase11_reblocked/validation/not_ewaste/Plastic_Waste__IMG_20250805_205337_jpg.rf.198ac275aa383fc8b60921cb8c97757b.jpg,6032ee2793555d30d5b10b9e91c3536b55cdb56120fce4b8ccd96edeccb92789
ml/data/candidates/reject_v2/validation/not_ewaste/Plastic_Waste__IMG_20250805_204137_jpg.rf.78cf875b74c82eb92cc07b375e058ffb.jpg,validation,not_ewaste,validation,454b7f86ac4fae0b7ae51bab3b86858e222124cab7732c3a304166a8964e294e,SAME_GROUP_HOLDOUT_SIBLING_NOT_EVALUATED,,5b291a8a94a0f5ff2c915588eac06d1b44272fca982629894b6fe661219264e0
ml/data/candidates/reject_v2/test/not_ewaste/Plastic_Waste__IMG_20250805_204136_jpg.rf.27a6ab940a35b768e293348d61b95943.jpg,test,not_ewaste,validation,454b7f86ac4fae0b7ae51bab3b86858e222124cab7732c3a304166a8964e294e,COPIED,ml/data/candidates/phase11_reblocked/validation/not_ewaste/Plastic_Waste__IMG_20250805_204136_jpg.rf.27a6ab940a35b768e293348d61b95943.jpg,54f7e297990f9f336fa18e7b7c252face5f77b777fd395e557459d2cf942be66
ml/data/candidates/reject_v2/train/not_ewaste/Organic_Waste__IMG_20250822_142758_jpg.rf.1d2c6255f29824bedad2fd9a7b6ea7e8.jpg,train,not_ewaste,validation,b55af3e11cce28b8e3feb1dec9ade38f7998d5f79dabf68b01503b9e1cbcb398,SAME_GROUP_HOLDOUT_SIBLING_NOT_EVALUATED,,3a89120cce74d87b2845c83c9951dd6b58941e385fbdfe729f8e2bcbc4b10082
ml/data/candidates/reject_v2/train/not_ewaste/Organic_Waste__IMG_20250822_142758_jpg.rf.4d91ac19f5efd4d27f65839e4d9d99fb.jpg,train,not_ewaste,validation,b55af3e11cce28b8e3feb1dec9ade38f7998d5f79dabf68b01503b9e1cbcb398,SAME_GROUP_HOLDOUT_SIBLING_NOT_EVALUATED,,dbe403625fd7d8350eb560b512abfec12cad43746c35f373e69dc71b96aae0ca
ml/data/candidates/reject_v2/train/not_ewaste/Organic_Waste__IMG_20250822_142758_jpg.rf.51d704eeb79ff4fe58c1d007b6eb43fe.jpg,train,not_ewaste,validation,b55af3e11cce28b8e3feb1dec9ade38f7998d5f79dabf68b01503b9e1cbcb398,COPIED,ml/data/candidates/phase11_reblocked/validation/not_ewaste/Organic_Waste__IMG_20250822_142758_jpg.rf.51d704eeb79ff4fe58c1d007b6eb43fe.jpg,074b8d30aec48406ee6e73fba05bfda671ca34951cbdbc3da31af8be603eb8c7
ml/data/candidates/reject_v2/train/not_ewaste/Paper_Waste__IMG_20250805_204402_jpg.rf.465d41e416f1a3f4c310d124f6a20394.jpg,train,not_ewaste,validation,94dd4a75bd7dd7faf4ef09f6e9baf78bee7c74b1f9951c8fa806529366801b51,COPIED,ml/data/candidates/phase11_reblocked/validation/not_ewaste/Paper_Waste__IMG_20250805_204402_jpg.rf.465d41e416f1a3f4c310d124f6a20394.jpg,23af1856a2081cef4fb0ce2e7fc6917ad9c9fdd048272e83eab88cca0c0c1bcc
ml/data/candidates/reject_v2/train/not_ewaste/Paper_Waste__IMG_20250805_204402_jpg.rf.d269ecf60d1be8342d3eba7460cb2363.jpg,train,not_ewaste,validation,94dd4a75bd7dd7faf4ef09f6e9baf78bee7c74b1f9951c8fa806529366801b51,SAME_GROUP_HOLDOUT_SIBLING_NOT_EVALUATED,,d34e336275819575f062ea0966c7c8d7f382116947bf0447fdcc43f74e81b064
ml/data/candidates/reject_v2/train/not_ewaste/Paper_Waste__IMG_20250805_204402_jpg.rf.f4ceb7fe4c8eb0c82dbc037ec7b831c7.jpg,train,not_ewaste,validation,94dd4a75bd7dd7faf4ef09f6e9baf78bee7c74b1f9951c8fa806529366801b51,SAME_GROUP_HOLDOUT_SIBLING_NOT_EVALUATED,,9266cb2321ade36d69d7720f7f628a38fa3b446a96493679c247e4ad7f3705d4
ml/data/candidates/reject_v2/train/not_ewaste/Paper_Waste__IMG_20250805_204403_1_jpg.rf.2b6c8113c9835325069714f6fb87e350.jpg,train,not_ewaste,validation,94dd4a75bd7dd7faf4ef09f6e9baf78bee7c74b1f9951c8fa806529366801b51,SAME_GROUP_HOLDOUT_SIBLING_NOT_EVALUATED,,c35c7c2217595fc5822821bdbe4a7cd5c89cd666261d48eff86debe0b2f6c68d
ml/data/candidates/reject_v2/train/not_ewaste/Paper_Waste__IMG_20250805_204403_1_jpg.rf.382583bcdbc5e53b2d2ca25df623ac57.jpg,train,not_ewaste,validation,94dd4a75bd7dd7faf4ef09f6e9baf78bee7c74b1f9951c8fa806529366801b51,SAME_GROUP_HOLDOUT_SIBLING_NOT_EVALUATED,,b3b875c1e5135bbdc758c4ab65b2371e642842f63dccbbfc52998995a2dcf924
ml/data/candidates/reject_v2/train/not_ewaste/Paper_Waste__IMG_20250805_204403_1_jpg.rf.d48b2c991fff5aef30ecb5a5a223dc63.jpg,train,not_ewaste,validation,94dd4a75bd7dd7faf4ef09f6e9baf78bee7c74b1f9951c8fa806529366801b51,SAME_GROUP_HOLDOUT_SIBLING_NOT_EVALUATED,,6b2c122c0d739f24938a75c937911ff902080ddfbd83feeb2c1de11e1d570d49
ml/data/candidates/reject_v2/train/not_ewaste/Paper_Waste__IMG_20250805_204403_jpg.rf.18c2fb5925cb92d259429fe11c328a57.jpg,train,not_ewaste,validation,94dd4a75bd7dd7faf4ef09f6e9baf78bee7c74b1f9951c8fa806529366801b51,SAME_GROUP_HOLDOUT_SIBLING_NOT_EVALUATED,,3f0801c71e16c05f8c726e8580fa109b79d0a5b9aa4dd6822f8a626553d3e881
ml/data/candidates/reject_v2/train/not_ewaste/Paper_Waste__IMG_20250805_204403_jpg.rf.47391ac46de2a994f2f2f99ff97e45bb.jpg,train,not_ewaste,validation,94dd4a75bd7dd7faf4ef09f6e9baf78bee7c74b1f9951c8fa806529366801b51,SAME_GROUP_HOLDOUT_SIBLING_NOT_EVALUATED,,e0eb621f322b89de48cda87a4f37903924c0af3c4ca5eac468a4b662a29ba26b
ml/data/candidates/reject_v2/train/not_ewaste/Paper_Waste__IMG_20250805_204403_jpg.rf.7907fbb3d9cee8e3d0d3ae3a4ff21f49.jpg,train,not_ewaste,validation,94dd4a75bd7dd7faf4ef09f6e9baf78bee7c74b1f9951c8fa806529366801b51,SAME_GROUP_HOLDOUT_SIBLING_NOT_EVALUATED,,2cb3f78b4616911ea4172c745aa0e71e3a648debd4c72749d91235071ccc76c3
ml/data/candidates/reject_v2/train/not_ewaste/Plastic_Waste__IMG_20250805_205143_jpg.rf.8e2375c8c295b2f6e0258e38f5fb68c4.jpg,train,not_ewaste,validation,823af936c0cbe77348d8c83693824bee6b4974252e62a717c2127496788c3c25,SAME_GROUP_HOLDOUT_SIBLING_NOT_EVALUATED,,e4318ff7532dd15bb2dc1af21191e226e798c03df7392ac346ec5f9cdb9617ec
ml/data/candidates/reject_v2/train/not_ewaste/Plastic_Waste__IMG_20250805_205143_jpg.rf.aefcc90f62c9f9cc7ae8e623fcf78c1f.jpg,train,not_ewaste,validation,823af936c0cbe77348d8c83693824bee6b4974252e62a717c2127496788c3c25,SAME_GROUP_HOLDOUT_SIBLING_NOT_EVALUATED,,63ca0e86d6afbb8d573c242130777e83eb5f442f8c81a50af6485deac161653f
ml/data/candidates/reject_v2/train/not_ewaste/Plastic_Waste__IMG_20250805_205143_jpg.rf.b2e5ad72494430e386b8bda06095dfe2.jpg,train,not_ewaste,validation,823af936c0cbe77348d8c83693824bee6b4974252e62a717c2127496788c3c25,SAME_GROUP_HOLDOUT_SIBLING_NOT_EVALUATED,,2eb1f6ffc2afcf7cf68caa4c96e151c6d7002740892b0d43a29b4487686f9b4f
ml/data/candidates/reject_v2/train/not_ewaste/Plastic_Waste__IMG_20250805_205144_jpg.rf.1b0d9c4908a6e65dd5a7de614f31d184.jpg,train,not_ewaste,validation,823af936c0cbe77348d8c83693824bee6b4974252e62a717c2127496788c3c25,COPIED,ml/data/candidates/phase11_reblocked/validation/not_ewaste/Plastic_Waste__IMG_20250805_205144_jpg.rf.1b0d9c4908a6e65dd5a7de614f31d184.jpg,00ca7ad0d4c75760405f3afd2a2beea02cb6eab700ac66f683956c297965968d
ml/data/candidates/reject_v2/train/not_ewaste/Plastic_Waste__IMG_20250805_205144_jpg.rf.8e49950a7a80aa6f28c8ef86f6319355.jpg,train,not_ewaste,validation,823af936c0cbe77348d8c83693824bee6b4974252e62a717c2127496788c3c25,SAME_GROUP_HOLDOUT_SIBLING_NOT_EVALUATED,,81bf2dfb8f000b9b450d3be2da7ac40a3d40cb59ba392c7a321d24f55d46fa10
ml/data/candidates/reject_v2/train/not_ewaste/Plastic_Waste__IMG_20250805_205144_jpg.rf.ad0541bb7d94af3ba8e6663b9c965631.jpg,train,not_ewaste,validation,823af936c0cbe77348d8c83693824bee6b4974252e62a717c2127496788c3c25,SAME_GROUP_HOLDOUT_SIBLING_NOT_EVALUATED,,6edf1d70bef96f9fe8bbe6ae96fafc913b17c1332603fa86ca864a2f5c83d9ca
ml/data/candidates/reject_v2/test/not_ewaste/Plastic_Waste__IMG_20250805_205143_1_jpg.rf.5f1533b2db7a5c31f1e230442d0af1cb.jpg,test,not_ewaste,validation,823af936c0cbe77348d8c83693824bee6b4974252e62a717c2127496788c3c25,SAME_GROUP_HOLDOUT_SIBLING_NOT_EVALUATED,,34b59e14902c915644f1757c44dea45c989cdc9ed262a2f1e2f0c0bec1973a1a
ml/data/candidates/reject_v2/test/not_ewaste/Plastic_Waste__IMG_20250805_205145_jpg.rf.3a64c9d810b401a6f722eeec456863f7.jpg,test,not_ewaste,validation,823af936c0cbe77348d8c83693824bee6b4974252e62a717c2127496788c3c25,SAME_GROUP_HOLDOUT_SIBLING_NOT_EVALUATED,,0ad0fa1be30b9a1d142903d8c449881c7e8424fe01272d705e8415a060e1bd16
ml/data/candidates/reject_v2/validation/not_ewaste/Plastic_Waste__IMG_20250805_204557_jpg.rf.2412783035a460e3e2f97d4fe7eb9d68.jpg,validation,not_ewaste,validation,019676130f1a9e4f124cec6d3d69da16a72fee84f9fb3881cb15cacc79bc8945,COPIED,ml/data/candidates/phase11_reblocked/validation/not_ewaste/Plastic_Waste__IMG_20250805_204557_jpg.rf.2412783035a460e3e2f97d4fe7eb9d68.jpg,36a3ec3621d905a79f38d65ddde1415b90a6cdae8ab2cad70f6a7ac7b57228df
ml/data/candidates/reject_v2/train/not_ewaste/Paper_Waste__IMG_20250822_140738_jpg.rf.4f49cac4c9e960c25cbcbeac04cdb9ee.jpg,train,not_ewaste,validation,762816da1ac32f657ca2b1161ff60b95c3875b5f0dce80b40699c0a04c42f19a,SAME_GROUP_HOLDOUT_SIBLING_NOT_EVALUATED,,44384c6ba7410569d0cc828bccb9db73171ab06ec513512b1eef1b1a61a70c09
ml/data/candidates/reject_v2/train/not_ewaste/Paper_Waste__IMG_20250822_140738_jpg.rf.545c3462a08b9c60d4197878111fec5e.jpg,train,not_ewaste,validation,762816da1ac32f657ca2b1161ff60b95c3875b5f0dce80b40699c0a04c42f19a,COPIED,ml/data/candidates/phase11_reblocked/validation/not_ewaste/Paper_Waste__IMG_20250822_140738_jpg.rf.545c3462a08b9c60d4197878111fec5e.jpg,3623e4f7b6677fa2d8c0c94c919d7d60a2045ea6705043fbb1ef8f4fa71f01ec
ml/data/candidates/reject_v2/train/not_ewaste/Paper_Waste__IMG_20250822_140738_jpg.rf.cc8d723babde729df4c36b85357d19d3.jpg,train,not_ewaste,validation,762816da1ac32f657ca2b1161ff60b95c3875b5f0dce80b40699c0a04c42f19a,SAME_GROUP_HOLDOUT_SIBLING_NOT_EVALUATED,,805676d8cb298aac51e1d1cd3323928cba21579313211359ce01f50024ed31d2
ml/data/candidates/reject_v2/test/not_ewaste/Plastic_Waste__IMG_20250805_205151_jpg.rf.e6bf2c96e092a04f2331d8d1b288c67d.jpg,test,not_ewaste,validation,69314ef0e20bbb6d08662c8c309e64dbb5ea988af369498814647243aa518492,COPIED,ml/data/candidates/phase11_reblocked/validation/not_ewaste/Plastic_Waste__IMG_20250805_205151_jpg.rf.e6bf2c96e092a04f2331d8d1b288c67d.jpg,10192f143cf8e8b6957eb9a841587a4cc74c2b23d24bde769d74ade3d779232b
ml/data/candidates/reject_v2/validation/not_ewaste/Organic_Waste__IMG_20250822_142829_jpg.rf.5faf7c8183280d9471c626777c35e5af.jpg,validation,not_ewaste,validation,55709db4fbe5f4863ad4e675371b6acab04307803f48408913319c1503caf1ff,COPIED,ml/data/candidates/phase11_reblocked/validation/not_ewaste/Organic_Waste__IMG_20250822_142829_jpg.rf.5faf7c8183280d9471c626777c35e5af.jpg,a52a591ee211e356c2f35b5ac80ea91e133e30d244eea9e3a9bd2cfdce67cf9e
ml/data/candidates/reject_v2/validation/not_ewaste/Organic_Waste__IMG_20250822_142827_jpg.rf.8f7b2bc720099c73bbcbdd6c5aff925f.jpg,validation,not_ewaste,validation,7ebc0db2fe6c10df7827a50cf09d2813f71b50c0dcfc163880b4f98f5e762f7c,COPIED,ml/data/candidates/phase11_reblocked/validation/not_ewaste/Organic_Waste__IMG_20250822_142827_jpg.rf.8f7b2bc720099c73bbcbdd6c5aff925f.jpg,2c61298db955a0a96b35d3a46e5a7c06a7768239df91a88e7730f087140a167b
ml/data/candidates/reject_v2/train/not_ewaste/Organic_Waste__IMG_20250822_142914_jpg.rf.399f848c094b889bdf6946acd441d3c5.jpg,train,not_ewaste,validation,56329b486c76a5aabe531973ffa7dd7029a62942c3627b5d2bcc49a5c9876bae,COPIED,ml/data/candidates/phase11_reblocked/validation/not_ewaste/Organic_Waste__IMG_20250822_142914_jpg.rf.399f848c094b889bdf6946acd441d3c5.jpg,363f96dd81b5267ac43a73e1d3a972603f5cf04da2c465054adc4d41098324a9
ml/data/candidates/reject_v2/train/not_ewaste/Organic_Waste__IMG_20250822_142914_jpg.rf.72806fab17429a3192e6b5336d7bab1e.jpg,train,not_ewaste,validation,56329b486c76a5aabe531973ffa7dd7029a62942c3627b5d2bcc49a5c9876bae,SAME_GROUP_HOLDOUT_SIBLING_NOT_EVALUATED,,e6343960f2147be71de309e3a951c53bbd01f2c0f7c44b694b8ae344b03b005d
ml/data/candidates/reject_v2/train/not_ewaste/Organic_Waste__IMG_20250822_142914_jpg.rf.a1f36bc4f945cdb8edd13dc8c56d7caa.jpg,train,not_ewaste,validation,56329b486c76a5aabe531973ffa7dd7029a62942c3627b5d2bcc49a5c9876bae,SAME_GROUP_HOLDOUT_SIBLING_NOT_EVALUATED,,fc13e1b5b0a4e217dab18c3e1a7bd00359d9589fab1dec8d7e6dc9d7702dcb31
ml/data/candidates/reject_v2/test/not_ewaste/Plastic_Waste__IMG_20250805_204426_jpg.rf.98ab16e044e1f43660b180d6b5f65c90.jpg,test,not_ewaste,validation,55b6639a3887123dab9e197580d37d40eacabf0f79a3cc1f1e1ec766ed46b261,COPIED,ml/data/candidates/phase11_reblocked/validation/not_ewaste/Plastic_Waste__IMG_20250805_204426_jpg.rf.98ab16e044e1f43660b180d6b5f65c90.jpg,15fabee86e022122798604286651779d689518a091752bae9227722e332bb3e6
ml/data/candidates/reject_v2/test/not_ewaste/Plastic_Waste__IMG_20250805_205034_jpg.rf.3be0c6a2ac393d9750609f621047f9c5.jpg,test,not_ewaste,validation,e821dd8f023b5bf2d01546021109a62fd0b75c8fa0a84a2716336cef424f454b,COPIED,ml/data/candidates/phase11_reblocked/validation/not_ewaste/Plastic_Waste__IMG_20250805_205034_jpg.rf.3be0c6a2ac393d9750609f621047f9c5.jpg,c7b0cc6706d5a2b03cca58469b65e77dc7009373361aacbb040c2ec99ba8fdfe
ml/data/candidates/reject_v2/train/not_ewaste/Plastic_Waste__IMG_20250820_000359_jpg.rf.121203122a6137cb187216f6bcf9c978.jpg,train,not_ewaste,validation,f3255ea6c5ddd8b76f1aa0dbbe5e7b2dd44c307254b5f07a43e98dd3729c6fad,COPIED,ml/data/candidates/phase11_reblocked/validation/not_ewaste/Plastic_Waste__IMG_20250820_000359_jpg.rf.121203122a6137cb187216f6bcf9c978.jpg,0c689be2a3a87e7b41375e498a253780e90c4d21c207c0bb42961363f2a268e4
ml/data/candidates/reject_v2/train/not_ewaste/Plastic_Waste__IMG_20250820_000359_jpg.rf.53ca7709045200b5df40ac79649b87bb.jpg,train,not_ewaste,validation,f3255ea6c5ddd8b76f1aa0dbbe5e7b2dd44c307254b5f07a43e98dd3729c6fad,SAME_GROUP_HOLDOUT_SIBLING_NOT_EVALUATED,,0c94816a9c663b57f02538829a1062ce06727b3a877c4cb6be1c6e894e6a3219
ml/data/candidates/reject_v2/train/not_ewaste/Plastic_Waste__IMG_20250820_000359_jpg.rf.8c5e990ab0f481aab61529c7a03c85cd.jpg,train,not_ewaste,validation,f3255ea6c5ddd8b76f1aa0dbbe5e7b2dd44c307254b5f07a43e98dd3729c6fad,SAME_GROUP_HOLDOUT_SIBLING_NOT_EVALUATED,,2325e3b32ff6cf98cdaa240714082c167583c1cadf4d9d8574b28f5d7f58bc4f
ml/data/candidates/reject_v2/train/not_ewaste/Plastic_Waste__IMG_20250820_000400_jpg.rf.08419e745dda4291cb77cc7f381e6b29.jpg,train,not_ewaste,validation,f3255ea6c5ddd8b76f1aa0dbbe5e7b2dd44c307254b5f07a43e98dd3729c6fad,SAME_GROUP_HOLDOUT_SIBLING_NOT_EVALUATED,,edcfe249863954388aed3f59c914c860420e218b9248a306b593316587c55161
ml/data/candidates/reject_v2/train/not_ewaste/Plastic_Waste__IMG_20250820_000400_jpg.rf.110894f67fa3e61b01b5b54d8bb14484.jpg,train,not_ewaste,validation,f3255ea6c5ddd8b76f1aa0dbbe5e7b2dd44c307254b5f07a43e98dd3729c6fad,SAME_GROUP_HOLDOUT_SIBLING_NOT_EVALUATED,,317024423b6cb87bef3dde9fe457477a368dbccb5146d0551c1eb6afb1ff80c9
ml/data/candidates/reject_v2/train/not_ewaste/Plastic_Waste__IMG_20250820_000400_jpg.rf.9dfc1e7b2c458ca9f435cc1beae14b08.jpg,train,not_ewaste,validation,f3255ea6c5ddd8b76f1aa0dbbe5e7b2dd44c307254b5f07a43e98dd3729c6fad,SAME_GROUP_HOLDOUT_SIBLING_NOT_EVALUATED,,1aaf27640b31b2982ad638d55fbe8af50afbd33020fdd58f3700e9027ad76854
ml/data/candidates/reject_v2/train/not_ewaste/Plastic_Waste__IMG_20250820_000401_1_jpg.rf.0bbe35f01fcbfe7d80a5c95a43eb0ff1.jpg,train,not_ewaste,validation,f3255ea6c5ddd8b76f1aa0dbbe5e7b2dd44c307254b5f07a43e98dd3729c6fad,SAME_GROUP_HOLDOUT_SIBLING_NOT_EVALUATED,,f7757b13eecb03cd8df2f9db45abd4cfa3334bfe5eac9d578377c322f55e7d36
ml/data/candidates/reject_v2/train/not_ewaste/Plastic_Waste__IMG_20250820_000401_1_jpg.rf.19f8f0f9ac1522d21ec263b1fed74c10.jpg,train,not_ewaste,validation,f3255ea6c5ddd8b76f1aa0dbbe5e7b2dd44c307254b5f07a43e98dd3729c6fad,SAME_GROUP_HOLDOUT_SIBLING_NOT_EVALUATED,,134a11102a3adb25b68d69b745e4d3265379b9d46cec28d788b8cf45527a82d5
ml/data/candidates/reject_v2/train/not_ewaste/Plastic_Waste__IMG_20250820_000401_1_jpg.rf.689d1e3ff52832fc8c1d29a54d1998a2.jpg,train,not_ewaste,validation,f3255ea6c5ddd8b76f1aa0dbbe5e7b2dd44c307254b5f07a43e98dd3729c6fad,SAME_GROUP_HOLDOUT_SIBLING_NOT_EVALUATED,,402e8369c0486554724b2594a64e99588b7c870dedab4aef4553aa263cf9723c
ml/data/candidates/reject_v2/validation/not_ewaste/Plastic_Waste__IMG_20250820_000400_1_jpg.rf.19d37a3e87ee1b6e09deb768a8d87036.jpg,validation,not_ewaste,validation,f3255ea6c5ddd8b76f1aa0dbbe5e7b2dd44c307254b5f07a43e98dd3729c6fad,SAME_GROUP_HOLDOUT_SIBLING_NOT_EVALUATED,,be60039d1af6689d832aefcb10a1266cb874f2009f96e32962054e0216763ff0
ml/data/candidates/reject_v2/test/not_ewaste/Plastic_Waste__IMG_20250820_000401_jpg.rf.e850d2354d04cd96561cbc82dce9263b.jpg,test,not_ewaste,validation,f3255ea6c5ddd8b76f1aa0dbbe5e7b2dd44c307254b5f07a43e98dd3729c6fad,SAME_GROUP_HOLDOUT_SIBLING_NOT_EVALUATED,,f7607377697d35d9cc2aaa47eb061c66ac7b2ff10e32b040bd8202e9c5be537b
ml/data/candidates/reject_v2/test/not_ewaste/Paper_Waste__IMG_20250822_140736_jpg.rf.4a09ef24a25d2c57ee2ac630cd43395a.jpg,test,not_ewaste,validation,ed2d27364c808ff9f9faa75349839b9f2210ef682fabfde7ffde886ce355631c,COPIED,ml/data/candidates/phase11_reblocked/validation/not_ewaste/Paper_Waste__IMG_20250822_140736_jpg.rf.4a09ef24a25d2c57ee2ac630cd43395a.jpg,9313893c4b6b4a60b0c87e596149c61e97d689823427bfa4496e0f758534a245
ml/data/candidates/reject_v2/train/not_ewaste/Paper_Waste__IMG_20250822_140904_jpg.rf.a9c604917f2fd85e01fc7c40c204e380.jpg,train,not_ewaste,validation,caf0bbbb79ae63f9b7134b8bba783056fe6253aff38702bc12d323788e10bf98,SAME_GROUP_HOLDOUT_SIBLING_NOT_EVALUATED,,d85028744c3a9466382156c9526a6d03470db2bd10f70b39cfe9751eb2f952fd
ml/data/candidates/reject_v2/train/not_ewaste/Paper_Waste__IMG_20250822_140904_jpg.rf.b9c81ee49e80219e42f2d7cf2fa1bd1f.jpg,train,not_ewaste,validation,caf0bbbb79ae63f9b7134b8bba783056fe6253aff38702bc12d323788e10bf98,SAME_GROUP_HOLDOUT_SIBLING_NOT_EVALUATED,,a84ae557daebde70e97269a573af2b9aaca95f8049addcb6116fbdaa4354d761
ml/data/candidates/reject_v2/train/not_ewaste/Paper_Waste__IMG_20250822_140904_jpg.rf.e1da3f55fec468daaa9072af13976cea.jpg,train,not_ewaste,validation,caf0bbbb79ae63f9b7134b8bba783056fe6253aff38702bc12d323788e10bf98,SAME_GROUP_HOLDOUT_SIBLING_NOT_EVALUATED,,ed277cfeefd43f0fcf9a05b92ce776cd86e540ae8f2f5a62cbad547fe65333fd
ml/data/candidates/reject_v2/validation/not_ewaste/Paper_Waste__IMG_20250822_140902_jpg.rf.b5185070d5fb1ca4c0cf2d5600eabd3e.jpg,validation,not_ewaste,validation,caf0bbbb79ae63f9b7134b8bba783056fe6253aff38702bc12d323788e10bf98,COPIED,ml/data/candidates/phase11_reblocked/validation/not_ewaste/Paper_Waste__IMG_20250822_140902_jpg.rf.b5185070d5fb1ca4c0cf2d5600eabd3e.jpg,16658a82cfb1ae293e9523566c62b0bb715a0ac3848568456f5ce4698b2e8ce0
ml/data/candidates/reject_v2/test/not_ewaste/Paper_Waste__IMG_20250822_140901_jpg.rf.eb59ae1ee095dcc3b5c4d4faf6eba8fb.jpg,test,not_ewaste,validation,caf0bbbb79ae63f9b7134b8bba783056fe6253aff38702bc12d323788e10bf98,SAME_GROUP_HOLDOUT_SIBLING_NOT_EVALUATED,,7602137a212d4dac6955f0acd7283f1406eda25ac12a15af91b87412890f3c44
ml/data/candidates/reject_v2/test/not_ewaste/Paper_Waste__IMG_20250822_140903_jpg.rf.0ab3494f906b9f6e76136edfb1d74544.jpg,test,not_ewaste,validation,caf0bbbb79ae63f9b7134b8bba783056fe6253aff38702bc12d323788e10bf98,SAME_GROUP_HOLDOUT_SIBLING_NOT_EVALUATED,,c134b657a62a67c10a3292bff1bd4bbf0ac69bd614406265736c74e0ce4db3c7
ml/data/candidates/reject_v2/train/not_ewaste/Paper_Waste__IMG_20250822_140647_jpg.rf.93f8e87f04b2c88bf685b329f75f90c5.jpg,train,not_ewaste,validation,b0bc35fc29cd1f83a84afdeb6bdba4f7791f404e60fcb2591201ac67069199f6,COPIED,ml/data/candidates/phase11_reblocked/validation/not_ewaste/Paper_Waste__IMG_20250822_140647_jpg.rf.93f8e87f04b2c88bf685b329f75f90c5.jpg,5d754c407df5564b69ba2937b553263f2c4c83043f3a9dad8396d841f3249002
ml/data/candidates/reject_v2/train/not_ewaste/Paper_Waste__IMG_20250822_140647_jpg.rf.b6dd718c8ed68ece7a8a9ae44fede69f.jpg,train,not_ewaste,validation,b0bc35fc29cd1f83a84afdeb6bdba4f7791f404e60fcb2591201ac67069199f6,SAME_GROUP_HOLDOUT_SIBLING_NOT_EVALUATED,,f6ed27814c998fc29545017e4e88b80f47e181ceb50720f4ce934b2031086334
ml/data/candidates/reject_v2/train/not_ewaste/Paper_Waste__IMG_20250822_140647_jpg.rf.ce3ffc096268da9333f5e6f9e1a1f2b2.jpg,train,not_ewaste,validation,b0bc35fc29cd1f83a84afdeb6bdba4f7791f404e60fcb2591201ac67069199f6,SAME_GROUP_HOLDOUT_SIBLING_NOT_EVALUATED,,9c8ce9e813e99cfc851af7079ede8ff1e9c0cda4cc61bc389625314a9f86fd1d
ml/data/candidates/reject_v2/train/not_ewaste/Plastic_Waste__IMG_20250822_142126_jpg.rf.4fc2e8ab596ede512a0a61962d7aceee.jpg,train,not_ewaste,validation,c1a07d696791bb17fdc4b7a072c51ce56c611746ce0315df5c68fa0f53620847,SAME_GROUP_HOLDOUT_SIBLING_NOT_EVALUATED,,719fe508bb18111d785e7ae3e312f511d734a64825dfcc41bd2de4b5f8901a45
ml/data/candidates/reject_v2/train/not_ewaste/Plastic_Waste__IMG_20250822_142126_jpg.rf.67d9289fc3c0c5462ad672c82b47ae22.jpg,train,not_ewaste,validation,c1a07d696791bb17fdc4b7a072c51ce56c611746ce0315df5c68fa0f53620847,SAME_GROUP_HOLDOUT_SIBLING_NOT_EVALUATED,,6a615db0e2282fdf42cb3f3d8462261168cf6f3adb2ff23f535cd8cb0f24f332
ml/data/candidates/reject_v2/train/not_ewaste/Plastic_Waste__IMG_20250822_142126_jpg.rf.c04c55174ed34929d8d33e67ffa855c3.jpg,train,not_ewaste,validation,c1a07d696791bb17fdc4b7a072c51ce56c611746ce0315df5c68fa0f53620847,SAME_GROUP_HOLDOUT_SIBLING_NOT_EVALUATED,,820d0774f900e5dce7fbd1ed9e5e1bd14c79099574c3e412a431cc1f4677d7d7
ml/data/candidates/reject_v2/test/not_ewaste/Plastic_Waste__IMG_20250822_142127_jpg.rf.7154f032cdb6100faf18f6342f4a5710.jpg,test,not_ewaste,validation,c1a07d696791bb17fdc4b7a072c51ce56c611746ce0315df5c68fa0f53620847,COPIED,ml/data/candidates/phase11_reblocked/validation/not_ewaste/Plastic_Waste__IMG_20250822_142127_jpg.rf.7154f032cdb6100faf18f6342f4a5710.jpg,151537854f36f8eb2e87787c5af746622d44a84492f33774fd5e866188e4f280
ml/data/candidates/reject_v2/test/not_ewaste/Plastic_Waste__IMG_20250805_205350_jpg.rf.7956615687714c5f5cdfcbaa3540c719.jpg,test,not_ewaste,validation,eb401df8260bc4538dab36ae7a49f103f9e4bfa09472320f28904885b7db2a3d,COPIED,ml/data/candidates/phase11_reblocked/validation/not_ewaste/Plastic_Waste__IMG_20250805_205350_jpg.rf.7956615687714c5f5cdfcbaa3540c719.jpg,bd6d9770808617c67fb735ed74578c6ae5007cbffa7e04caa5c4b312a69e060b
ml/data/candidates/reject_v2/train/not_ewaste/Plastic_Waste__IMG_20250805_204134_jpg.rf.4af4e850fe7af5bb90ac3e97000d36c6.jpg,train,not_ewaste,validation,f7ac7a81148e21f764f9c0dda7ad872f99bd4cb74dd4b3535e403b08d5816e8c,SAME_GROUP_HOLDOUT_SIBLING_NOT_EVALUATED,,7918969e605aba59ba92840b096d6f865bdbbd8ad1668ce81175bd968214eeec
ml/data/candidates/reject_v2/train/not_ewaste/Plastic_Waste__IMG_20250805_204134_jpg.rf.7fe7ccc7b7358e325456ee597d01fd16.jpg,train,not_ewaste,validation,f7ac7a81148e21f764f9c0dda7ad872f99bd4cb74dd4b3535e403b08d5816e8c,SAME_GROUP_HOLDOUT_SIBLING_NOT_EVALUATED,,dc6dd71381900c7b87c3b2c88d774d27b82bfcce22ff3d46fa920b48e195d11c
ml/data/candidates/reject_v2/train/not_ewaste/Plastic_Waste__IMG_20250805_204134_jpg.rf.b008bb5f98d7941d9e712f0ee4be0056.jpg,train,not_ewaste,validation,f7ac7a81148e21f764f9c0dda7ad872f99bd4cb74dd4b3535e403b08d5816e8c,SAME_GROUP_HOLDOUT_SIBLING_NOT_EVALUATED,,f4a4f5842452eb79884fc14a7e8ff0e65f64713d7d4e6d400ba7e8743cd19059
ml/data/candidates/reject_v2/train/not_ewaste/Plastic_Waste__IMG_20250805_204135_jpg.rf.0bacfba14385e79e2184e54c877cae52.jpg,train,not_ewaste,validation,f7ac7a81148e21f764f9c0dda7ad872f99bd4cb74dd4b3535e403b08d5816e8c,COPIED,ml/data/candidates/phase11_reblocked/validation/not_ewaste/Plastic_Waste__IMG_20250805_204135_jpg.rf.0bacfba14385e79e2184e54c877cae52.jpg,1d417e934b15853c71fa83c587ce17c4dbb361ed8a772f41eb8e5722c2b1d72a
ml/data/candidates/reject_v2/train/not_ewaste/Plastic_Waste__IMG_20250805_204135_jpg.rf.bf48f20f68ee47cdeb19ff037671125a.jpg,train,not_ewaste,validation,f7ac7a81148e21f764f9c0dda7ad872f99bd4cb74dd4b3535e403b08d5816e8c,SAME_GROUP_HOLDOUT_SIBLING_NOT_EVALUATED,,93a3ed7006417fe738438b8344d3625ee4710300b65f2706557288e9921e5761
ml/data/candidates/reject_v2/train/not_ewaste/Plastic_Waste__IMG_20250805_204135_jpg.rf.e8d896d91041e679b1bedd98bda017b2.jpg,train,not_ewaste,validation,f7ac7a81148e21f764f9c0dda7ad872f99bd4cb74dd4b3535e403b08d5816e8c,SAME_GROUP_HOLDOUT_SIBLING_NOT_EVALUATED,,a0969679900f86648e0766507bf0a6fd9cd09805ac9ba378bd7057628b612c45
ml/data/candidates/reject_v2/train/not_ewaste/Glass_Waste__IMG_20250822_142419_jpg.rf.06fcca158864645eed91c15642056523.jpg,train,not_ewaste,validation,7710c955b731868df3652a6854553cdf0412a488ae4c25b4ac545cdbd0558a0e,SAME_GROUP_HOLDOUT_SIBLING_NOT_EVALUATED,,8aea40089e96a5d115b0e1004004c59b1bed8533e532744eba8ff9a8c4769d52
ml/data/candidates/reject_v2/train/not_ewaste/Glass_Waste__IMG_20250822_142419_jpg.rf.84335405b476b36b48634a4fbfcd4204.jpg,train,not_ewaste,validation,7710c955b731868df3652a6854553cdf0412a488ae4c25b4ac545cdbd0558a0e,SAME_GROUP_HOLDOUT_SIBLING_NOT_EVALUATED,,6f788618144773c852fd0ed414315cc7849a145244a7f99ce54fc200fec61db0
ml/data/candidates/reject_v2/train/not_ewaste/Glass_Waste__IMG_20250822_142419_jpg.rf.9fe8ec93a7c568c966ebce1c3b830cd0.jpg,train,not_ewaste,validation,7710c955b731868df3652a6854553cdf0412a488ae4c25b4ac545cdbd0558a0e,COPIED,ml/data/candidates/phase11_reblocked/validation/not_ewaste/Glass_Waste__IMG_20250822_142419_jpg.rf.9fe8ec93a7c568c966ebce1c3b830cd0.jpg,4ca069ee6540d229fb931ab67a499e879d1a2585eb5bb8a2e483e3f16f7e89cf
ml/data/candidates/reject_v2/test/not_ewaste/Plastic_Waste__IMG_20250820_000350_1_jpg.rf.4720d935c5d6d5d9bb4d968a9c11f2e2.jpg,test,not_ewaste,validation,26e083d8012a5871b838b564a002ad390fe9cdae4a4829be7b81be82be5e7de4,COPIED,ml/data/candidates/phase11_reblocked/validation/not_ewaste/Plastic_Waste__IMG_20250820_000350_1_jpg.rf.4720d935c5d6d5d9bb4d968a9c11f2e2.jpg,61f84b377a06f77a87e188641b9495eabd4e8e80c20b4075849cfe8fe703c242
ml/data/candidates/reject_v2/test/not_ewaste/Glass_Waste__IMG_20250822_142628_jpg.rf.1f30f5409dbd7f340471256a9e461ebf.jpg,test,not_ewaste,validation,3a55de80bb7ab803c6a31045587ccf96146d1f6faaed92078230c5165b9bbbf7,COPIED,ml/data/candidates/phase11_reblocked/validation/not_ewaste/Glass_Waste__IMG_20250822_142628_jpg.rf.1f30f5409dbd7f340471256a9e461ebf.jpg,091572831d56017b6a5c254eab934998a23cc88a73b207a119e046e6c0620547
ml/data/candidates/reject_v2/train/not_ewaste/Glass_Waste__IMG_20250822_142534_jpg.rf.3aebbd4a53565ab165d7e119273a870a.jpg,train,not_ewaste,validation,bf01669dd8e3a23db74cace36e3bb13458cf307ab3f17d6d8fbb31137d3a6c01,COPIED,ml/data/candidates/phase11_reblocked/validation/not_ewaste/Glass_Waste__IMG_20250822_142534_jpg.rf.3aebbd4a53565ab165d7e119273a870a.jpg,00f911cc7864eaba33b31b74fd15480d2635e2c7895eae4dc54d5a83d895ed7e
ml/data/candidates/reject_v2/train/not_ewaste/Glass_Waste__IMG_20250822_142534_jpg.rf.72a3139a9ecebb7552a0ae1340df55ae.jpg,train,not_ewaste,validation,bf01669dd8e3a23db74cace36e3bb13458cf307ab3f17d6d8fbb31137d3a6c01,SAME_GROUP_HOLDOUT_SIBLING_NOT_EVALUATED,,69a6b325dcd1b710c33d3d0eed0a8bdc53b9fa9224175ba982679592ef720094
ml/data/candidates/reject_v2/train/not_ewaste/Glass_Waste__IMG_20250822_142534_jpg.rf.ab8fc2fc4357566472b2fcf2757680d0.jpg,train,not_ewaste,validation,bf01669dd8e3a23db74cace36e3bb13458cf307ab3f17d6d8fbb31137d3a6c01,SAME_GROUP_HOLDOUT_SIBLING_NOT_EVALUATED,,7314f1461f19af25f79dbf2663b4fddeea935eda95cfcfaf694fbc25b833fe7a
ml/data/candidates/reject_v2/validation/not_ewaste/Paper_Waste__IMG_20250822_142304_jpg.rf.c18fa1ce465e9f581ae75f1ae07a2d6e.jpg,validation,not_ewaste,validation,e73d222e608c6be2ed0d32ff93d944849f52f864a938e7337e02e5510a8b5074,COPIED,ml/data/candidates/phase11_reblocked/validation/not_ewaste/Paper_Waste__IMG_20250822_142304_jpg.rf.c18fa1ce465e9f581ae75f1ae07a2d6e.jpg,38acb292ce5a5f7119a61e54038884d8ba427c6aae45b96570f21a214aa2adc9
ml/data/candidates/reject_v2/validation/not_ewaste/Plastic_Waste__IMG_20250805_205009_jpg.rf.0292aedad341e86afd7847ea27857feb.jpg,validation,not_ewaste,validation,637ec9e8357e7cd1a277e7719e5e8579ae41eab72ddbd7fcadd68be3ea59b6f6,SAME_GROUP_HOLDOUT_SIBLING_NOT_EVALUATED,,d096a22dc6ffe26bd3691f80fdc7e274429a97c620c85638099305bc001c74a3
ml/data/candidates/reject_v2/test/not_ewaste/Plastic_Waste__IMG_20250805_205008_jpg.rf.a4c86fb79e5cdc6a0bf0e8d4691a2628.jpg,test,not_ewaste,validation,637ec9e8357e7cd1a277e7719e5e8579ae41eab72ddbd7fcadd68be3ea59b6f6,COPIED,ml/data/candidates/phase11_reblocked/validation/not_ewaste/Plastic_Waste__IMG_20250805_205008_jpg.rf.a4c86fb79e5cdc6a0bf0e8d4691a2628.jpg,03d9f6818657d59572058ba7231b05e39873a02e7f075a273ffb94bf5475a125
ml/data/candidates/reject_v2/train/not_ewaste/Glass_Waste__IMG_20250822_142550_jpg.rf.a73e4df70f845bec5e3ae29631fdb458.jpg,train,not_ewaste,validation,d29b0dd6111d5cc16086f6a1bcce715f6374620b47e7af91baddca61b6b0a7f6,SAME_GROUP_HOLDOUT_SIBLING_NOT_EVALUATED,,7bdd823096a1e213db84a1f93668f8bec1b648efb66b85ba04e83d14ee6eaff1
ml/data/candidates/reject_v2/train/not_ewaste/Glass_Waste__IMG_20250822_142550_jpg.rf.ce0bb39eada78c1a1e49b308cb792b40.jpg,train,not_ewaste,validation,d29b0dd6111d5cc16086f6a1bcce715f6374620b47e7af91baddca61b6b0a7f6,COPIED,ml/data/candidates/phase11_reblocked/validation/not_ewaste/Glass_Waste__IMG_20250822_142550_jpg.rf.ce0bb39eada78c1a1e49b308cb792b40.jpg,1abf7431c35e2cb33a4ae60c785b45556dcf083d3a6c6fac83f02a980477b29d
ml/data/candidates/reject_v2/train/not_ewaste/Glass_Waste__IMG_20250822_142550_jpg.rf.d39d69f33448842cf81590365df5f1ce.jpg,train,not_ewaste,validation,d29b0dd6111d5cc16086f6a1bcce715f6374620b47e7af91baddca61b6b0a7f6,SAME_GROUP_HOLDOUT_SIBLING_NOT_EVALUATED,,cf8bc865fd8a711bc85d4b91af8bd442fff0ddbcbdeefac5ad57980be349e010
ml/data/candidates/reject_v2/validation/not_ewaste/Glass_Waste__IMG_20250822_142549_jpg.rf.ceaa32446f155ab02be4bf2521046d48.jpg,validation,not_ewaste,validation,d29b0dd6111d5cc16086f6a1bcce715f6374620b47e7af91baddca61b6b0a7f6,SAME_GROUP_HOLDOUT_SIBLING_NOT_EVALUATED,,1f848f7570bb563e66f2b1d794cc23e1c464620c1e4743e6144b288863ce4b4e
ml/data/candidates/reject_v2/test/not_ewaste/Glass_Waste__IMG_20250822_142551_jpg.rf.3745eaa37cd825062d50a2cc8d2a6ed6.jpg,test,not_ewaste,validation,d29b0dd6111d5cc16086f6a1bcce715f6374620b47e7af91baddca61b6b0a7f6,SAME_GROUP_HOLDOUT_SIBLING_NOT_EVALUATED,,597eadfd7e674670093240c4a9ad90e8d89a7918bd4ec0b8cd9be287063d4c14
ml/data/candidates/reject_v2/train/not_ewaste/Glass_Waste__IMG_20250803_221520_jpg.rf.5e680193acc4243e38d54cb913e27f42.jpg,train,not_ewaste,validation,80ffe344fb990f589cc2ce07872b5b0a4ca3caa317881cf4a2215fd2a3f31866,SAME_GROUP_HOLDOUT_SIBLING_NOT_EVALUATED,,bf9f169dda761f4a51e71e88942571b70e57ab515f9ab8e740a814eb5bbbb3f3
ml/data/candidates/reject_v2/train/not_ewaste/Glass_Waste__IMG_20250803_221520_jpg.rf.97058151ba63a519d3e84ac077c759c6.jpg,train,not_ewaste,validation,80ffe344fb990f589cc2ce07872b5b0a4ca3caa317881cf4a2215fd2a3f31866,SAME_GROUP_HOLDOUT_SIBLING_NOT_EVALUATED,,546d47389ebd73983e59a3a7a54323439b24ae0851b09c75d38e2a15f0dc42d5
ml/data/candidates/reject_v2/train/not_ewaste/Glass_Waste__IMG_20250803_221520_jpg.rf.992cfcde5e3105774ce00660dc83a606.jpg,train,not_ewaste,validation,80ffe344fb990f589cc2ce07872b5b0a4ca3caa317881cf4a2215fd2a3f31866,SAME_GROUP_HOLDOUT_SIBLING_NOT_EVALUATED,,e1e1dfd264b28dadd779128e22acbb73e5152bd283c4b452b09c57b24c997bde
ml/data/candidates/reject_v2/train/not_ewaste/Glass_Waste__IMG_20250803_221521_jpg.rf.efaeff2935a809f7933d9f42847d1ee0.jpg,train,not_ewaste,validation,80ffe344fb990f589cc2ce07872b5b0a4ca3caa317881cf4a2215fd2a3f31866,SAME_GROUP_HOLDOUT_SIBLING_NOT_EVALUATED,,6ec758afe49f0009c44007b590a16d2140abee11a23547cc6524d6f565164d03
ml/data/candidates/reject_v2/train/not_ewaste/Glass_Waste__IMG_20250803_221521_jpg.rf.f3851d3373a9dfbacb58f10ff0bacb7a.jpg,train,not_ewaste,validation,80ffe344fb990f589cc2ce07872b5b0a4ca3caa317881cf4a2215fd2a3f31866,SAME_GROUP_HOLDOUT_SIBLING_NOT_EVALUATED,,b2ea944c0a8e1e438e4513674ca9b2f511dcb2466dad3d5190193f9d223a9ea6
ml/data/candidates/reject_v2/train/not_ewaste/Glass_Waste__IMG_20250803_221521_jpg.rf.f96c185c63cbe7fb9b2a8b05c1df20df.jpg,train,not_ewaste,validation,80ffe344fb990f589cc2ce07872b5b0a4ca3caa317881cf4a2215fd2a3f31866,SAME_GROUP_HOLDOUT_SIBLING_NOT_EVALUATED,,56d129198f7446c0ac81f2f65ebeb62d9aca6a70c06b80c0896a3dc48fcfeeac
ml/data/candidates/reject_v2/test/not_ewaste/Glass_Waste__IMG_20250803_221522_jpg.rf.882e1986f28dbb978fb365d869fff6e1.jpg,test,not_ewaste,validation,80ffe344fb990f589cc2ce07872b5b0a4ca3caa317881cf4a2215fd2a3f31866,COPIED,ml/data/candidates/phase11_reblocked/validation/not_ewaste/Glass_Waste__IMG_20250803_221522_jpg.rf.882e1986f28dbb978fb365d869fff6e1.jpg,22d329c466ba06e559a56747c16f4ab94b773c6fe08ec00599b9158fe4edf832
ml/data/candidates/reject_v2/train/not_ewaste/Paper_Waste__IMG_20250822_140555_jpg.rf.2aa500ee6e1d211033fe9ca0f91a8391.jpg,train,not_ewaste,validation,72fda928b31a9cbb9881983ab1e388b8df4ca67058487a6e414fe5350d8398fd,COPIED,ml/data/candidates/phase11_reblocked/validation/not_ewaste/Paper_Waste__IMG_20250822_140555_jpg.rf.2aa500ee6e1d211033fe9ca0f91a8391.jpg,1c9c66f360efb10d4b4aa254ef33896243613ed9c4eff022f1df90059f33b7dd
ml/data/candidates/reject_v2/train/not_ewaste/Paper_Waste__IMG_20250822_140555_jpg.rf.dc7895c6ba38cae223dc51b7b072d66f.jpg,train,not_ewaste,validation,72fda928b31a9cbb9881983ab1e388b8df4ca67058487a6e414fe5350d8398fd,SAME_GROUP_HOLDOUT_SIBLING_NOT_EVALUATED,,e48e24be2cfe96fddb4fe9fd0bbc32ce9fc665340d667d8bc40375ab00081fdd
ml/data/candidates/reject_v2/train/not_ewaste/Paper_Waste__IMG_20250822_140555_jpg.rf.e0042c663b3530c6baca32b52f4fd887.jpg,train,not_ewaste,validation,72fda928b31a9cbb9881983ab1e388b8df4ca67058487a6e414fe5350d8398fd,SAME_GROUP_HOLDOUT_SIBLING_NOT_EVALUATED,,887c312c329f6b95e913022f94ea9f3dcc671eb4c456f18d3a16fc4bf19b31d5
ml/data/candidates/reject_v2/test/not_ewaste/Organic_Waste__IMG_20250805_204821_jpg.rf.d2ee210c12dcceb83f4fbcd79606d08f.jpg,test,not_ewaste,validation,42f13ee3974ca6b9c61242dc1130dce4cbb7554a26cca5ef5297906f1e0f939f,COPIED,ml/data/candidates/phase11_reblocked/validation/not_ewaste/Organic_Waste__IMG_20250805_204821_jpg.rf.d2ee210c12dcceb83f4fbcd79606d08f.jpg,761a16961f3bf6cdb6b71ef6457c12707bca8fcbeeb3c2e5b0e2ff58cb14cfe5
ml/data/candidates/reject_v2/train/not_ewaste/Paper_Waste__IMG_20250822_140644_jpg.rf.09ad6df32157876dce5e27aebee84940.jpg,train,not_ewaste,validation,c7baeebc714c1be907d0c0037ef9dc428c9d3dff428dfe3b82837b8664d2859b,COPIED,ml/data/candidates/phase11_reblocked/validation/not_ewaste/Paper_Waste__IMG_20250822_140644_jpg.rf.09ad6df32157876dce5e27aebee84940.jpg,67414bb23aeec16a0ba1d688aa1a2e67c001cacaa51b34b4cf35050cb8f2fa6c
ml/data/candidates/reject_v2/train/not_ewaste/Paper_Waste__IMG_20250822_140644_jpg.rf.09eaf2b7792ab3c887f15a1925909e16.jpg,train,not_ewaste,validation,c7baeebc714c1be907d0c0037ef9dc428c9d3dff428dfe3b82837b8664d2859b,SAME_GROUP_HOLDOUT_SIBLING_NOT_EVALUATED,,87c70933168f832cb7e8695b1d50593ce136b7fd508ed0b2538ef0fae5e2a897
ml/data/candidates/reject_v2/train/not_ewaste/Paper_Waste__IMG_20250822_140644_jpg.rf.a7414ad00f78b806070f9ea972a1b2cc.jpg,train,not_ewaste,validation,c7baeebc714c1be907d0c0037ef9dc428c9d3dff428dfe3b82837b8664d2859b,SAME_GROUP_HOLDOUT_SIBLING_NOT_EVALUATED,,b1bbe169deed0d34e7a5a75e5bc6712f532413536fbda222cf3319d3b982962d
ml/data/candidates/reject_v2/validation/not_ewaste/Paper_Waste__IMG_20250822_140646_jpg.rf.9ae49dafb5760e7c9f69b373eae94719.jpg,validation,not_ewaste,validation,c7baeebc714c1be907d0c0037ef9dc428c9d3dff428dfe3b82837b8664d2859b,SAME_GROUP_HOLDOUT_SIBLING_NOT_EVALUATED,,a6430f2e7458b05d4fe5c90cdf0f18812223721b5fd50455623d6ba88c487085
ml/data/candidates/reject_v2/validation/not_ewaste/Glass_Waste__IMG_20250822_142454_jpg.rf.43c1991162c3bd2e61f256e6622b31fa.jpg,validation,not_ewaste,validation,3040742f165f56b231f910b80ae4e26e208f89e57259e331989e5a4338e5613d,SAME_GROUP_HOLDOUT_SIBLING_NOT_EVALUATED,,a0ff745964ea51c7e95b3797e186c865b281cab5bcabab2518d3aac88c8da8c0
ml/data/candidates/reject_v2/test/not_ewaste/Glass_Waste__IMG_20250822_142452_jpg.rf.e0311189664f12052f6fcf5c4aaf0cf1.jpg,test,not_ewaste,validation,3040742f165f56b231f910b80ae4e26e208f89e57259e331989e5a4338e5613d,SAME_GROUP_HOLDOUT_SIBLING_NOT_EVALUATED,,6db20fff80bac484c8f05ba0c3febba2436cd62748624a7e523553523bc741e9
ml/data/candidates/reject_v2/test/not_ewaste/Glass_Waste__IMG_20250822_142453_jpg.rf.3b3ce19a8afac31caaf9084aaa6fb245.jpg,test,not_ewaste,validation,3040742f165f56b231f910b80ae4e26e208f89e57259e331989e5a4338e5613d,COPIED,ml/data/candidates/phase11_reblocked/validation/not_ewaste/Glass_Waste__IMG_20250822_142453_jpg.rf.3b3ce19a8afac31caaf9084aaa6fb245.jpg,406a2971b18543d74443d538a8a9f12e98c9bfa7d224907771c562ff7524b124
ml/data/candidates/reject_v2/test/not_ewaste/Glass_Waste__IMG_20250822_142455_jpg.rf.ffe575329ec6e702d3f2aa8f6ec4aa36.jpg,test,not_ewaste,validation,3040742f165f56b231f910b80ae4e26e208f89e57259e331989e5a4338e5613d,SAME_GROUP_HOLDOUT_SIBLING_NOT_EVALUATED,,c689c6b5d6072e4e4c15ce005d737b84586a686185b6d23e8b18e73095162f4c
ml/data/candidates/reject_v2/validation/not_ewaste/Organic_Waste__IMG_20250822_142939_jpg.rf.1a54873e532c007420ad255c6374b81a.jpg,validation,not_ewaste,validation,ec8d5182bcb151092f2b6d73f581614afafa25e9411195b3e43e225d3043bd77,COPIED,ml/data/candidates/phase11_reblocked/validation/not_ewaste/Organic_Waste__IMG_20250822_142939_jpg.rf.1a54873e532c007420ad255c6374b81a.jpg,035671de5fa94464c0d342ae46cedf45fbdce31343050cc5a51ba74ff0bf4572
ml/data/candidates/reject_v2/train/not_ewaste/Glass_Waste__IMG_20250822_142343_jpg.rf.161c97c249cc6492a0f98e85d198b97d.jpg,train,not_ewaste,validation,58d6329155b14b08e07f8369b1018eee16464525e9647806582fe88c66ea9fbe,SAME_GROUP_HOLDOUT_SIBLING_NOT_EVALUATED,,374e5f7198cf7cb651c27777666b62d32ce778260f6d486ee928c37698e1b5cf
ml/data/candidates/reject_v2/train/not_ewaste/Glass_Waste__IMG_20250822_142343_jpg.rf.84a698c7981eec1437b8f3fe86a130ba.jpg,train,not_ewaste,validation,58d6329155b14b08e07f8369b1018eee16464525e9647806582fe88c66ea9fbe,COPIED,ml/data/candidates/phase11_reblocked/validation/not_ewaste/Glass_Waste__IMG_20250822_142343_jpg.rf.84a698c7981eec1437b8f3fe86a130ba.jpg,1c4ee4535d20a55b74e291aedb33668790688620e711256ae8fa74ed3463d547
ml/data/candidates/reject_v2/train/not_ewaste/Glass_Waste__IMG_20250822_142343_jpg.rf.c0d7dc77fb66ffb2274ab8200312690e.jpg,train,not_ewaste,validation,58d6329155b14b08e07f8369b1018eee16464525e9647806582fe88c66ea9fbe,SAME_GROUP_HOLDOUT_SIBLING_NOT_EVALUATED,,8c0142a89d35b39df92b1215e08e93fae9c01979b0d17ec6e02e55a5467e1316
ml/data/candidates/reject_v2/train/not_ewaste/Glass_Waste__IMG_20250822_142344_jpg.rf.08e95b404c21105b109c99d79dc5b494.jpg,train,not_ewaste,validation,58d6329155b14b08e07f8369b1018eee16464525e9647806582fe88c66ea9fbe,SAME_GROUP_HOLDOUT_SIBLING_NOT_EVALUATED,,224517aedf550a3013ab5b2ae7c39758308cbc302a8218e494ce8f31808e9e1f
ml/data/candidates/reject_v2/train/not_ewaste/Glass_Waste__IMG_20250822_142344_jpg.rf.4636b4d95665d444f2406f9f2105231d.jpg,train,not_ewaste,validation,58d6329155b14b08e07f8369b1018eee16464525e9647806582fe88c66ea9fbe,SAME_GROUP_HOLDOUT_SIBLING_NOT_EVALUATED,,4bcdb2c58a9e4815a85b7a8477c07a8bcc8f503751c6b3f6cc15dd04487a2d8f
ml/data/candidates/reject_v2/train/not_ewaste/Glass_Waste__IMG_20250822_142344_jpg.rf.5887a33fb647d277a1c012b98ebd677a.jpg,train,not_ewaste,validation,58d6329155b14b08e07f8369b1018eee16464525e9647806582fe88c66ea9fbe,SAME_GROUP_HOLDOUT_SIBLING_NOT_EVALUATED,,5a5a71c0efe80dbcaf4dc69b400d99d072faab3e1da1924ae51e4bda310c711f
ml/data/candidates/reject_v2/validation/not_ewaste/Glass_Waste__IMG_20250822_142344_1_jpg.rf.8f765dcd882b126ac960dac36973502f.jpg,validation,not_ewaste,validation,58d6329155b14b08e07f8369b1018eee16464525e9647806582fe88c66ea9fbe,SAME_GROUP_HOLDOUT_SIBLING_NOT_EVALUATED,,c98e35eb38176120161a30558d3714968c2b8f78afd357b1601c3abd976cbc82
ml/data/candidates/reject_v2/train/not_ewaste/Plastic_Waste__IMG_20250805_204305_jpg.rf.419f7bd13360aabc5aa9635a5f36a478.jpg,train,not_ewaste,test,2f7bc2a76f4849398a2488111226004a81e543d2e5b63a055628c39d42ba1ea7,SAME_GROUP_HOLDOUT_SIBLING_NOT_EVALUATED,,db5b1579f143203b0332dfb5974e97da5a552312fc6cd4806a9b2586cc05eabf
ml/data/candidates/reject_v2/train/not_ewaste/Plastic_Waste__IMG_20250805_204305_jpg.rf.905bc4a4c245689aa36ad6480324f0a5.jpg,train,not_ewaste,test,2f7bc2a76f4849398a2488111226004a81e543d2e5b63a055628c39d42ba1ea7,SAME_GROUP_HOLDOUT_SIBLING_NOT_EVALUATED,,4be384c02fc993edc25f5610f3ea527d4884713fa0f5018b518f23d3bd251474
ml/data/candidates/reject_v2/train/not_ewaste/Plastic_Waste__IMG_20250805_204305_jpg.rf.d096412b5f2bf1b6d56c5131884c4297.jpg,train,not_ewaste,test,2f7bc2a76f4849398a2488111226004a81e543d2e5b63a055628c39d42ba1ea7,SAME_GROUP_HOLDOUT_SIBLING_NOT_EVALUATED,,ddeff73a908f47ea57b53bbd259125b1d06ef140def53d1ceb15d6944119bc3f
ml/data/candidates/reject_v2/test/not_ewaste/Plastic_Waste__IMG_20250805_204303_jpg.rf.d7335968b18df9fd243e8e9933106032.jpg,test,not_ewaste,test,2f7bc2a76f4849398a2488111226004a81e543d2e5b63a055628c39d42ba1ea7,COPIED,ml/data/candidates/phase11_reblocked/test/not_ewaste/Plastic_Waste__IMG_20250805_204303_jpg.rf.d7335968b18df9fd243e8e9933106032.jpg,376cb96539878373aba4d90af0fb08597aeceffe7733db9b17433ac46cf28ace
ml/data/candidates/reject_v2/test/not_ewaste/Plastic_Waste__IMG_20250805_204304_jpg.rf.9f16e61c7a17c1cde693aa45c441de9c.jpg,test,not_ewaste,test,2f7bc2a76f4849398a2488111226004a81e543d2e5b63a055628c39d42ba1ea7,SAME_GROUP_HOLDOUT_SIBLING_NOT_EVALUATED,,a67335b448d7ab07596c94b107552c2f98b325d2623eb9097594d8f65a5f6a69
ml/data/candidates/reject_v2/train/not_ewaste/Glass_Waste__IMG_20250822_142537_jpg.rf.3c4b4f47f5cbdb1062b924a574835337.jpg,train,not_ewaste,test,464ec785fee59f78eac4ff26eec2d95e876ea67781c844bfea27f2d8c9803eec,SAME_GROUP_HOLDOUT_SIBLING_NOT_EVALUATED,,aa187d1107e6a91e04abe4975b93a81fba035bd6117a967ac058860d442f75e4
ml/data/candidates/reject_v2/train/not_ewaste/Glass_Waste__IMG_20250822_142537_jpg.rf.798a6c899564457de5e991d33ccd8c6c.jpg,train,not_ewaste,test,464ec785fee59f78eac4ff26eec2d95e876ea67781c844bfea27f2d8c9803eec,SAME_GROUP_HOLDOUT_SIBLING_NOT_EVALUATED,,abe2bbe0b9821505c93dae889ac1900a58e3a0b05152f54bf8d7fea9c9fe9c23
ml/data/candidates/reject_v2/train/not_ewaste/Glass_Waste__IMG_20250822_142537_jpg.rf.e14750172a876339df8ddf08f8140db1.jpg,train,not_ewaste,test,464ec785fee59f78eac4ff26eec2d95e876ea67781c844bfea27f2d8c9803eec,SAME_GROUP_HOLDOUT_SIBLING_NOT_EVALUATED,,ea292c155ee543954e917e39d081b33f825f05ba30d959f60b416f78c279756b
ml/data/candidates/reject_v2/test/not_ewaste/Glass_Waste__IMG_20250822_142536_jpg.rf.4a2864a1d00748a2430a7e9b8938457a.jpg,test,not_ewaste,test,464ec785fee59f78eac4ff26eec2d95e876ea67781c844bfea27f2d8c9803eec,SAME_GROUP_HOLDOUT_SIBLING_NOT_EVALUATED,,5654fbe2bcdbbdfa11305738e52bc6dc8ff6d53106d3089362a2a09d65b6cd84
ml/data/candidates/reject_v2/test/not_ewaste/Glass_Waste__IMG_20250822_142538_jpg.rf.3941b876b2fccf9ede8a2ffd2af2ca43.jpg,test,not_ewaste,test,464ec785fee59f78eac4ff26eec2d95e876ea67781c844bfea27f2d8c9803eec,COPIED,ml/data/candidates/phase11_reblocked/test/not_ewaste/Glass_Waste__IMG_20250822_142538_jpg.rf.3941b876b2fccf9ede8a2ffd2af2ca43.jpg,15d545b03405872558b5c5ad2f5bb422a91df745562671438906d13f9a12802e
ml/data/candidates/reject_v2/train/not_ewaste/Paper_Waste__IMG_20250822_140600_1_jpg.rf.1e163db170fc4bf762ec5928738ad55b.jpg,train,not_ewaste,test,8a388ed34315546924008335ed32e10a2ebbaaa9478feb54bbb6f72c2bebfbf3,COPIED,ml/data/candidates/phase11_reblocked/test/not_ewaste/Paper_Waste__IMG_20250822_140600_1_jpg.rf.1e163db170fc4bf762ec5928738ad55b.jpg,052b55cfb724e2161e5a3676f8ff24ca9bfc1e30216f373aaf5327fba0f09cd2
ml/data/candidates/reject_v2/train/not_ewaste/Paper_Waste__IMG_20250822_140600_1_jpg.rf.4e9796f2a168d9cef539e93f50ec97a2.jpg,train,not_ewaste,test,8a388ed34315546924008335ed32e10a2ebbaaa9478feb54bbb6f72c2bebfbf3,SAME_GROUP_HOLDOUT_SIBLING_NOT_EVALUATED,,3cac143724c406a8da19d14939acf4618da32d3504942683b1bd4e40e6cd13c0
ml/data/candidates/reject_v2/train/not_ewaste/Paper_Waste__IMG_20250822_140600_1_jpg.rf.a990e44f023870dd3f34045da432dc82.jpg,train,not_ewaste,test,8a388ed34315546924008335ed32e10a2ebbaaa9478feb54bbb6f72c2bebfbf3,SAME_GROUP_HOLDOUT_SIBLING_NOT_EVALUATED,,45b73fbc32df4e3e589ee8ea1d1364926fc28ba519bf39085572e2262743af5d
ml/data/candidates/reject_v2/train/not_ewaste/Paper_Waste__IMG_20250822_140601_jpg.rf.1045e447711bf2b5cfb5e029ec217189.jpg,train,not_ewaste,test,8a388ed34315546924008335ed32e10a2ebbaaa9478feb54bbb6f72c2bebfbf3,SAME_GROUP_HOLDOUT_SIBLING_NOT_EVALUATED,,ca44abd8d6dfdf3e94632481cc9e43a9ea814175317e1a93590687b1465dbb0f
ml/data/candidates/reject_v2/train/not_ewaste/Paper_Waste__IMG_20250822_140601_jpg.rf.476cf984995c69440226e371e1fa0709.jpg,train,not_ewaste,test,8a388ed34315546924008335ed32e10a2ebbaaa9478feb54bbb6f72c2bebfbf3,SAME_GROUP_HOLDOUT_SIBLING_NOT_EVALUATED,,6f3441d47a624c9fd8a1ecf9dcca3cc68b64279d350ab02cbb21cac2b736407a
ml/data/candidates/reject_v2/train/not_ewaste/Paper_Waste__IMG_20250822_140601_jpg.rf.f9de4c8d60f00fe685e33cac9aa22f89.jpg,train,not_ewaste,test,8a388ed34315546924008335ed32e10a2ebbaaa9478feb54bbb6f72c2bebfbf3,SAME_GROUP_HOLDOUT_SIBLING_NOT_EVALUATED,,95d43198a6d7c8fed0c1a979ff054388e5761652ee3c6776dd88ba50e1224dd4
ml/data/candidates/reject_v2/validation/not_ewaste/Paper_Waste__IMG_20250822_140602_jpg.rf.803619495847fccb4b011bb9212f9db8.jpg,validation,not_ewaste,test,8a388ed34315546924008335ed32e10a2ebbaaa9478feb54bbb6f72c2bebfbf3,SAME_GROUP_HOLDOUT_SIBLING_NOT_EVALUATED,,2a0ae1a326eb5e0ec3d314fa501a26acf416f1b6513d1e88aa8cd8a94b1f065f
ml/data/candidates/reject_v2/test/not_ewaste/Paper_Waste__IMG_20250822_140600_jpg.rf.7b5883061ca4a70e4fced90d41cbb9ae.jpg,test,not_ewaste,test,8a388ed34315546924008335ed32e10a2ebbaaa9478feb54bbb6f72c2bebfbf3,SAME_GROUP_HOLDOUT_SIBLING_NOT_EVALUATED,,b449585ac410a6b8dc77261db86f448662b238f3c81d9a2ce7c027de4744581b
ml/data/candidates/reject_v2/train/not_ewaste/Paper_Waste__IMG_20250822_140741_jpg.rf.0fcb06c40089dec7800d5312b1d9feed.jpg,train,not_ewaste,test,aa66dfda5509bc7d2e3d7d8090c0b5c7936ce2f88799020ebea5c06b8b13819d,SAME_GROUP_HOLDOUT_SIBLING_NOT_EVALUATED,,4ae8abea384c4d6fa528772c45e10f5f27de7fe5e38886b1c80a5957b5f03e42
ml/data/candidates/reject_v2/train/not_ewaste/Paper_Waste__IMG_20250822_140741_jpg.rf.1f5f36babdd2bc9df99e99c0fde966b6.jpg,train,not_ewaste,test,aa66dfda5509bc7d2e3d7d8090c0b5c7936ce2f88799020ebea5c06b8b13819d,COPIED,ml/data/candidates/phase11_reblocked/test/not_ewaste/Paper_Waste__IMG_20250822_140741_jpg.rf.1f5f36babdd2bc9df99e99c0fde966b6.jpg,0a3f373bd87c6c413e5afcba86275e0d014c7aa8ba237404685391c1bbaffd5e
ml/data/candidates/reject_v2/train/not_ewaste/Paper_Waste__IMG_20250822_140741_jpg.rf.fe32131ae063386bab3591e1c7cb4318.jpg,train,not_ewaste,test,aa66dfda5509bc7d2e3d7d8090c0b5c7936ce2f88799020ebea5c06b8b13819d,SAME_GROUP_HOLDOUT_SIBLING_NOT_EVALUATED,,5ed12cc16c02923a0f4e24349015e27fbf4c1397f3afdc99cb70edbf93a049ff
ml/data/candidates/reject_v2/train/not_ewaste/Organic_Waste__IMG_20250822_142832_jpg.rf.1f42b5ce3eedbcdb46d9a7ef29350f22.jpg,train,not_ewaste,test,d299da2eb6fcb559c7de2348f0e30623ce7b3e3606499d173ff21503f93e930c,SAME_GROUP_HOLDOUT_SIBLING_NOT_EVALUATED,,73c6f0efd69163696f8cfd49e691da7f42b14dfe16e02d6e38029958de06a4b5
ml/data/candidates/reject_v2/train/not_ewaste/Organic_Waste__IMG_20250822_142832_jpg.rf.3840408fd363fc5184400d0ec3fd9296.jpg,train,not_ewaste,test,d299da2eb6fcb559c7de2348f0e30623ce7b3e3606499d173ff21503f93e930c,SAME_GROUP_HOLDOUT_SIBLING_NOT_EVALUATED,,3a2c3fd86eab1fe204e85a0ae0854c32fc82057b547145c62995ce9f55262e8e
ml/data/candidates/reject_v2/train/not_ewaste/Organic_Waste__IMG_20250822_142832_jpg.rf.804c5874eda9cebf474762a0aa8f8365.jpg,train,not_ewaste,test,d299da2eb6fcb559c7de2348f0e30623ce7b3e3606499d173ff21503f93e930c,COPIED,ml/data/candidates/phase11_reblocked/test/not_ewaste/Organic_Waste__IMG_20250822_142832_jpg.rf.804c5874eda9cebf474762a0aa8f8365.jpg,22ca9c9aaa0d912b5f8babe9a404256ca90c1414accd2f622e9548aac3123217
ml/data/candidates/reject_v2/train/not_ewaste/Organic_Waste__IMG_20250822_142833_jpg.rf.0e99a0329f39eb36811edd8cef87a886.jpg,train,not_ewaste,test,d299da2eb6fcb559c7de2348f0e30623ce7b3e3606499d173ff21503f93e930c,SAME_GROUP_HOLDOUT_SIBLING_NOT_EVALUATED,,257ea35b0c35b4f84b43a9351a834bee5e464abbd524fff8664cf29441d4bb7e
ml/data/candidates/reject_v2/train/not_ewaste/Organic_Waste__IMG_20250822_142833_jpg.rf.289941be72d02e70716ba752742d3508.jpg,train,not_ewaste,test,d299da2eb6fcb559c7de2348f0e30623ce7b3e3606499d173ff21503f93e930c,SAME_GROUP_HOLDOUT_SIBLING_NOT_EVALUATED,,63135096d92523910e5ebbaca58a9179111ef2e1fdb0a869ea16ee00df016dee
ml/data/candidates/reject_v2/train/not_ewaste/Organic_Waste__IMG_20250822_142833_jpg.rf.e9c07348d2f1d37522982fe1bdf2483e.jpg,train,not_ewaste,test,d299da2eb6fcb559c7de2348f0e30623ce7b3e3606499d173ff21503f93e930c,SAME_GROUP_HOLDOUT_SIBLING_NOT_EVALUATED,,2fca5518462f3a5b03d700cbf1c30707e670ee3b90e7b90450546bbd19d090bb
ml/data/candidates/reject_v2/train/not_ewaste/Plastic_Waste__IMG_20250820_000312_jpg.rf.111687e36475489d13bd59aade902037.jpg,train,not_ewaste,test,6efb138645b40eeb1f106c42ea5217d38ed59f76a6d9af8119f085abae85a09d,COPIED,ml/data/candidates/phase11_reblocked/test/not_ewaste/Plastic_Waste__IMG_20250820_000312_jpg.rf.111687e36475489d13bd59aade902037.jpg,0667165ceec46031bd3b1f0527d625f7cf3745fea6f45f52af6668ca86cdd939
ml/data/candidates/reject_v2/train/not_ewaste/Plastic_Waste__IMG_20250820_000312_jpg.rf.33f36d20d9842b8334ec44764bc8d57b.jpg,train,not_ewaste,test,6efb138645b40eeb1f106c42ea5217d38ed59f76a6d9af8119f085abae85a09d,SAME_GROUP_HOLDOUT_SIBLING_NOT_EVALUATED,,e21d1fdccc7b9392c24c66add1cc249d668d9fc1127979271fb369b57e423a8d
ml/data/candidates/reject_v2/train/not_ewaste/Plastic_Waste__IMG_20250820_000312_jpg.rf.6e037cc067dfb04b8fbf8c5621e06737.jpg,train,not_ewaste,test,6efb138645b40eeb1f106c42ea5217d38ed59f76a6d9af8119f085abae85a09d,SAME_GROUP_HOLDOUT_SIBLING_NOT_EVALUATED,,d6ed4018d3c9d2cdd3ee5e30371ec01c0778c43b2468a629ba0a49b71c33acff
ml/data/candidates/reject_v2/train/not_ewaste/Plastic_Waste__IMG_20250822_142128_jpg.rf.2b947efdc7e5a6ce6d46224b87f9e637.jpg,train,not_ewaste,test,b7461ac6ab208f42507ec5567a8614f71a9d9ede4048f43e08d6c6de9f891bdf,COPIED,ml/data/candidates/phase11_reblocked/test/not_ewaste/Plastic_Waste__IMG_20250822_142128_jpg.rf.2b947efdc7e5a6ce6d46224b87f9e637.jpg,081ce69ded04ef92e224b58d75f7d04b3bc9a47e609ae63e98831531fb4cf06f
ml/data/candidates/reject_v2/train/not_ewaste/Plastic_Waste__IMG_20250822_142128_jpg.rf.44fbc4415344e6608efda68cd02a041f.jpg,train,not_ewaste,test,b7461ac6ab208f42507ec5567a8614f71a9d9ede4048f43e08d6c6de9f891bdf,SAME_GROUP_HOLDOUT_SIBLING_NOT_EVALUATED,,be77b035a4777a9323461311c34d06cd657059335c3df99be6a7c0424a13dd3a
ml/data/candidates/reject_v2/train/not_ewaste/Plastic_Waste__IMG_20250822_142128_jpg.rf.eb707e08c22aa608699e5631ddafb7c7.jpg,train,not_ewaste,test,b7461ac6ab208f42507ec5567a8614f71a9d9ede4048f43e08d6c6de9f891bdf,SAME_GROUP_HOLDOUT_SIBLING_NOT_EVALUATED,,83b0472eb33665d980bbd1ead61e96e3eca2b0d7e01d9bd088fc8daacdca1ae0
ml/data/candidates/reject_v2/train/not_ewaste/Plastic_Waste__IMG_20250805_205408_jpg.rf.4a5f20d7614373b0b183150dbe4c7cc2.jpg,train,not_ewaste,test,6ddb8675a152f303d6f85ed58f02fbbac1973214c85fe9c20b6a07005ab66e51,COPIED,ml/data/candidates/phase11_reblocked/test/not_ewaste/Plastic_Waste__IMG_20250805_205408_jpg.rf.4a5f20d7614373b0b183150dbe4c7cc2.jpg,d1573565bd2511885192c80d496c843c35da0aa77b0e911af676c0f5480be112
ml/data/candidates/reject_v2/train/not_ewaste/Plastic_Waste__IMG_20250805_205408_jpg.rf.ab417e00b6a6784b970deade29e300e3.jpg,train,not_ewaste,test,6ddb8675a152f303d6f85ed58f02fbbac1973214c85fe9c20b6a07005ab66e51,SAME_GROUP_HOLDOUT_SIBLING_NOT_EVALUATED,,d95491e8d74787cd4367d35350683a8381c1bfcf67246e5e2a7a9b8f435e6722
ml/data/candidates/reject_v2/train/not_ewaste/Plastic_Waste__IMG_20250805_205408_jpg.rf.c1bed1418d4622b5e15625b352f17b96.jpg,train,not_ewaste,test,6ddb8675a152f303d6f85ed58f02fbbac1973214c85fe9c20b6a07005ab66e51,SAME_GROUP_HOLDOUT_SIBLING_NOT_EVALUATED,,ea99170011c603665a4deddbd5cbc5ef30c93f04d9d31bf11efba35ac73ae5fd
ml/data/candidates/reject_v2/train/not_ewaste/Plastic_Waste__IMG_20250805_204715_jpg.rf.2ae08241e78da2b3298f8ea042ddb27d.jpg,train,not_ewaste,test,70e04b6be00c81a4918989a88f7c72ccc116db783c8fd77bfb431232a4639bbc,COPIED,ml/data/candidates/phase11_reblocked/test/not_ewaste/Plastic_Waste__IMG_20250805_204715_jpg.rf.2ae08241e78da2b3298f8ea042ddb27d.jpg,47cfd4196d8d268480b9583c446b9ad31d71a90dcb11b70ff4a56370df30de28
ml/data/candidates/reject_v2/train/not_ewaste/Plastic_Waste__IMG_20250805_204715_jpg.rf.a51d9af630fec8443b4d8a3ce221460f.jpg,train,not_ewaste,test,70e04b6be00c81a4918989a88f7c72ccc116db783c8fd77bfb431232a4639bbc,SAME_GROUP_HOLDOUT_SIBLING_NOT_EVALUATED,,904eba32dd024af090ab3a2c7c495045670a226af07700062e323b49bd286321
ml/data/candidates/reject_v2/train/not_ewaste/Plastic_Waste__IMG_20250805_204715_jpg.rf.cb138fe16b23f290b9ed1d8410668484.jpg,train,not_ewaste,test,70e04b6be00c81a4918989a88f7c72ccc116db783c8fd77bfb431232a4639bbc,SAME_GROUP_HOLDOUT_SIBLING_NOT_EVALUATED,,5b8dc9b71e905bd16d47502ed3163067d0064f7fad0e99537d73f8eb0418f48c
ml/data/candidates/reject_v2/validation/not_ewaste/Plastic_Waste__IMG_20250803_221251_jpg.rf.142771a86edbed7ee7e280540f45f2d5.jpg,validation,not_ewaste,test,f62cec619e27c71c005a6674439e47bc502a71fa5ebea0f17cb1fe61cb4e950b,COPIED,ml/data/candidates/phase11_reblocked/test/not_ewaste/Plastic_Waste__IMG_20250803_221251_jpg.rf.142771a86edbed7ee7e280540f45f2d5.jpg,5cd0e0646b18cba32db1196107e3b283d673f652e25d749a426956786c95eb21
ml/data/candidates/reject_v2/validation/not_ewaste/Plastic_Waste__IMG_20250805_204127_jpg.rf.952dac11cc93268bad625e9bf48028d6.jpg,validation,not_ewaste,test,bbe6f9c41380053a02452fa284f5dc7c6b8ef16a38fd83b17bf04c7176a42a78,SAME_GROUP_HOLDOUT_SIBLING_NOT_EVALUATED,,8cce02adb66481b7dda56311f97994c7cdcdc6ce46d6177d77a6f57294ab69a7
ml/data/candidates/reject_v2/test/not_ewaste/Plastic_Waste__IMG_20250805_204126_1_jpg.rf.9a9df0bec9c45b42c64cddc67af2c9c8.jpg,test,not_ewaste,test,bbe6f9c41380053a02452fa284f5dc7c6b8ef16a38fd83b17bf04c7176a42a78,SAME_GROUP_HOLDOUT_SIBLING_NOT_EVALUATED,,e4f597206cd9a3caa303fb40b6e92eb3f89e04bdc04475355239fa0cd096fe41
ml/data/candidates/reject_v2/test/not_ewaste/Plastic_Waste__IMG_20250805_204128_jpg.rf.5b8f7b79ed1140bc2cf21ff49fc3827a.jpg,test,not_ewaste,test,bbe6f9c41380053a02452fa284f5dc7c6b8ef16a38fd83b17bf04c7176a42a78,COPIED,ml/data/candidates/phase11_reblocked/test/not_ewaste/Plastic_Waste__IMG_20250805_204128_jpg.rf.5b8f7b79ed1140bc2cf21ff49fc3827a.jpg,6866fa971992fa9e2814eb5367bac21018756b812c826aa9bfe3dc203041ac4e
ml/data/candidates/reject_v2/train/not_ewaste/Plastic_Waste__IMG_20250805_205135_jpg.rf.023f451a84c86959e60cafa18f9fac37.jpg,train,not_ewaste,test,e0bbfe2f015fd5413260c73022debbb924e0374d35bd29619b458f384ad461ce,SAME_GROUP_HOLDOUT_SIBLING_NOT_EVALUATED,,bd68712df0adf4479b07428ff7e24ce63f8d4a767e2b00552d43cd8d0278ea7f
ml/data/candidates/reject_v2/train/not_ewaste/Plastic_Waste__IMG_20250805_205135_jpg.rf.15d0b8b4ea65e21f30e1dd07f5975579.jpg,train,not_ewaste,test,e0bbfe2f015fd5413260c73022debbb924e0374d35bd29619b458f384ad461ce,SAME_GROUP_HOLDOUT_SIBLING_NOT_EVALUATED,,91f6ba15c9074d05bb58e5caa6521173f63725fbe5a3b4590c098f17a04193a5
ml/data/candidates/reject_v2/train/not_ewaste/Plastic_Waste__IMG_20250805_205135_jpg.rf.cb3ea9baee4cffa66b920af7232ca731.jpg,train,not_ewaste,test,e0bbfe2f015fd5413260c73022debbb924e0374d35bd29619b458f384ad461ce,COPIED,ml/data/candidates/phase11_reblocked/test/not_ewaste/Plastic_Waste__IMG_20250805_205135_jpg.rf.cb3ea9baee4cffa66b920af7232ca731.jpg,176c9880461b5ecea0e352dd1f846b11cc97b179b76eca2b1ce569b48f1e916c
ml/data/candidates/reject_v2/train/not_ewaste/Plastic_Waste__IMG_20250805_205136_jpg.rf.5f101f2d3a48a86d5630851478c72d8b.jpg,train,not_ewaste,test,e0bbfe2f015fd5413260c73022debbb924e0374d35bd29619b458f384ad461ce,SAME_GROUP_HOLDOUT_SIBLING_NOT_EVALUATED,,7143640f14f5ea6cd45ccedff84df2a38aaab760b28d937a0c61e6931f8ba6d2
ml/data/candidates/reject_v2/train/not_ewaste/Plastic_Waste__IMG_20250805_205136_jpg.rf.8f1b833777e66855aebff752f75d9149.jpg,train,not_ewaste,test,e0bbfe2f015fd5413260c73022debbb924e0374d35bd29619b458f384ad461ce,SAME_GROUP_HOLDOUT_SIBLING_NOT_EVALUATED,,3237b3b7300a9f5e687653b96207d3d9f4616e4bdc971e9af446c3884ee0495e
ml/data/candidates/reject_v2/train/not_ewaste/Plastic_Waste__IMG_20250805_205136_jpg.rf.b0345da797e4dae039c5175a3de96b7b.jpg,train,not_ewaste,test,e0bbfe2f015fd5413260c73022debbb924e0374d35bd29619b458f384ad461ce,SAME_GROUP_HOLDOUT_SIBLING_NOT_EVALUATED,,d07de512fd8b4087e086e94d67ee0582a6ede7fc045619b7b46c464ab903c69a
ml/data/candidates/reject_v2/train/not_ewaste/Plastic_Waste__IMG_20250803_221420_jpg.rf.2c9b24f436c7893ecb3d6d1eba1c33c4.jpg,train,not_ewaste,test,6d02510a4c1f398c4d68c772db7e50f0752c181117f5e3da5cd494e0ba106e77,SAME_GROUP_HOLDOUT_SIBLING_NOT_EVALUATED,,941352cb2de5e497b585fc15e2db187d58649cda3d0980fcf8af1310bf862ceb
ml/data/candidates/reject_v2/train/not_ewaste/Plastic_Waste__IMG_20250803_221420_jpg.rf.32a34e738a3fcd49f6c772c089d910a6.jpg,train,not_ewaste,test,6d02510a4c1f398c4d68c772db7e50f0752c181117f5e3da5cd494e0ba106e77,SAME_GROUP_HOLDOUT_SIBLING_NOT_EVALUATED,,b7754f7c5c27068ce078883dbca2e15227920d5daf8b34e4ab9c08e93cbb7485
ml/data/candidates/reject_v2/train/not_ewaste/Plastic_Waste__IMG_20250803_221420_jpg.rf.eeea5b29b3d9d2f4a7ba9cc4643d6168.jpg,train,not_ewaste,test,6d02510a4c1f398c4d68c772db7e50f0752c181117f5e3da5cd494e0ba106e77,SAME_GROUP_HOLDOUT_SIBLING_NOT_EVALUATED,,d5849b486c2f6f81be5d5901a9c0d5f4288d0d47248b7861f5b09ca95a01f4c7
ml/data/candidates/reject_v2/validation/not_ewaste/Plastic_Waste__IMG_20250803_221419_jpg.rf.3211bd332b9c09a4324bead98ddee8b5.jpg,validation,not_ewaste,test,6d02510a4c1f398c4d68c772db7e50f0752c181117f5e3da5cd494e0ba106e77,SAME_GROUP_HOLDOUT_SIBLING_NOT_EVALUATED,,94c65d5dc519cfe9f6f04d2204698ed9f20ecd26f54047e0fcbf01ed735e9e54
ml/data/candidates/reject_v2/test/not_ewaste/Plastic_Waste__IMG_20250803_221421_jpg.rf.37ec4fbff8fe98ac23fc23adf37421e0.jpg,test,not_ewaste,test,6d02510a4c1f398c4d68c772db7e50f0752c181117f5e3da5cd494e0ba106e77,COPIED,ml/data/candidates/phase11_reblocked/test/not_ewaste/Plastic_Waste__IMG_20250803_221421_jpg.rf.37ec4fbff8fe98ac23fc23adf37421e0.jpg,72da6e2e42664788c309b5805add35876f4d444f0b7d40daf619453eb081a1e0
ml/data/candidates/reject_v2/validation/not_ewaste/Plastic_Waste__IMG_20250805_205024_jpg.rf.d712c687a82bbe88f51807560183469b.jpg,validation,not_ewaste,test,edf8f88a75b9d611ad533f8371251fb9ce67d6b1255622a09ffb2e9b15188629,SAME_GROUP_HOLDOUT_SIBLING_NOT_EVALUATED,,550da78ae830282ebbc40941d93f9dcf769d6c6516ca1421b9ca9d03ebe4fdd1
ml/data/candidates/reject_v2/test/not_ewaste/Plastic_Waste__IMG_20250805_205023_jpg.rf.ca9a6515e2b28cc0bf600793ec912a51.jpg,test,not_ewaste,test,edf8f88a75b9d611ad533f8371251fb9ce67d6b1255622a09ffb2e9b15188629,COPIED,ml/data/candidates/phase11_reblocked/test/not_ewaste/Plastic_Waste__IMG_20250805_205023_jpg.rf.ca9a6515e2b28cc0bf600793ec912a51.jpg,1d6b28a6af6203b5873fdaa4cb2dc6c1da53951bdd779e7320411bf05e58e5bc
ml/data/candidates/reject_v2/test/not_ewaste/Plastic_Waste__IMG_20250805_205026_jpg.rf.2b4336e312c5c015dec782fa65d0d53a.jpg,test,not_ewaste,test,edf8f88a75b9d611ad533f8371251fb9ce67d6b1255622a09ffb2e9b15188629,SAME_GROUP_HOLDOUT_SIBLING_NOT_EVALUATED,,a0988f8fdf8520a76eade1ee5607a69369552e09cea44ef086012b0765496fa3
ml/data/candidates/reject_v2/train/not_ewaste/Paper_Waste__IMG_20250805_205258_jpg.rf.9a63e1dc02bbcc711ca5965a03ed14f4.jpg,train,not_ewaste,test,7cd55cb3d00e382a59aabd19278b043f8f1d580c695331c11a1f5b3de6a74f40,SAME_GROUP_HOLDOUT_SIBLING_NOT_EVALUATED,,e14aacb349f8b5ad11a4f7eee7849d0ae88b0158a3eddd1a657dde7faeef8b0f
ml/data/candidates/reject_v2/train/not_ewaste/Paper_Waste__IMG_20250805_205258_jpg.rf.f025fafd4eee069eadda2f065571eacc.jpg,train,not_ewaste,test,7cd55cb3d00e382a59aabd19278b043f8f1d580c695331c11a1f5b3de6a74f40,COPIED,ml/data/candidates/phase11_reblocked/test/not_ewaste/Paper_Waste__IMG_20250805_205258_jpg.rf.f025fafd4eee069eadda2f065571eacc.jpg,1e5c7878189f1737cda9dbb524212102dc7d3dce8c291ac58ebd5d7a848c23bc
ml/data/candidates/reject_v2/train/not_ewaste/Paper_Waste__IMG_20250805_205258_jpg.rf.f4e6c0bde6433f39161faa77bb39c8e5.jpg,train,not_ewaste,test,7cd55cb3d00e382a59aabd19278b043f8f1d580c695331c11a1f5b3de6a74f40,SAME_GROUP_HOLDOUT_SIBLING_NOT_EVALUATED,,e2ae9aaf61d292d8195276836769ef578586cc82ef8ba6c49a599c606183cdc5
ml/data/candidates/reject_v2/validation/not_ewaste/Plastic_Waste__IMG_20250805_204556_jpg.rf.a5fb8451e51fb0063812ecb73743f5d6.jpg,validation,not_ewaste,test,8fb05e89f82f2fb8d9b228f09a990112b9ca56d4a6fdeb369c921d62050eae2e,COPIED,ml/data/candidates/phase11_reblocked/test/not_ewaste/Plastic_Waste__IMG_20250805_204556_jpg.rf.a5fb8451e51fb0063812ecb73743f5d6.jpg,46368b76deb87db1e7d9dc8482a3d50d83705a248541ecf0fb8378832a53f81d
ml/data/candidates/reject_v2/validation/not_ewaste/Plastic_Waste__IMG_20250805_205153_jpg.rf.d051eed359d1532502032f1ad2bb5cc0.jpg,validation,not_ewaste,test,f23a3e31499a039b99d13a8d2671f1413cdd8425cd30cfe80835c735d989387c,COPIED,ml/data/candidates/phase11_reblocked/test/not_ewaste/Plastic_Waste__IMG_20250805_205153_jpg.rf.d051eed359d1532502032f1ad2bb5cc0.jpg,e9111bd009139e2e3347276ce47ad521b7cea7f4cfcc0af26a2b85be6af54680
ml/data/candidates/reject_v2/validation/not_ewaste/Plastic_Waste__IMG_20250822_142044_jpg.rf.06aed6639286974ef38a3fe5c06eacd7.jpg,validation,not_ewaste,test,45459a98691ddd2269f938cf9f904e16cfa91911587fa875c71d50500775060e,COPIED,ml/data/candidates/phase11_reblocked/test/not_ewaste/Plastic_Waste__IMG_20250822_142044_jpg.rf.06aed6639286974ef38a3fe5c06eacd7.jpg,c6b8b8c57be96c56d820b37e08a4a4c5d7cd8d0536ad28d6e3fc92187fa6f711
ml/data/candidates/reject_v2/validation/not_ewaste/Glass_Waste__IMG_20250805_204620_jpg.rf.46cae3537038a9e3ecab0ebbab0f31f4.jpg,validation,not_ewaste,test,aeaf1204f9649b406d23de215e2f2ff765f47f5db7ac6c91e919263019bdf18d,SAME_GROUP_HOLDOUT_SIBLING_NOT_EVALUATED,,ea592aec62514c37af80f8c25a5f1da507448537e20ae5d140d93118fefe0c6d
ml/data/candidates/reject_v2/test/not_ewaste/Glass_Waste__IMG_20250805_204617_jpg.rf.6bb21b42c794bd4cb885ac3a9aae5e46.jpg,test,not_ewaste,test,aeaf1204f9649b406d23de215e2f2ff765f47f5db7ac6c91e919263019bdf18d,COPIED,ml/data/candidates/phase11_reblocked/test/not_ewaste/Glass_Waste__IMG_20250805_204617_jpg.rf.6bb21b42c794bd4cb885ac3a9aae5e46.jpg,7524118be6354c4df1ff69a3fdf5de0d8165c4c7bae1b6efd551839be3325240
ml/data/candidates/reject_v2/test/not_ewaste/Glass_Waste__IMG_20250805_204618_jpg.rf.16ccf63a195520f6ec112fd61ab536e3.jpg,test,not_ewaste,test,aeaf1204f9649b406d23de215e2f2ff765f47f5db7ac6c91e919263019bdf18d,SAME_GROUP_HOLDOUT_SIBLING_NOT_EVALUATED,,8d412c2e8de2913fb58947027bc23d002791b896cf716140241fd24a08b88ce8
ml/data/candidates/reject_v2/train/not_ewaste/Paper_Waste__IMG_20250822_140535_jpg.rf.473f55701a72df9bb7f25a0eb2b0f5be.jpg,train,not_ewaste,test,21b8da1b66c2088d35d8ed7a0f68a5bebbd8a08a7e2ee2ac2ad1685c4cc56e97,SAME_GROUP_HOLDOUT_SIBLING_NOT_EVALUATED,,b3eedddd8f834c1ba0adf6f865f36625fc0f135c7df508fed2680d71b9ae5956
ml/data/candidates/reject_v2/train/not_ewaste/Paper_Waste__IMG_20250822_140535_jpg.rf.922eae9b4cb88ba118b80e3ac68de7e9.jpg,train,not_ewaste,test,21b8da1b66c2088d35d8ed7a0f68a5bebbd8a08a7e2ee2ac2ad1685c4cc56e97,SAME_GROUP_HOLDOUT_SIBLING_NOT_EVALUATED,,e899f322d89a4d8c5334210667928e6d17c147da9c95a5ba0bedd316d056afcb
ml/data/candidates/reject_v2/train/not_ewaste/Paper_Waste__IMG_20250822_140535_jpg.rf.cf1993ae8f4d0a07c59a99decf5e2249.jpg,train,not_ewaste,test,21b8da1b66c2088d35d8ed7a0f68a5bebbd8a08a7e2ee2ac2ad1685c4cc56e97,SAME_GROUP_HOLDOUT_SIBLING_NOT_EVALUATED,,46adb1b1b0bc5fd33b0f61f5bf43247924630a7ac02ce1577c9e7d6e46878155
ml/data/candidates/reject_v2/validation/not_ewaste/Paper_Waste__IMG_20250822_140536_jpg.rf.1d37da9c3159ab3c2ca3613706626ac7.jpg,validation,not_ewaste,test,21b8da1b66c2088d35d8ed7a0f68a5bebbd8a08a7e2ee2ac2ad1685c4cc56e97,SAME_GROUP_HOLDOUT_SIBLING_NOT_EVALUATED,,884238e53f0767353631e49c0be0c9228926c943535b8d5ba2a85087ac15193e
ml/data/candidates/reject_v2/validation/not_ewaste/Paper_Waste__IMG_20250822_140538_jpg.rf.ac48c9f6c937875957fe3fe945c55063.jpg,validation,not_ewaste,test,21b8da1b66c2088d35d8ed7a0f68a5bebbd8a08a7e2ee2ac2ad1685c4cc56e97,SAME_GROUP_HOLDOUT_SIBLING_NOT_EVALUATED,,95403da494028edf4826898d4bd3e579a38d48a872fefb62bf56a19241920361
ml/data/candidates/reject_v2/test/not_ewaste/Paper_Waste__IMG_20250822_140539_jpg.rf.cde02abebb4dcdae8d8bff45501e38e8.jpg,test,not_ewaste,test,21b8da1b66c2088d35d8ed7a0f68a5bebbd8a08a7e2ee2ac2ad1685c4cc56e97,COPIED,ml/data/candidates/phase11_reblocked/test/not_ewaste/Paper_Waste__IMG_20250822_140539_jpg.rf.cde02abebb4dcdae8d8bff45501e38e8.jpg,0b74b33fec2d1734a8405785576d53506bb2e6457522d0ae81cc9a2b376ac6b5
ml/data/candidates/reject_v2/train/not_ewaste/Plastic_Waste__IMG_20250805_205314_jpg.rf.2fb6fd4be72209e109b9ed77b6ea0bbc.jpg,train,not_ewaste,test,59a3f07ffd2aaa5e129de52d53b25ba8e59b6f0e7983087548a62cfe352d8114,SAME_GROUP_HOLDOUT_SIBLING_NOT_EVALUATED,,cff2221585aa11e6d26f1c257f34af2036755d57cdbbdd6fcc448ec3d51f651d
ml/data/candidates/reject_v2/train/not_ewaste/Plastic_Waste__IMG_20250805_205314_jpg.rf.4ea33b37bc08aa92c9552cb7b3da6608.jpg,train,not_ewaste,test,59a3f07ffd2aaa5e129de52d53b25ba8e59b6f0e7983087548a62cfe352d8114,COPIED,ml/data/candidates/phase11_reblocked/test/not_ewaste/Plastic_Waste__IMG_20250805_205314_jpg.rf.4ea33b37bc08aa92c9552cb7b3da6608.jpg,2a66b698881feb0ff2b7b7b91f76ffcc45062d94bc3823742042bacf95cd0707
ml/data/candidates/reject_v2/train/not_ewaste/Plastic_Waste__IMG_20250805_205314_jpg.rf.767fceca27058f2e43845c2002f6d844.jpg,train,not_ewaste,test,59a3f07ffd2aaa5e129de52d53b25ba8e59b6f0e7983087548a62cfe352d8114,SAME_GROUP_HOLDOUT_SIBLING_NOT_EVALUATED,,7fd824c5593123338904651237e6d129cec1bfadf8c8e46a205edbfcfcea045c
ml/data/candidates/reject_v2/test/not_ewaste/Plastic_Waste__IMG_20250805_205314_1_jpg.rf.33e6e50746cb8d5eb6ede5d5b962effc.jpg,test,not_ewaste,test,59a3f07ffd2aaa5e129de52d53b25ba8e59b6f0e7983087548a62cfe352d8114,SAME_GROUP_HOLDOUT_SIBLING_NOT_EVALUATED,,88b75114bd84533ac5de7a14ed23e3dc612e3d0c6f66f0451ec726b6fbb92678
ml/data/candidates/reject_v2/test/not_ewaste/Plastic_Waste__IMG_20250805_205315_jpg.rf.4394968743c03e5db47b4d93ee83c654.jpg,test,not_ewaste,test,59a3f07ffd2aaa5e129de52d53b25ba8e59b6f0e7983087548a62cfe352d8114,SAME_GROUP_HOLDOUT_SIBLING_NOT_EVALUATED,,a206d9b0223da829eeb2b4e9cefc347ecd79f359d2a13791a4841523d33f1fc1
ml/data/candidates/reject_v2/validation/not_ewaste/Paper_Waste__IMG_20250805_205249_jpg.rf.c00f1841c88990f1eb3c331bdd3d2fdd.jpg,validation,not_ewaste,test,e3ebc25f0867b39bdda1ff0d0d0d54ab088dab446884dbee3ca6553f662dd53f,SAME_GROUP_HOLDOUT_SIBLING_NOT_EVALUATED,,98b07daad078f441d34dd8074c53483af247fc219e6cb343a7f898624c254e7d
ml/data/candidates/reject_v2/test/not_ewaste/Paper_Waste__IMG_20250805_205250_jpg.rf.299bcff334c54651f50f43d8337ce02a.jpg,test,not_ewaste,test,e3ebc25f0867b39bdda1ff0d0d0d54ab088dab446884dbee3ca6553f662dd53f,COPIED,ml/data/candidates/phase11_reblocked/test/not_ewaste/Paper_Waste__IMG_20250805_205250_jpg.rf.299bcff334c54651f50f43d8337ce02a.jpg,2918b860ccba0bd4b5b7ffd9398d633fcbef8e886157bb8a325ff01f4624f917
ml/data/candidates/reject_v2/test/not_ewaste/Plastic_Waste__IMG_20250805_204716_jpg.rf.b14036a7926b739da24817281336a96d.jpg,test,not_ewaste,test,7dbebfa9fc08885d462ee6f2ba56e6f1d217346708e774bcd19fa63877f86832,COPIED,ml/data/candidates/phase11_reblocked/test/not_ewaste/Plastic_Waste__IMG_20250805_204716_jpg.rf.b14036a7926b739da24817281336a96d.jpg,77e6c095c847374dd46b9f20c7e862e63a05d8c02c58558d3f44d37971d641dc
ml/data/candidates/reject_v2/train/not_ewaste/Plastic_Waste__IMG_20250822_142143_jpg.rf.1ffd886e202f47f704edad54c5176c9a.jpg,train,not_ewaste,test,20f46376aa991fff090fd421e569207040d8759dc84804b4c9717738d1568741,COPIED,ml/data/candidates/phase11_reblocked/test/not_ewaste/Plastic_Waste__IMG_20250822_142143_jpg.rf.1ffd886e202f47f704edad54c5176c9a.jpg,0abdb4019b160c94482889307bba018efb842a5a1427d36fc9a800186cbce835
ml/data/candidates/reject_v2/train/not_ewaste/Plastic_Waste__IMG_20250822_142143_jpg.rf.7daa0f7fe242c1ae91a9b0b4507be5ea.jpg,train,not_ewaste,test,20f46376aa991fff090fd421e569207040d8759dc84804b4c9717738d1568741,SAME_GROUP_HOLDOUT_SIBLING_NOT_EVALUATED,,843da9fd88f6a6ba5f0a00c1188e776478e00cab4ace17b141eeafad7f9efee6
ml/data/candidates/reject_v2/train/not_ewaste/Plastic_Waste__IMG_20250822_142143_jpg.rf.97cfd8d55444b985b9286ce3008f0da4.jpg,train,not_ewaste,test,20f46376aa991fff090fd421e569207040d8759dc84804b4c9717738d1568741,SAME_GROUP_HOLDOUT_SIBLING_NOT_EVALUATED,,75dedb646a455e8997d278daeaf0798bf038132af1ddd33f59b1d14cd3d7fa50
ml/data/candidates/reject_v2/train/not_ewaste/Plastic_Waste__IMG_20250822_142145_jpg.rf.9dca1d09bc063e34e3f420977919db83.jpg,train,not_ewaste,test,20f46376aa991fff090fd421e569207040d8759dc84804b4c9717738d1568741,SAME_GROUP_HOLDOUT_SIBLING_NOT_EVALUATED,,768e26a5ed753c7ebf0550c5147c247ce780de687023c2ae029b6c8e3f12f068
ml/data/candidates/reject_v2/train/not_ewaste/Plastic_Waste__IMG_20250822_142145_jpg.rf.b893efc51e46ef4c3fca8f8b455ca26f.jpg,train,not_ewaste,test,20f46376aa991fff090fd421e569207040d8759dc84804b4c9717738d1568741,SAME_GROUP_HOLDOUT_SIBLING_NOT_EVALUATED,,de791e9fec16b7fcb2c7e7f2cc6a8a8f130c419540fa13518a2de521314237bd
ml/data/candidates/reject_v2/train/not_ewaste/Plastic_Waste__IMG_20250822_142145_jpg.rf.e6ed2fe9e656e20bca9e7e59567e8fb4.jpg,train,not_ewaste,test,20f46376aa991fff090fd421e569207040d8759dc84804b4c9717738d1568741,SAME_GROUP_HOLDOUT_SIBLING_NOT_EVALUATED,,9fedc60e0d11bf545e36f59c9cb53ff1573094d0bd62d8ab7935a3740803071a
ml/data/candidates/reject_v2/validation/not_ewaste/Plastic_Waste__IMG_20250822_142147_jpg.rf.94cd758475f73a6586d112cda87ac370.jpg,validation,not_ewaste,test,20f46376aa991fff090fd421e569207040d8759dc84804b4c9717738d1568741,SAME_GROUP_HOLDOUT_SIBLING_NOT_EVALUATED,,5b7309cda4322b4b3156775d09af78453c9f470704a78aee91069b64f3a0563c
ml/data/candidates/reject_v2/train/not_ewaste/Paper_Waste__IMG_20250822_140800_jpg.rf.17f7479c1b9ef9202808dc779ab11ca2.jpg,train,not_ewaste,test,3eb5bfc4093d3649a0abd06cf2b2d0f901c11f45792b78a6338252541f939c67,SAME_GROUP_HOLDOUT_SIBLING_NOT_EVALUATED,,cc7101a6054e1415b47dd877c5264943bb7d9791a9625296451955fa9cefae30
ml/data/candidates/reject_v2/train/not_ewaste/Paper_Waste__IMG_20250822_140800_jpg.rf.6ec8bd20ddd1946c3d490dffe04961f8.jpg,train,not_ewaste,test,3eb5bfc4093d3649a0abd06cf2b2d0f901c11f45792b78a6338252541f939c67,COPIED,ml/data/candidates/phase11_reblocked/test/not_ewaste/Paper_Waste__IMG_20250822_140800_jpg.rf.6ec8bd20ddd1946c3d490dffe04961f8.jpg,07b8188306ab2a1f0c805ff4326c3a0d506b988d1a1574514fa0cf8ebf2eb15f
ml/data/candidates/reject_v2/train/not_ewaste/Paper_Waste__IMG_20250822_140800_jpg.rf.bf73f4f6523443798e9dea3f8a25cc37.jpg,train,not_ewaste,test,3eb5bfc4093d3649a0abd06cf2b2d0f901c11f45792b78a6338252541f939c67,SAME_GROUP_HOLDOUT_SIBLING_NOT_EVALUATED,,b1dbabdea05a9709737e9de2112572883ecfb9c7d21d61dafad43cf3fadbe65f
ml/data/candidates/reject_v2/train/not_ewaste/Paper_Waste__IMG_20250805_204020_jpg.rf.b59d5e51f6ecab5f5bdb9fc97c4e9a63.jpg,train,not_ewaste,test,26830eac123c4dd05a8fef82a7062d90b74990593989888a534dd30f0129a54a,SAME_GROUP_HOLDOUT_SIBLING_NOT_EVALUATED,,ad80c66a091e6a042bc27a0f7a04a89fb3535be11d6c3d3eaf5f0c9c104dbe2e
ml/data/candidates/reject_v2/train/not_ewaste/Paper_Waste__IMG_20250805_204020_jpg.rf.fbcd98f1c51538b12e4a04bda5daf749.jpg,train,not_ewaste,test,26830eac123c4dd05a8fef82a7062d90b74990593989888a534dd30f0129a54a,COPIED,ml/data/candidates/phase11_reblocked/test/not_ewaste/Paper_Waste__IMG_20250805_204020_jpg.rf.fbcd98f1c51538b12e4a04bda5daf749.jpg,5fec2ea78a9d110c2447b35310879db9695d80f5891a610c43fc3ac77d920d7b
ml/data/candidates/reject_v2/train/not_ewaste/Paper_Waste__IMG_20250805_204020_jpg.rf.ffe980c4ce002cc13096541ee42cca1c.jpg,train,not_ewaste,test,26830eac123c4dd05a8fef82a7062d90b74990593989888a534dd30f0129a54a,SAME_GROUP_HOLDOUT_SIBLING_NOT_EVALUATED,,adc664655b14fee2ab975a32b1d98b503381dabdd4ad20d190a17f89de9b3a90
ml/data/candidates/reject_v2/test/not_ewaste/Paper_Waste__IMG_20250805_204021_jpg.rf.c38944bc37d953025211694e6fd1ecc8.jpg,test,not_ewaste,test,26830eac123c4dd05a8fef82a7062d90b74990593989888a534dd30f0129a54a,SAME_GROUP_HOLDOUT_SIBLING_NOT_EVALUATED,,a08d2c50d33a901f36e3957c9f9f019206f2d80d5082894bc2533412fbe06bde
ml/data/candidates/reject_v2/validation/not_ewaste/Glass_Waste__IMG_20250805_204626_jpg.rf.8495b87f2ab0c81b054369640e0cfcba.jpg,validation,not_ewaste,test,1242569316e299bb39ecd6d3bfbfa9e573a5c5494ca4a88e2de506402329c7d9,COPIED,ml/data/candidates/phase11_reblocked/test/not_ewaste/Glass_Waste__IMG_20250805_204626_jpg.rf.8495b87f2ab0c81b054369640e0cfcba.jpg,b53d02342399930f9d2f4dfde2d846df09b732a24268247a7d4d4bf970067029
ml/data/candidates/reject_v2/train/not_ewaste/Plastic_Waste__IMG_20250820_000335_1_jpg.rf.050c007eed9a1a424e871c33937bcf72.jpg,train,not_ewaste,test,4a87733fbb3cfaa209ed44720a477ac936d6808ff87f1e461008145b481e1a08,SAME_GROUP_HOLDOUT_SIBLING_NOT_EVALUATED,,923d9938c35d6c99fd8cdf2fb07d0b0c62eb38635781eb6cf5e6e73fb8bfedd2
ml/data/candidates/reject_v2/train/not_ewaste/Plastic_Waste__IMG_20250820_000335_1_jpg.rf.052f948c75885d653a286d136e581cbf.jpg,train,not_ewaste,test,4a87733fbb3cfaa209ed44720a477ac936d6808ff87f1e461008145b481e1a08,COPIED,ml/data/candidates/phase11_reblocked/test/not_ewaste/Plastic_Waste__IMG_20250820_000335_1_jpg.rf.052f948c75885d653a286d136e581cbf.jpg,25531e98632071a6a8f2228d9d5986fbfc71702aece9fd19a6950e41baeb7e43
ml/data/candidates/reject_v2/train/not_ewaste/Plastic_Waste__IMG_20250820_000335_1_jpg.rf.ff22b9861989d50974b4921d7d2cefcd.jpg,train,not_ewaste,test,4a87733fbb3cfaa209ed44720a477ac936d6808ff87f1e461008145b481e1a08,SAME_GROUP_HOLDOUT_SIBLING_NOT_EVALUATED,,cc172a553b59441017d479b2eb9de724a6056770252b730ff650bf33c8337666
ml/data/candidates/reject_v2/validation/not_ewaste/Plastic_Waste__IMG_20250805_204102_jpg.rf.e6a01764a33bd97d4290cc98ea23db94.jpg,validation,not_ewaste,test,2a268ff9cdaf4dd4cc3b912ee6061b0b2ddf67fc2fb1e8c6bcd2f09b10e1c33a,COPIED,ml/data/candidates/phase11_reblocked/test/not_ewaste/Plastic_Waste__IMG_20250805_204102_jpg.rf.e6a01764a33bd97d4290cc98ea23db94.jpg,50c098470b05c5a5fb2e9a677abf8337198cb5c63a7fdd8c11126d248f77716c
ml/data/candidates/reject_v2/test/not_ewaste/Plastic_Waste__IMG_20250805_205341_jpg.rf.7b1d02176ba8b6f3e05247bdcabe4fa4.jpg,test,not_ewaste,test,33693372844e22ffbeca39aece36d02aafe0cc2e85928019f54ccb4a4dfa293f,COPIED,ml/data/candidates/phase11_reblocked/test/not_ewaste/Plastic_Waste__IMG_20250805_205341_jpg.rf.7b1d02176ba8b6f3e05247bdcabe4fa4.jpg,da30311c0d78c669e581ae6410e4e3b65c68addcbe26ec313d2eac7570af2064
ml/data/candidates/reject_v2/train/not_ewaste/Organic_Waste__IMG_20250822_142905_jpg.rf.2bf61f2daed1c1ed09cf348689126b47.jpg,train,not_ewaste,test,29e740120b656b3128760b8ccb83f3d1a9c5afff432f6591c5f8b8aba300a2e1,SAME_GROUP_HOLDOUT_SIBLING_NOT_EVALUATED,,3e92e3289aa1b2b6585c27bfce6207d1eda99e51d7cdd62383330b2ff717ddb3
ml/data/candidates/reject_v2/train/not_ewaste/Organic_Waste__IMG_20250822_142905_jpg.rf.ebd1228fe36912aa356c1dc512f47ecf.jpg,train,not_ewaste,test,29e740120b656b3128760b8ccb83f3d1a9c5afff432f6591c5f8b8aba300a2e1,SAME_GROUP_HOLDOUT_SIBLING_NOT_EVALUATED,,bb6dd29155d0fb9a724d2de134473652883fe27e89ab866e73d25d5f6b5d1b82
ml/data/candidates/reject_v2/train/not_ewaste/Organic_Waste__IMG_20250822_142905_jpg.rf.ff814fc26578229439fc1c1f915f5a32.jpg,train,not_ewaste,test,29e740120b656b3128760b8ccb83f3d1a9c5afff432f6591c5f8b8aba300a2e1,COPIED,ml/data/candidates/phase11_reblocked/test/not_ewaste/Organic_Waste__IMG_20250822_142905_jpg.rf.ff814fc26578229439fc1c1f915f5a32.jpg,1af3e9d74e2e009ee295c32ae4cf28a6f14a6f5c8a06695652232c78e48e8cad
ml/data/candidates/reject_v2/test/not_ewaste/Glass_Waste__IMG_20250822_142416_jpg.rf.d239f0de5ed9e34d72a14b6ff9af4e8b.jpg,test,not_ewaste,test,2fcb1eba737010a0a4f13df99d7bcbc909314c2b7162e8f7f4ec066e125c54f1,COPIED,ml/data/candidates/phase11_reblocked/test/not_ewaste/Glass_Waste__IMG_20250822_142416_jpg.rf.d239f0de5ed9e34d72a14b6ff9af4e8b.jpg,bffdd074300870d15438ed128fda0c39877481312844620a1086c9df8206fb92
ml/data/candidates/reject_v2/train/not_ewaste/Plastic_Waste__IMG_20250822_142146_jpg.rf.2b123c5a020f54f4defe7ec1ab4dc8d2.jpg,train,not_ewaste,test,5f6d307957523a1bb3d1c031ce0e542cb57f0b61a7c95c1b4eedc3aef4590382,SAME_GROUP_HOLDOUT_SIBLING_NOT_EVALUATED,,ec02002f0a344f3ab1144c309c324f23921a1825d37e73d8ffe8a3f39623b826
ml/data/candidates/reject_v2/train/not_ewaste/Plastic_Waste__IMG_20250822_142146_jpg.rf.a6aeef063cee2b721563d821213c8733.jpg,train,not_ewaste,test,5f6d307957523a1bb3d1c031ce0e542cb57f0b61a7c95c1b4eedc3aef4590382,COPIED,ml/data/candidates/phase11_reblocked/test/not_ewaste/Plastic_Waste__IMG_20250822_142146_jpg.rf.a6aeef063cee2b721563d821213c8733.jpg,0baab7ce06daa56a1417371b2233aa363288157f4c880877a6ed3b2d2c209caf
ml/data/candidates/reject_v2/train/not_ewaste/Plastic_Waste__IMG_20250822_142146_jpg.rf.cff568a0dd3d868a52da5caa379bbf7e.jpg,train,not_ewaste,test,5f6d307957523a1bb3d1c031ce0e542cb57f0b61a7c95c1b4eedc3aef4590382,SAME_GROUP_HOLDOUT_SIBLING_NOT_EVALUATED,,55764ebd53165347a27c8a1de6499ea16816055122d873c27bdb4bdc7cdccf5a
ml/data/candidates/reject_v2/validation/not_ewaste/Plastic_Waste__IMG_20250822_142053_jpg.rf.3867619f5e714c25ddc1b4d3fd5c017b.jpg,validation,not_ewaste,test,79e3475642e5c00de0a6b8a677b4c2afd7313e6be7a0993521c7a3df4810454b,COPIED,ml/data/candidates/phase11_reblocked/test/not_ewaste/Plastic_Waste__IMG_20250822_142053_jpg.rf.3867619f5e714c25ddc1b4d3fd5c017b.jpg,04dd68e8f8aa1d2a3e14f1a7dcfb5fdfdb578b1f31e3582543d884c9082fc677
ml/data/candidates/reject_v2/test/not_ewaste/Plastic_Waste__IMG_20250822_142054_jpg.rf.d4f53d0d3b0017ba730f9f36844d41c9.jpg,test,not_ewaste,test,79e3475642e5c00de0a6b8a677b4c2afd7313e6be7a0993521c7a3df4810454b,SAME_GROUP_HOLDOUT_SIBLING_NOT_EVALUATED,,cf9a19ea9a65b06ad2a04eb43eb2473c9d376a0d52189353a2aa36badbdfa28f
ml/data/candidates/reject_v2/train/not_ewaste/Glass_Waste__IMG_20250822_142543_jpg.rf.7c8c56037fe38ae62acfce2c83da73cd.jpg,train,not_ewaste,test,7d202c6f70e4226f9e6b596f37e43a273caba092b1a44d59ff82b8d62def8df8,SAME_GROUP_HOLDOUT_SIBLING_NOT_EVALUATED,,dc6197a954bd76da53ebf3edb798fa9c3cae9b229fe40b45df3fdb7ed5039fbd
ml/data/candidates/reject_v2/train/not_ewaste/Glass_Waste__IMG_20250822_142543_jpg.rf.a887c1217fd755633266e65aecc9782f.jpg,train,not_ewaste,test,7d202c6f70e4226f9e6b596f37e43a273caba092b1a44d59ff82b8d62def8df8,SAME_GROUP_HOLDOUT_SIBLING_NOT_EVALUATED,,8b3aa7d9106fe04c437243203791393dabc2b2a190da6d6642f1bb436426a797
ml/data/candidates/reject_v2/train/not_ewaste/Glass_Waste__IMG_20250822_142543_jpg.rf.aabdf06c48a35a19bf738cd5ccd20d69.jpg,train,not_ewaste,test,7d202c6f70e4226f9e6b596f37e43a273caba092b1a44d59ff82b8d62def8df8,SAME_GROUP_HOLDOUT_SIBLING_NOT_EVALUATED,,95d64d4042b47c428b9a23f12f8a40c2aaf8d5911df6cd48020f72d7b8bf03d4
ml/data/candidates/reject_v2/train/not_ewaste/Glass_Waste__IMG_20250822_142544_jpg.rf.a066459d42ee5be849f7163ac21007c4.jpg,train,not_ewaste,test,7d202c6f70e4226f9e6b596f37e43a273caba092b1a44d59ff82b8d62def8df8,COPIED,ml/data/candidates/phase11_reblocked/test/not_ewaste/Glass_Waste__IMG_20250822_142544_jpg.rf.a066459d42ee5be849f7163ac21007c4.jpg,3ffa9f83cf5d683e0d58abec104570f11beb03f2e5c04fe065207c30dae94701
ml/data/candidates/reject_v2/train/not_ewaste/Glass_Waste__IMG_20250822_142544_jpg.rf.b9c54ec080d38c23929de733a6b79058.jpg,train,not_ewaste,test,7d202c6f70e4226f9e6b596f37e43a273caba092b1a44d59ff82b8d62def8df8,SAME_GROUP_HOLDOUT_SIBLING_NOT_EVALUATED,,daeb644ed6f607b6734c90fc59a8b23aadc26ec95698ee5be85fa76d3e16aef7
ml/data/candidates/reject_v2/train/not_ewaste/Glass_Waste__IMG_20250822_142544_jpg.rf.d9364cdf2ebfc53d6ec3a526d74b28bc.jpg,train,not_ewaste,test,7d202c6f70e4226f9e6b596f37e43a273caba092b1a44d59ff82b8d62def8df8,SAME_GROUP_HOLDOUT_SIBLING_NOT_EVALUATED,,d0927dad3d1b697bffbe34d4cc2bc9b114748ead0c480c5f9d81cbd649837527
ml/data/candidates/reject_v2/validation/not_ewaste/Glass_Waste__IMG_20250822_142543_1_jpg.rf.9a3e254df2a0aaccb8b52089b859148c.jpg,validation,not_ewaste,test,7d202c6f70e4226f9e6b596f37e43a273caba092b1a44d59ff82b8d62def8df8,SAME_GROUP_HOLDOUT_SIBLING_NOT_EVALUATED,,f8be26a8e4a4220668156c98d37d1011b87173868ef070723a2f147e76f68361
ml/data/candidates/reject_v2/test/not_ewaste/Paper_Waste__IMG_20250805_204327_jpg.rf.564f75213574d478e7fd1a3c12b6b530.jpg,test,not_ewaste,test,3617bb63995fcbfadedeb6a4b1909999ba4bb8f7c2231cef43286a8d957a117b,COPIED,ml/data/candidates/phase11_reblocked/test/not_ewaste/Paper_Waste__IMG_20250805_204327_jpg.rf.564f75213574d478e7fd1a3c12b6b530.jpg,20e0b58c3d0b4edc2100ce8f27f3c41b172c9bfbdfe5e68f06582e0c27ff9bb4
ml/data/candidates/reject_v2/train/pcb/IMG_20250820_000134_1_jpg.rf.9d5420526a6c553ff0faa51084546ee3.jpg,train,pcb,train,ba7f069431d9ff5c1af9679ddded121825694666b63388c440b8e129104f8e8b,COPIED,ml/data/candidates/phase11_reblocked/train/pcb/IMG_20250820_000134_1_jpg.rf.9d5420526a6c553ff0faa51084546ee3.jpg,f4f92627f6a318ce5c4b91eb63a6647bc0702c1a29402f7220880d8af0d47177
ml/data/candidates/reject_v2/train/pcb/IMG_20250820_000135_1_jpg.rf.41cfa405ba92c8ae4133bb3c53223e8a.jpg,train,pcb,train,ba7f069431d9ff5c1af9679ddded121825694666b63388c440b8e129104f8e8b,COPIED,ml/data/candidates/phase11_reblocked/train/pcb/IMG_20250820_000135_1_jpg.rf.41cfa405ba92c8ae4133bb3c53223e8a.jpg,5759ab10af270833163a181755a072614c51b5b9501c1d68c99da52dd2d1c840
ml/data/candidates/reject_v2/train/pcb/IMG_20250820_000135_1_jpg.rf.625d55dbe1b4800c41a3b569498a17a0.jpg,train,pcb,train,ba7f069431d9ff5c1af9679ddded121825694666b63388c440b8e129104f8e8b,COPIED,ml/data/candidates/phase11_reblocked/train/pcb/IMG_20250820_000135_1_jpg.rf.625d55dbe1b4800c41a3b569498a17a0.jpg,9350ebe178cf3204d2fba1952fd036c3f5bcdf3b4572aa2202deef4a47c0d454
ml/data/candidates/reject_v2/train/pcb/IMG_20250820_000135_1_jpg.rf.a4a9ecde57c74a7f1c0f2a58ee8066a9.jpg,train,pcb,train,ba7f069431d9ff5c1af9679ddded121825694666b63388c440b8e129104f8e8b,COPIED,ml/data/candidates/phase11_reblocked/train/pcb/IMG_20250820_000135_1_jpg.rf.a4a9ecde57c74a7f1c0f2a58ee8066a9.jpg,d373936ef89ca913cf11890bfd361f312109b6e32d958d898a7aad6af19715cc
ml/data/candidates/reject_v2/train/pcb/IMG_20250820_000135_jpg.rf.c544cb7ae163fca94462a5366dfbeb75.jpg,train,pcb,train,ba7f069431d9ff5c1af9679ddded121825694666b63388c440b8e129104f8e8b,COPIED,ml/data/candidates/phase11_reblocked/train/pcb/IMG_20250820_000135_jpg.rf.c544cb7ae163fca94462a5366dfbeb75.jpg,d40caf33461db9dbbe03dc0bfff1a4647a70df6d4f65ea16f497ddd2de4481ef
ml/data/candidates/reject_v2/validation/pcb/IMG_20250819_235825_jpg.rf.7aa576f7cb02471e8994444cf27fa28c.jpg,validation,pcb,train,7a58d01469db8991e103a6afc29cc8d478252aa26d60c128a8da7fb486c5016f,COPIED,ml/data/candidates/phase11_reblocked/train/pcb/IMG_20250819_235825_jpg.rf.7aa576f7cb02471e8994444cf27fa28c.jpg,23c26b63e7362268be0744167739e6c63a914f45b8423fe3804468e1474c4855
ml/data/candidates/reject_v2/validation/pcb/IMG_20250819_235826_1_jpg.rf.c4b68d324e66f8a22b052b5fc9caf77e.jpg,validation,pcb,train,7a58d01469db8991e103a6afc29cc8d478252aa26d60c128a8da7fb486c5016f,COPIED,ml/data/candidates/phase11_reblocked/train/pcb/IMG_20250819_235826_1_jpg.rf.c4b68d324e66f8a22b052b5fc9caf77e.jpg,1b69f07ee984a1ffb55b27a624e9d4138961dc554245af33990e8c8ed6641a4f
ml/data/candidates/reject_v2/validation/pcb/IMG_20250819_235826_jpg.rf.b2d7a1c6a7e91964d06337b719db27de.jpg,validation,pcb,train,7a58d01469db8991e103a6afc29cc8d478252aa26d60c128a8da7fb486c5016f,COPIED,ml/data/candidates/phase11_reblocked/train/pcb/IMG_20250819_235826_jpg.rf.b2d7a1c6a7e91964d06337b719db27de.jpg,31202a8aa4d16edb14d84331543d3471bc10a5986c9b67117c5b4ccd302ff2f6
ml/data/candidates/reject_v2/validation/pcb/IMG_20250819_235827_jpg.rf.327889f36d8a3ce465f7c81f2cde3b3d.jpg,validation,pcb,train,7a58d01469db8991e103a6afc29cc8d478252aa26d60c128a8da7fb486c5016f,COPIED,ml/data/candidates/phase11_reblocked/train/pcb/IMG_20250819_235827_jpg.rf.327889f36d8a3ce465f7c81f2cde3b3d.jpg,b8bedf130e692675e729e9946f1b44a4757f255285d95ddb0b1b2f20e4a6f256
ml/data/candidates/reject_v2/validation/pcb/IMG_20250819_235841_jpg.rf.5cc56590068da32c0381ac61fc1da53c.jpg,validation,pcb,train,11fa947bb3f0527cf94c5e0392bfa4824188c8547337dcd7c8b3834f69253d5c,COPIED,ml/data/candidates/phase11_reblocked/train/pcb/IMG_20250819_235841_jpg.rf.5cc56590068da32c0381ac61fc1da53c.jpg,359debc2e01eae8be1dee1cb57a89c7b813cbf9b8704c30c7f02969dbb286048
ml/data/candidates/reject_v2/train/pcb/IMG_20250820_000033_jpg.rf.adc972c64f812ec16fb7b709cd8f8d48.jpg,train,pcb,train,b6339f8b1c91ad95c8e6af553eb5b2a58de4a6b91b9e6adf5b2a03b7cda045af,COPIED,ml/data/candidates/phase11_reblocked/train/pcb/IMG_20250820_000033_jpg.rf.adc972c64f812ec16fb7b709cd8f8d48.jpg,9f90cd44f1f9993194d1b5b002f415c90c1cd9fec637924ec14f944b4891fda3
ml/data/candidates/reject_v2/validation/pcb/IMG_20250820_000134_jpg.rf.25b23ebf880b183086a384e7c3046fe8.jpg,validation,pcb,train,731003846087f2cf7d829a93d045bce60fa296d5aa30ef52d98f73eb7a0cd756,COPIED,ml/data/candidates/phase11_reblocked/train/pcb/IMG_20250820_000134_jpg.rf.25b23ebf880b183086a384e7c3046fe8.jpg,46fa55e3804a5bd876293598759fde5433830d92f0c4a2084efb7cdd170ae087
ml/data/candidates/reject_v2/test/pcb/IMG_20250819_235939_1_jpg.rf.6b3ceff1f99e5d0f9c0da48d741dc194.jpg,test,pcb,train,8d836bf6da18e1cf616c58bbc388e4d72431db9e52df0010d9e81e17be1b9b06,COPIED,ml/data/candidates/phase11_reblocked/train/pcb/IMG_20250819_235939_1_jpg.rf.6b3ceff1f99e5d0f9c0da48d741dc194.jpg,e9f6c87b697575ee581223a51ccccd286455221731070495e9ec7d4481bf1ade
ml/data/candidates/reject_v2/train/pcb/IMG_20250820_000124_1_jpg.rf.1e490acb1f4ec7a74e5b206a58dc97de.jpg,train,pcb,train,04afee1f65593b4ed5a752af70e43364c7edd3da0ea1bcb803fa3e1397ff65ba,COPIED,ml/data/candidates/phase11_reblocked/train/pcb/IMG_20250820_000124_1_jpg.rf.1e490acb1f4ec7a74e5b206a58dc97de.jpg,98deb61ed294fe3d621d2d5df436000f9b2fe62c2da86ad6e9a975c2ba6b2a36
ml/data/candidates/reject_v2/train/pcb/IMG_20250820_000124_1_jpg.rf.589bacae602642c1f219722e859112bb.jpg,train,pcb,train,04afee1f65593b4ed5a752af70e43364c7edd3da0ea1bcb803fa3e1397ff65ba,COPIED,ml/data/candidates/phase11_reblocked/train/pcb/IMG_20250820_000124_1_jpg.rf.589bacae602642c1f219722e859112bb.jpg,a6f6ce063ba484807d76084eb2caa5514a9b5adbecb0e49cf0fc5e19359e9dfd
ml/data/candidates/reject_v2/train/pcb/IMG_20250820_000124_1_jpg.rf.6c7d06e69245ff12a1f8943bec247158.jpg,train,pcb,train,04afee1f65593b4ed5a752af70e43364c7edd3da0ea1bcb803fa3e1397ff65ba,COPIED,ml/data/candidates/phase11_reblocked/train/pcb/IMG_20250820_000124_1_jpg.rf.6c7d06e69245ff12a1f8943bec247158.jpg,b841754a8ecf75dbafba19acf43fdb1f6c70f6f4fed3d04a4aca4f247a909019
ml/data/candidates/reject_v2/train/pcb/IMG_20250819_235907_jpg.rf.7ae45ca7af4b7827d2d24fba32dcdbf0.jpg,train,pcb,train,e9b8c7d33fd1deccaf981677160589125746c703f4ae94726a177a4217e6861a,COPIED,ml/data/candidates/phase11_reblocked/train/pcb/IMG_20250819_235907_jpg.rf.7ae45ca7af4b7827d2d24fba32dcdbf0.jpg,3b97a79b6bae68cfb6215ef8548349db512ae6c128b87ee093b5528cc59ae5ba
ml/data/candidates/reject_v2/train/pcb/IMG_20250819_235907_jpg.rf.7d73c55c193ae7f68b0884b679a6a5f0.jpg,train,pcb,train,e9b8c7d33fd1deccaf981677160589125746c703f4ae94726a177a4217e6861a,COPIED,ml/data/candidates/phase11_reblocked/train/pcb/IMG_20250819_235907_jpg.rf.7d73c55c193ae7f68b0884b679a6a5f0.jpg,8364c28b4b1a3a5a358d8f70b060053179db3030624e876eaf8fcf53842bf388
ml/data/candidates/reject_v2/train/pcb/IMG_20250819_235907_jpg.rf.d63aaf136cd0322154184382e639011a.jpg,train,pcb,train,e9b8c7d33fd1deccaf981677160589125746c703f4ae94726a177a4217e6861a,COPIED,ml/data/candidates/phase11_reblocked/train/pcb/IMG_20250819_235907_jpg.rf.d63aaf136cd0322154184382e639011a.jpg,77f0b2d6063f20fbd036c38de2fa5af24b85170e1083c0b01ed580a5386256b9
ml/data/candidates/reject_v2/train/pcb/IMG_20250819_235908_1_jpg.rf.95f926adcf3efa512b4651b72a29d006.jpg,train,pcb,train,e9b8c7d33fd1deccaf981677160589125746c703f4ae94726a177a4217e6861a,COPIED,ml/data/candidates/phase11_reblocked/train/pcb/IMG_20250819_235908_1_jpg.rf.95f926adcf3efa512b4651b72a29d006.jpg,1445cc6d835a877f356eb44ab536665f6208902af467a90037691c867e7ce9c0
ml/data/candidates/reject_v2/train/pcb/IMG_20250819_235908_jpg.rf.89fdef3b3a973def9c379873513bb364.jpg,train,pcb,train,e9b8c7d33fd1deccaf981677160589125746c703f4ae94726a177a4217e6861a,COPIED,ml/data/candidates/phase11_reblocked/train/pcb/IMG_20250819_235908_jpg.rf.89fdef3b3a973def9c379873513bb364.jpg,bd2ce583e165a3366e5f6915ec4b0efba282beff088281ab4c87b4bd629a7eed
ml/data/candidates/reject_v2/train/pcb/IMG_20250819_235909_jpg.rf.7b6756f0b84eca2fee8652178b358cad.jpg,train,pcb,train,e9b8c7d33fd1deccaf981677160589125746c703f4ae94726a177a4217e6861a,COPIED,ml/data/candidates/phase11_reblocked/train/pcb/IMG_20250819_235909_jpg.rf.7b6756f0b84eca2fee8652178b358cad.jpg,f25b1eb5979b0ffb4767168ec816120673dba97f9b812434ca4da0de9ff22148
ml/data/candidates/reject_v2/test/pcb/IMG_20250820_000035_jpg.rf.3407d126afc41a5158e1ab67a1306b90.jpg,test,pcb,train,e12e7a6d7c68d71b69112d636ee698827b474d8f25f25a95f175bb86525dbb76,COPIED,ml/data/candidates/phase11_reblocked/train/pcb/IMG_20250820_000035_jpg.rf.3407d126afc41a5158e1ab67a1306b90.jpg,16f539123675e9a9db988461d929ce888849428de3de3e3011a8b7a90e72e851
ml/data/candidates/reject_v2/train/pcb/IMG_20250819_235941_jpg.rf.00fbb35093f27895819dcdc665799546.jpg,train,pcb,train,30cff83ad5071e83b74bcd53ca80d262e3c7adfe8bc0d02b93a0754e99f23e9c,COPIED,ml/data/candidates/phase11_reblocked/train/pcb/IMG_20250819_235941_jpg.rf.00fbb35093f27895819dcdc665799546.jpg,47b091810b102f009ea1127ebe44616500ca6c5864cffa9fc6a228d29a3a2cd6
ml/data/candidates/reject_v2/train/pcb/IMG_20250819_235941_jpg.rf.750bdd0e08434174a181f8664f603ec3.jpg,train,pcb,train,30cff83ad5071e83b74bcd53ca80d262e3c7adfe8bc0d02b93a0754e99f23e9c,COPIED,ml/data/candidates/phase11_reblocked/train/pcb/IMG_20250819_235941_jpg.rf.750bdd0e08434174a181f8664f603ec3.jpg,d9c93dddc6401bb3a4a6b619ac452b601ecf3ddb1185d98fb4e0f8cb2e1f6d0c
ml/data/candidates/reject_v2/train/pcb/IMG_20250819_235941_jpg.rf.b308d64ae965a701bbdd93a07173b8fb.jpg,train,pcb,train,30cff83ad5071e83b74bcd53ca80d262e3c7adfe8bc0d02b93a0754e99f23e9c,COPIED,ml/data/candidates/phase11_reblocked/train/pcb/IMG_20250819_235941_jpg.rf.b308d64ae965a701bbdd93a07173b8fb.jpg,cfaba22a2bcf54637f321cc2b1f9d41bd731691d7ee0708cb374438702791f86
ml/data/candidates/reject_v2/train/pcb/IMG_20250819_235931_jpg.rf.3cb170679607c57b460bd88ead86fbcf.jpg,train,pcb,train,2652aae103523b8844517fbf4d76d8434dd9df5763d03932b0e2dda374522691,COPIED,ml/data/candidates/phase11_reblocked/train/pcb/IMG_20250819_235931_jpg.rf.3cb170679607c57b460bd88ead86fbcf.jpg,fdb47ca8142348d41ec096a9bdbab33e63a5bdd46bc85bfd940d9d1bff7d6b4e
ml/data/candidates/reject_v2/train/pcb/IMG_20250819_235931_jpg.rf.77d23c98f55860087e7fd7f473a589c3.jpg,train,pcb,train,2652aae103523b8844517fbf4d76d8434dd9df5763d03932b0e2dda374522691,COPIED,ml/data/candidates/phase11_reblocked/train/pcb/IMG_20250819_235931_jpg.rf.77d23c98f55860087e7fd7f473a589c3.jpg,8a74ec5012121ea22b3fba9ad02effd877f50f4ad846a541199ed2c08392bb02
ml/data/candidates/reject_v2/train/pcb/IMG_20250819_235931_jpg.rf.d5ced1897ee4346a1e8c2150e1b361c7.jpg,train,pcb,train,2652aae103523b8844517fbf4d76d8434dd9df5763d03932b0e2dda374522691,COPIED,ml/data/candidates/phase11_reblocked/train/pcb/IMG_20250819_235931_jpg.rf.d5ced1897ee4346a1e8c2150e1b361c7.jpg,d68d202f1333095fd5a149a4f099b839ede58c94c080307bd412d369c75014d5
ml/data/candidates/reject_v2/train/pcb/IMG_20250819_235932_jpg.rf.3f13693d20c0bace735a8339d587b81d.jpg,train,pcb,train,2652aae103523b8844517fbf4d76d8434dd9df5763d03932b0e2dda374522691,COPIED,ml/data/candidates/phase11_reblocked/train/pcb/IMG_20250819_235932_jpg.rf.3f13693d20c0bace735a8339d587b81d.jpg,b74a01c91984e7f2923c57858e143460bcc5aa46320b2c764f5f1f4fbb94f4ce
ml/data/candidates/reject_v2/train/pcb/IMG_20250819_235932_jpg.rf.5cea6e7ea1f13d753518611d4d2efce0.jpg,train,pcb,train,2652aae103523b8844517fbf4d76d8434dd9df5763d03932b0e2dda374522691,COPIED,ml/data/candidates/phase11_reblocked/train/pcb/IMG_20250819_235932_jpg.rf.5cea6e7ea1f13d753518611d4d2efce0.jpg,0c1b5b525a5da7470ed081e34d2ff5ea50c890b8a397fb9388938739cda98e87
ml/data/candidates/reject_v2/train/pcb/IMG_20250819_235932_jpg.rf.7eb413a2a0ebac74c1082b29663c9f10.jpg,train,pcb,train,2652aae103523b8844517fbf4d76d8434dd9df5763d03932b0e2dda374522691,COPIED,ml/data/candidates/phase11_reblocked/train/pcb/IMG_20250819_235932_jpg.rf.7eb413a2a0ebac74c1082b29663c9f10.jpg,63536cbb86706e3cf64ba5a522eecce8dfab9a8e32e6569c247a3fea6dfc4481
ml/data/candidates/reject_v2/train/pcb/IMG_20250819_235935_jpg.rf.302fc296b598bd7c3675df7aa6046f12.jpg,train,pcb,train,8197b5cd35fa50855d008ef7b5ac276d42eb48a539337a94e646ace72d08219c,COPIED,ml/data/candidates/phase11_reblocked/train/pcb/IMG_20250819_235935_jpg.rf.302fc296b598bd7c3675df7aa6046f12.jpg,81001fa24e93e17695b574b0b29611bd23e6ff2e02bcbcc895ebd838ad7d7aa1
ml/data/candidates/reject_v2/train/pcb/IMG_20250819_235935_jpg.rf.947c7d6abb2bfdea2afc1c8723d0650c.jpg,train,pcb,train,8197b5cd35fa50855d008ef7b5ac276d42eb48a539337a94e646ace72d08219c,COPIED,ml/data/candidates/phase11_reblocked/train/pcb/IMG_20250819_235935_jpg.rf.947c7d6abb2bfdea2afc1c8723d0650c.jpg,7eb97311f7a0d6b5d601b619a50d0ab59d2a5c2053b54ef6d690f9e68292ae2d
ml/data/candidates/reject_v2/train/pcb/IMG_20250819_235935_jpg.rf.f880e81c4de3ff8371c019cf04ebbbc2.jpg,train,pcb,train,8197b5cd35fa50855d008ef7b5ac276d42eb48a539337a94e646ace72d08219c,COPIED,ml/data/candidates/phase11_reblocked/train/pcb/IMG_20250819_235935_jpg.rf.f880e81c4de3ff8371c019cf04ebbbc2.jpg,bba6e6f243e2d074ef12465eaa44401128ecdf6ee53e076a0befd3194b7960f0
ml/data/candidates/reject_v2/train/pcb/IMG_20250819_235939_jpg.rf.4a0359ba6a87efcdba7c3845a45e73cb.jpg,train,pcb,train,73a7c164321347caf070eb3e440bc9437abd0e49db5123d904a1156052ae14c0,COPIED,ml/data/candidates/phase11_reblocked/train/pcb/IMG_20250819_235939_jpg.rf.4a0359ba6a87efcdba7c3845a45e73cb.jpg,da850eed2c9a52ef10636430e0a4193c57b3a0d3fe117f229ca83efccd5bc9a7
ml/data/candidates/reject_v2/train/pcb/IMG_20250819_235940_jpg.rf.3b87b043167b40d19d7a004562e01afd.jpg,train,pcb,train,73a7c164321347caf070eb3e440bc9437abd0e49db5123d904a1156052ae14c0,COPIED,ml/data/candidates/phase11_reblocked/train/pcb/IMG_20250819_235940_jpg.rf.3b87b043167b40d19d7a004562e01afd.jpg,4ba106273af394940078b61cc2cca6518112f50cbc9a7752fd14ecfac3edd69d
ml/data/candidates/reject_v2/train/pcb/IMG_20250819_235940_jpg.rf.54817df1e3cd5ced4cf7c53fe2af04ee.jpg,train,pcb,train,73a7c164321347caf070eb3e440bc9437abd0e49db5123d904a1156052ae14c0,COPIED,ml/data/candidates/phase11_reblocked/train/pcb/IMG_20250819_235940_jpg.rf.54817df1e3cd5ced4cf7c53fe2af04ee.jpg,6371a5bc3789b899e7e7ee372e7454bfc8b37b049882d925e1fabe937c16b80b
ml/data/candidates/reject_v2/train/pcb/IMG_20250819_235940_jpg.rf.a146ae24a8868a71bc834274714dec21.jpg,train,pcb,train,73a7c164321347caf070eb3e440bc9437abd0e49db5123d904a1156052ae14c0,COPIED,ml/data/candidates/phase11_reblocked/train/pcb/IMG_20250819_235940_jpg.rf.a146ae24a8868a71bc834274714dec21.jpg,1febbc01e828726c764e1d385ee05bbff7c83ca993e5a36ca990a618026aae00
ml/data/candidates/reject_v2/train/pcb/IMG_20250819_235951_1_jpg.rf.1e45ae423970c119d47ae780d5daf4f7.jpg,train,pcb,train,457d71359d2797906b90c611a597744117b1c666593deb4d74afde9308709eec,COPIED,ml/data/candidates/phase11_reblocked/train/pcb/IMG_20250819_235951_1_jpg.rf.1e45ae423970c119d47ae780d5daf4f7.jpg,129a9e0216f791c38a31790db9a316ee425d1b58df6ea2d3e5221625461be111
ml/data/candidates/reject_v2/train/pcb/IMG_20250819_235951_1_jpg.rf.506960f993e62d4d9e69e10eb46ee6f5.jpg,train,pcb,train,457d71359d2797906b90c611a597744117b1c666593deb4d74afde9308709eec,COPIED,ml/data/candidates/phase11_reblocked/train/pcb/IMG_20250819_235951_1_jpg.rf.506960f993e62d4d9e69e10eb46ee6f5.jpg,ce4949c1e0134d103d8fb1c95d15a39f1df71619468ba07b41d7800ca9839ebe
ml/data/candidates/reject_v2/train/pcb/IMG_20250819_235951_1_jpg.rf.7ec4c0884282019772b2aa077bdc3dda.jpg,train,pcb,train,457d71359d2797906b90c611a597744117b1c666593deb4d74afde9308709eec,COPIED,ml/data/candidates/phase11_reblocked/train/pcb/IMG_20250819_235951_1_jpg.rf.7ec4c0884282019772b2aa077bdc3dda.jpg,e0ebda0aaf6fbaeede60f660b465ae4c2696bf96d2273467a6c0bfbe29327014
ml/data/candidates/reject_v2/train/pcb/IMG_20250820_000208_1_jpg.rf.6791bf4947a150f3df5c8d26df930c64.jpg,train,pcb,train,74f280a530c6973b0401892232f3900a3ca29d394b56ce377c2c3ec2a833b56b,COPIED,ml/data/candidates/phase11_reblocked/train/pcb/IMG_20250820_000208_1_jpg.rf.6791bf4947a150f3df5c8d26df930c64.jpg,2c85067c691ef224d7d3e6c6a8cf29b17a402f7812f7d6be8cdabcbcf2e97f3e
ml/data/candidates/reject_v2/train/pcb/IMG_20250820_000208_1_jpg.rf.6ceaf7d2f001f1886c48bf6138d06a77.jpg,train,pcb,train,74f280a530c6973b0401892232f3900a3ca29d394b56ce377c2c3ec2a833b56b,COPIED,ml/data/candidates/phase11_reblocked/train/pcb/IMG_20250820_000208_1_jpg.rf.6ceaf7d2f001f1886c48bf6138d06a77.jpg,7dfe73c10a92ed5c9912b14da23a6c85797ff24240a2f2a6b28981f227061c31
ml/data/candidates/reject_v2/train/pcb/IMG_20250820_000208_1_jpg.rf.ab380142c7dec1bf20a763ba6d75c2ec.jpg,train,pcb,train,74f280a530c6973b0401892232f3900a3ca29d394b56ce377c2c3ec2a833b56b,COPIED,ml/data/candidates/phase11_reblocked/train/pcb/IMG_20250820_000208_1_jpg.rf.ab380142c7dec1bf20a763ba6d75c2ec.jpg,2b565319df4d654d0e4bee89ad572529cf10c183b5c26f33ff444ce2533f4f9d
ml/data/candidates/reject_v2/validation/pcb/IMG_20250820_000208_jpg.rf.8ef14c59eeed172b81cad649377fa976.jpg,validation,pcb,train,74f280a530c6973b0401892232f3900a3ca29d394b56ce377c2c3ec2a833b56b,COPIED,ml/data/candidates/phase11_reblocked/train/pcb/IMG_20250820_000208_jpg.rf.8ef14c59eeed172b81cad649377fa976.jpg,5231e13674f448d6d46f9052ee5142e2ac40b28c0236e4ec7ccad04b5b43dc9d
ml/data/candidates/reject_v2/train/pcb/IMG_20250805_203700_jpg.rf.15590bc0a0da9b4cf5f44df567594169.jpg,train,pcb,train,e83d562e479205531c0706d1bb6cd9f5514efadec2d00c66a2638722f81a640c,COPIED,ml/data/candidates/phase11_reblocked/train/pcb/IMG_20250805_203700_jpg.rf.15590bc0a0da9b4cf5f44df567594169.jpg,3775a42e1d7931a0fa49d885ccc5205551e08cde7c0f4f65f8a49d6482f4c21c
ml/data/candidates/reject_v2/train/pcb/IMG_20250819_235925_jpg.rf.91c6765f10574f255077172d89d2caae.jpg,train,pcb,train,cf2335ac352468a1b4b55af60962d0f24a321debe61b58acb7ddd1530f7d5c1a,COPIED,ml/data/candidates/phase11_reblocked/train/pcb/IMG_20250819_235925_jpg.rf.91c6765f10574f255077172d89d2caae.jpg,711c48dcbfdcca527ad721077c36204668b146deb3b890d40936da5fe956670a
ml/data/candidates/reject_v2/train/pcb/IMG_20250819_235925_jpg.rf.c85cb13fba72e1f692229736e1c9cbdc.jpg,train,pcb,train,cf2335ac352468a1b4b55af60962d0f24a321debe61b58acb7ddd1530f7d5c1a,COPIED,ml/data/candidates/phase11_reblocked/train/pcb/IMG_20250819_235925_jpg.rf.c85cb13fba72e1f692229736e1c9cbdc.jpg,2af35d454e374dcdf61cf617c88e36511c103b1e4979481605a7671b3a9b07f0
ml/data/candidates/reject_v2/train/pcb/IMG_20250819_235925_jpg.rf.e0154f001c0f26be286c2cc093aaabdf.jpg,train,pcb,train,cf2335ac352468a1b4b55af60962d0f24a321debe61b58acb7ddd1530f7d5c1a,COPIED,ml/data/candidates/phase11_reblocked/train/pcb/IMG_20250819_235925_jpg.rf.e0154f001c0f26be286c2cc093aaabdf.jpg,26c9381254b51783c170d1454c695c39cebde1e623d077848c6b417c03c59d5a
ml/data/candidates/reject_v2/train/pcb/IMG_20250805_203705_jpg.rf.642a22214e79d33d0e20441afdd2b4ce.jpg,train,pcb,train,88680fdbc1c928d2f2b2e08effa9316b8acb7e5e27ed9dfe1a69af1c158a253d,COPIED,ml/data/candidates/phase11_reblocked/train/pcb/IMG_20250805_203705_jpg.rf.642a22214e79d33d0e20441afdd2b4ce.jpg,21c35c40f68fad0c4b1079f219a7fd175c394ba451d32e1c01a009713ef3a44b
ml/data/candidates/reject_v2/train/pcb/IMG_20250820_000050_jpg.rf.d5926835c69464775534ba88b4e245de.jpg,train,pcb,train,daedd275e29bc5b9403f6d10ec11ec58aa95fe5feea550e9152dbba4ddc457d7,COPIED,ml/data/candidates/phase11_reblocked/train/pcb/IMG_20250820_000050_jpg.rf.d5926835c69464775534ba88b4e245de.jpg,e7f45dd0ed3db1e2385400ef77718c66d8c5b7a4ca86c109c2408e81a64b98b5
ml/data/candidates/reject_v2/validation/pcb/IMG_20250819_235931_1_jpg.rf.1c5ef6e9426591451e46158830a6e8ff.jpg,validation,pcb,train,2814b89ba7656da5acfdd5b4a59ab308a4b445df6678e65185b34cceba3ad288,COPIED,ml/data/candidates/phase11_reblocked/train/pcb/IMG_20250819_235931_1_jpg.rf.1c5ef6e9426591451e46158830a6e8ff.jpg,785f8f0b2d22a8bfe92045a84373742bf906eeab318bdfb4b2ea1d360e614968
ml/data/candidates/reject_v2/test/pcb/IMG_20250820_000047_jpg.rf.c2f82c69a566742b8d1f5b87fd1b9984.jpg,test,pcb,train,38ab9a96404d091d27d34e99070218f0bb050d2c54953eaf4f32d6b25af2af4a,COPIED,ml/data/candidates/phase11_reblocked/train/pcb/IMG_20250820_000047_jpg.rf.c2f82c69a566742b8d1f5b87fd1b9984.jpg,cca7ef6c47e87af152d68766239f703219ba8f488030d044a3367a3f7a582ab6
ml/data/candidates/reject_v2/test/pcb/IMG_20250820_000048_jpg.rf.6a99fa63000cac5c466630531a0a9129.jpg,test,pcb,train,38ab9a96404d091d27d34e99070218f0bb050d2c54953eaf4f32d6b25af2af4a,COPIED,ml/data/candidates/phase11_reblocked/train/pcb/IMG_20250820_000048_jpg.rf.6a99fa63000cac5c466630531a0a9129.jpg,8fa88d1323d90f73a98da0aeb54726b8987e196ca47d7fad848cd3418727429c
ml/data/candidates/reject_v2/train/pcb/IMG_20250819_235952_jpg.rf.e3da93e10bebcefb29b3999f41eb70d5.jpg,train,pcb,train,a3949999c80fe5e0ad2636ad56f2e1d5285afb6aef93743d6175dc5177b72bf4,COPIED,ml/data/candidates/phase11_reblocked/train/pcb/IMG_20250819_235952_jpg.rf.e3da93e10bebcefb29b3999f41eb70d5.jpg,af32fedd45e3ecd194256f130a1458b0a4fa96a7f3bf1e41b6235423f5841dbf
ml/data/candidates/reject_v2/train/pcb/IMG_20250819_235952_jpg.rf.f156bc4e90be2bff0d8fe517c83eff24.jpg,train,pcb,train,a3949999c80fe5e0ad2636ad56f2e1d5285afb6aef93743d6175dc5177b72bf4,COPIED,ml/data/candidates/phase11_reblocked/train/pcb/IMG_20250819_235952_jpg.rf.f156bc4e90be2bff0d8fe517c83eff24.jpg,f4a81afe9b82ccf6d6de8431c612cbef134573b29c8279ba299c4a389df7e49c
ml/data/candidates/reject_v2/train/pcb/IMG_20250819_235952_jpg.rf.f8a465c32a96181a730c7bd89678b4b0.jpg,train,pcb,train,a3949999c80fe5e0ad2636ad56f2e1d5285afb6aef93743d6175dc5177b72bf4,COPIED,ml/data/candidates/phase11_reblocked/train/pcb/IMG_20250819_235952_jpg.rf.f8a465c32a96181a730c7bd89678b4b0.jpg,9da7e47de04b585cdc5816e259946fccec62de23521a0cbf9057ce8cde64b1e7
ml/data/candidates/reject_v2/train/pcb/IMG_20250819_235953_jpg.rf.9187dfa4123f92bf96f0e4822508c0c8.jpg,train,pcb,train,a3949999c80fe5e0ad2636ad56f2e1d5285afb6aef93743d6175dc5177b72bf4,COPIED,ml/data/candidates/phase11_reblocked/train/pcb/IMG_20250819_235953_jpg.rf.9187dfa4123f92bf96f0e4822508c0c8.jpg,a57353117c61d1ce5ed36054f7b8ad09fb2038a993fd6d64277191b3a687f205
ml/data/candidates/reject_v2/validation/pcb/IMG_20250820_000034_1_jpg.rf.97e381996a582bf25eccffc8a22ae7d6.jpg,validation,pcb,train,586fc908b8304df23fd44e6adcdd6562cbf22091a89fdb78adbf09482376f6a5,COPIED,ml/data/candidates/phase11_reblocked/train/pcb/IMG_20250820_000034_1_jpg.rf.97e381996a582bf25eccffc8a22ae7d6.jpg,6d8eda914b8c6806c4b20b92afa31585f2430ee985dc6ab84ad3941c3ac95632
ml/data/candidates/reject_v2/validation/pcb/IMG_20250820_000034_jpg.rf.970f72d7de714e380e2f8b49bce4b22a.jpg,validation,pcb,train,586fc908b8304df23fd44e6adcdd6562cbf22091a89fdb78adbf09482376f6a5,COPIED,ml/data/candidates/phase11_reblocked/train/pcb/IMG_20250820_000034_jpg.rf.970f72d7de714e380e2f8b49bce4b22a.jpg,acda4fa8bc929234d8a0d1cfb8f7cb02c74caca7a5637a5a6c944e7555807a75
ml/data/candidates/reject_v2/train/pcb/IMG_20250820_000059_1_jpg.rf.0a4cc07d817a5083c6dc09505c31b33e.jpg,train,pcb,train,2494098413630aa6abe00409ff0963c7c7597502b9ba091bd7573a1129b6630d,COPIED,ml/data/candidates/phase11_reblocked/train/pcb/IMG_20250820_000059_1_jpg.rf.0a4cc07d817a5083c6dc09505c31b33e.jpg,db53b7a924ac0d1e6c6140aa83ffbf576030f617214d66c3b9dc71202d166e57
ml/data/candidates/reject_v2/train/pcb/IMG_20250820_000059_jpg.rf.6adc5dc6f10c99459626fb574c520246.jpg,train,pcb,train,2494098413630aa6abe00409ff0963c7c7597502b9ba091bd7573a1129b6630d,COPIED,ml/data/candidates/phase11_reblocked/train/pcb/IMG_20250820_000059_jpg.rf.6adc5dc6f10c99459626fb574c520246.jpg,a69909894bfa48389f48cc45fb8891f99332238fcb29dcb09e535115ddd9423c
ml/data/candidates/reject_v2/train/pcb/IMG_20250820_000059_jpg.rf.93fd6de806faa21919d0afb5896d77bd.jpg,train,pcb,train,2494098413630aa6abe00409ff0963c7c7597502b9ba091bd7573a1129b6630d,COPIED,ml/data/candidates/phase11_reblocked/train/pcb/IMG_20250820_000059_jpg.rf.93fd6de806faa21919d0afb5896d77bd.jpg,ab25308abc634b50b1daf48f5c43ef3476f4ff899374bd5a90b2f84e18337c3e
ml/data/candidates/reject_v2/train/pcb/IMG_20250820_000059_jpg.rf.9a84d4801ec388c2f04bebc3f932a724.jpg,train,pcb,train,2494098413630aa6abe00409ff0963c7c7597502b9ba091bd7573a1129b6630d,COPIED,ml/data/candidates/phase11_reblocked/train/pcb/IMG_20250820_000059_jpg.rf.9a84d4801ec388c2f04bebc3f932a724.jpg,7075ba5846760adb4381a881d5b7d660c61391743f552debc0ad0482b6415bc7
ml/data/candidates/reject_v2/train/pcb/IMG_20250820_000100_jpg.rf.51dd1976b3d96637fa3ddfa23a9f1532.jpg,train,pcb,train,2494098413630aa6abe00409ff0963c7c7597502b9ba091bd7573a1129b6630d,COPIED,ml/data/candidates/phase11_reblocked/train/pcb/IMG_20250820_000100_jpg.rf.51dd1976b3d96637fa3ddfa23a9f1532.jpg,87841eb7ceabb918f9a8fe832d1d5ccfc43f9015ddfad9644db6822c81aaf9dd
ml/data/candidates/reject_v2/train/pcb/IMG_20250820_000101_jpg.rf.4f68106af83c526406d31efab9a05adc.jpg,train,pcb,train,2494098413630aa6abe00409ff0963c7c7597502b9ba091bd7573a1129b6630d,COPIED,ml/data/candidates/phase11_reblocked/train/pcb/IMG_20250820_000101_jpg.rf.4f68106af83c526406d31efab9a05adc.jpg,95e3dc9dfe694cd207b54c9b81498d8b4b93c9e32cfec5bb4883ebaf787f1333
ml/data/candidates/reject_v2/validation/pcb/IMG_20250819_235838_jpg.rf.888e800191101bc3b7bdfffcb0475470.jpg,validation,pcb,train,6568e13c5fed7b3944792abab0d718a040823032162348b3869ea8439498c23e,COPIED,ml/data/candidates/phase11_reblocked/train/pcb/IMG_20250819_235838_jpg.rf.888e800191101bc3b7bdfffcb0475470.jpg,3b9e46c4a527dfd33b0bbaa9339e36f365ea0a49c37b0caee85ba3391d55a765
ml/data/candidates/reject_v2/train/pcb/IMG_20250820_000049_jpg.rf.26540d406f184ae32723acd4561ef80d.jpg,train,pcb,train,943dd2165d0351522e418a5122a29f0ce2b9a44d364f3f57af78d342a25dc4ac,COPIED,ml/data/candidates/phase11_reblocked/train/pcb/IMG_20250820_000049_jpg.rf.26540d406f184ae32723acd4561ef80d.jpg,08f04e27b627b13c53354f7396e3d8843d48670bd0899045ac10287711c65536
ml/data/candidates/reject_v2/train/pcb/IMG_20250820_000049_jpg.rf.80b6d289f5e0b8c6e35ca7223f0cb605.jpg,train,pcb,train,943dd2165d0351522e418a5122a29f0ce2b9a44d364f3f57af78d342a25dc4ac,COPIED,ml/data/candidates/phase11_reblocked/train/pcb/IMG_20250820_000049_jpg.rf.80b6d289f5e0b8c6e35ca7223f0cb605.jpg,d8afefb0ada1253a96a6d804aee2a609b0d8d5c6c31108eb430a60b6d7d5efc0
ml/data/candidates/reject_v2/train/pcb/IMG_20250820_000049_jpg.rf.cd093257660b9cf0d8d43b7de34d0540.jpg,train,pcb,train,943dd2165d0351522e418a5122a29f0ce2b9a44d364f3f57af78d342a25dc4ac,COPIED,ml/data/candidates/phase11_reblocked/train/pcb/IMG_20250820_000049_jpg.rf.cd093257660b9cf0d8d43b7de34d0540.jpg,c7797b2c9c0930b7c10162abe7a49a2d6611f6b43ea5f047485d0bd40f828e27
ml/data/candidates/reject_v2/test/pcb/IMG_20250820_000127_jpg.rf.1cd11b1b49dea06042f3597002d6027f.jpg,test,pcb,train,c29701aa6893864cab5317268e29f701f963d06829e0a933d940b67a288d39d9,COPIED,ml/data/candidates/phase11_reblocked/train/pcb/IMG_20250820_000127_jpg.rf.1cd11b1b49dea06042f3597002d6027f.jpg,e2621a8f520ed5dd39f3332ee36f68acea086d4445c7914d1eb1d4f971ecbe2e
ml/data/candidates/reject_v2/train/pcb/IMG_20250820_000214_jpg.rf.13a2967d666c5c11a5792b726b7c135a.jpg,train,pcb,train,61051e8aa08cfd897b04a00ce14b2846a4d80058b82f5610ae80a52e9f669290,COPIED,ml/data/candidates/phase11_reblocked/train/pcb/IMG_20250820_000214_jpg.rf.13a2967d666c5c11a5792b726b7c135a.jpg,9857e7c67213e4766088fad3414f80a45ddbe1b52668515fd2a6bdc5299f7628
ml/data/candidates/reject_v2/train/pcb/IMG_20250819_235842_1_jpg.rf.1fd64912fd4148466df103ed4f110adc.jpg,train,pcb,train,1b73a8a4a7630ecd07e173de1bf989ec414a436619ea611fb0427fe05fdecc75,COPIED,ml/data/candidates/phase11_reblocked/train/pcb/IMG_20250819_235842_1_jpg.rf.1fd64912fd4148466df103ed4f110adc.jpg,7f7aee27511e6864e6d8381b34c51728f5d6c4c9b59e6d743ad0e88ce20a16f8
ml/data/candidates/reject_v2/train/pcb/IMG_20250819_235843_jpg.rf.d882244b4742ce69e89e0f0c43b81ec7.jpg,train,pcb,train,1b73a8a4a7630ecd07e173de1bf989ec414a436619ea611fb0427fe05fdecc75,COPIED,ml/data/candidates/phase11_reblocked/train/pcb/IMG_20250819_235843_jpg.rf.d882244b4742ce69e89e0f0c43b81ec7.jpg,cc1650bf9d2386f4729209b29130df2afc12be1e10766c83e4bf36ac9480be18
ml/data/candidates/reject_v2/train/pcb/IMG_20250820_000054_jpg.rf.61ea31788c45e13dcb66eea5b0503579.jpg,train,pcb,train,9005ea2e94e95b0bc2dadd6739c270fce8f4cd4fd2a810218de76a0ae7b07826,COPIED,ml/data/candidates/phase11_reblocked/train/pcb/IMG_20250820_000054_jpg.rf.61ea31788c45e13dcb66eea5b0503579.jpg,e1181e274a6abe4e4add6f86d682083901165c86402ba4e22b654b6824b4898a
ml/data/candidates/reject_v2/train/pcb/IMG_20250820_000036_jpg.rf.29e8716903573c7a561d3ffa46d798ea.jpg,train,pcb,train,74a2dd2139214290ed144dbf101f45dd28f10810229afb5e74554a5b3436ff3b,COPIED,ml/data/candidates/phase11_reblocked/train/pcb/IMG_20250820_000036_jpg.rf.29e8716903573c7a561d3ffa46d798ea.jpg,7f4b2893847d16ae444c34efffb8a1a77b68e4e9cd956e40d873e364a877ff41
ml/data/candidates/reject_v2/train/pcb/IMG_20250819_235906_jpg.rf.acb4f57e3be6dbfcdf1c0345f05e42cc.jpg,train,pcb,train,0b603128dc6107d24bd7f7d2236e67f2602cb29794cc3ae99ab8ed3d2b3fe1d8,COPIED,ml/data/candidates/phase11_reblocked/train/pcb/IMG_20250819_235906_jpg.rf.acb4f57e3be6dbfcdf1c0345f05e42cc.jpg,a201f8d881659fa255261a98fcff1c92c94ec1bcf374f711a0fe76c2265959b2
ml/data/candidates/reject_v2/train/pcb/IMG_20250820_000213_jpg.rf.1a56b635f17ef13185a7c09da1ac606a.jpg,train,pcb,train,cbee37074f98df4d118733d3f02d7562e10ff37e482168ef166c195c197ce747,COPIED,ml/data/candidates/phase11_reblocked/train/pcb/IMG_20250820_000213_jpg.rf.1a56b635f17ef13185a7c09da1ac606a.jpg,013e254d4f74bf3b821601067d95e366b15a89587a3e14d6a2a8efa293a734fc
ml/data/candidates/reject_v2/train/pcb/IMG_20250820_000213_jpg.rf.843769caab6e80c29add98c60ba32f3f.jpg,train,pcb,train,cbee37074f98df4d118733d3f02d7562e10ff37e482168ef166c195c197ce747,COPIED,ml/data/candidates/phase11_reblocked/train/pcb/IMG_20250820_000213_jpg.rf.843769caab6e80c29add98c60ba32f3f.jpg,67995ffeac92d5e76ff5f80d675f12596043f1e507648c78add40cad9757892e
ml/data/candidates/reject_v2/train/pcb/IMG_20250820_000213_jpg.rf.cbc7f714cbc1bce9a15355249ee162c4.jpg,train,pcb,train,cbee37074f98df4d118733d3f02d7562e10ff37e482168ef166c195c197ce747,COPIED,ml/data/candidates/phase11_reblocked/train/pcb/IMG_20250820_000213_jpg.rf.cbc7f714cbc1bce9a15355249ee162c4.jpg,903ae8a8f8896946926998b8c9f39593d7afd1e0fb170a49a6e35033f69741b5
ml/data/candidates/reject_v2/train/pcb/IMG_20250820_000214_1_jpg.rf.a4009d99178ad043ce6e7f504a036d92.jpg,train,pcb,train,cbee37074f98df4d118733d3f02d7562e10ff37e482168ef166c195c197ce747,COPIED,ml/data/candidates/phase11_reblocked/train/pcb/IMG_20250820_000214_1_jpg.rf.a4009d99178ad043ce6e7f504a036d92.jpg,2ce5ee7b4586e3f1af03284f1632951181bbf9f01441e47280927e10b4f1f53a
ml/data/candidates/reject_v2/validation/pcb/IMG_20250820_000054_1_jpg.rf.80d1ae2beb041addbdbdbc47644b8d1d.jpg,validation,pcb,train,211bf2c349da7c77c268aea4dcd375ec1f80d27c1dc95ad3164049d6fd47f98c,COPIED,ml/data/candidates/phase11_reblocked/train/pcb/IMG_20250820_000054_1_jpg.rf.80d1ae2beb041addbdbdbc47644b8d1d.jpg,c5525be607c5a5090f4ea1d4218fbabf2fd8d7ecb10bc25f443a4a28037f48a6
ml/data/candidates/reject_v2/train/pcb/IMG_20250820_000046_jpg.rf.5a78b1a77621f1e7dac1468cc20e4a1d.jpg,train,pcb,train,0cbea15827f826c8ada346fcadccf58cb3a8618e7fadb281f64c1a64c1450a59,COPIED,ml/data/candidates/phase11_reblocked/train/pcb/IMG_20250820_000046_jpg.rf.5a78b1a77621f1e7dac1468cc20e4a1d.jpg,3ff542b6531122f8c999c8e34ea7ef0cc09c172bc5a8dac4b56934ccb6f09f2b
ml/data/candidates/reject_v2/train/pcb/IMG_20250820_000046_jpg.rf.d24becf76d739c4f3e297b3e2e31aeab.jpg,train,pcb,train,0cbea15827f826c8ada346fcadccf58cb3a8618e7fadb281f64c1a64c1450a59,COPIED,ml/data/candidates/phase11_reblocked/train/pcb/IMG_20250820_000046_jpg.rf.d24becf76d739c4f3e297b3e2e31aeab.jpg,695c1bcf2872dfa0781ca3fbec1af1525e240768f5b1ca992674ae1fb176d328
ml/data/candidates/reject_v2/train/pcb/IMG_20250820_000046_jpg.rf.f2ae0e6c88435d107cfe009e23548707.jpg,train,pcb,train,0cbea15827f826c8ada346fcadccf58cb3a8618e7fadb281f64c1a64c1450a59,COPIED,ml/data/candidates/phase11_reblocked/train/pcb/IMG_20250820_000046_jpg.rf.f2ae0e6c88435d107cfe009e23548707.jpg,6b2c53ca0529e0d6b22efd129e6fd9f463626fe026c9f40b87f86aa8a8e45716
ml/data/candidates/reject_v2/validation/pcb/IMG_20250820_000102_jpg.rf.0109ff5146c49cc5304123753ac02049.jpg,validation,pcb,train,d0c71f633b992e63c244d088c4d21754f35668b81636eca329258650c17ef265,COPIED,ml/data/candidates/phase11_reblocked/train/pcb/IMG_20250820_000102_jpg.rf.0109ff5146c49cc5304123753ac02049.jpg,e56ad82b60f8a355242cf415b81e4b8d40b46d13f32b12377c5edbba1eff2719
ml/data/candidates/reject_v2/validation/pcb/IMG_20250805_203632_jpg.rf.40ed0549cea3e717eb754cfcc931f2ea.jpg,validation,pcb,train,7c08a4a2e34b118915cded490b78bb89b288572916bd4df4146e92c38ad91d89,COPIED,ml/data/candidates/phase11_reblocked/train/pcb/IMG_20250805_203632_jpg.rf.40ed0549cea3e717eb754cfcc931f2ea.jpg,094ffe7f88b48b94d17304bbf98118ef628d05dfd7df655d3c0cf179c3c3be38
ml/data/candidates/reject_v2/train/pcb/IMG_20250819_235842_jpg.rf.a43af71c02ae1c645d1b315ad9980e9d.jpg,train,pcb,train,4c50c6f67531d4f981b91b88b03fcf4e2301b2c7404b773973739c991290c26d,COPIED,ml/data/candidates/phase11_reblocked/train/pcb/IMG_20250819_235842_jpg.rf.a43af71c02ae1c645d1b315ad9980e9d.jpg,05fdf58ce4d935a6bc1a7f33526953b7dc9be29343a65f821229d198105cd32a
ml/data/candidates/reject_v2/train/pcb/IMG_20250819_235933_jpg.rf.6843a58d482baffde8f245b0070b7d10.jpg,train,pcb,train,4ac4fae56441e0ca8a76f3eab13c750dddd46026d92ed4a4dbdee4a391082e95,COPIED,ml/data/candidates/phase11_reblocked/train/pcb/IMG_20250819_235933_jpg.rf.6843a58d482baffde8f245b0070b7d10.jpg,323674ba10900a0744987815a6e9cda0b49963cbd253313980ebf603d2b9d1fc
ml/data/candidates/reject_v2/train/pcb/IMG_20250819_235933_jpg.rf.e5df846d7a280a73e7dff66e92c9c839.jpg,train,pcb,train,4ac4fae56441e0ca8a76f3eab13c750dddd46026d92ed4a4dbdee4a391082e95,COPIED,ml/data/candidates/phase11_reblocked/train/pcb/IMG_20250819_235933_jpg.rf.e5df846d7a280a73e7dff66e92c9c839.jpg,2623d575526a50e25393afa66249c1a0ffe5eccb9c989020e3cd80d95dd5a948
ml/data/candidates/reject_v2/train/pcb/IMG_20250819_235933_jpg.rf.ea620f92da408fc1883707f83850fd16.jpg,train,pcb,train,4ac4fae56441e0ca8a76f3eab13c750dddd46026d92ed4a4dbdee4a391082e95,COPIED,ml/data/candidates/phase11_reblocked/train/pcb/IMG_20250819_235933_jpg.rf.ea620f92da408fc1883707f83850fd16.jpg,a57a6072dda155c794d586c394869c8e85e33a29a8e94f4bc1cd30c01bc34486
ml/data/candidates/reject_v2/train/pcb/IMG_20250819_235934_jpg.rf.2917ec33822c0e587ad4e50feba3a906.jpg,train,pcb,train,4ac4fae56441e0ca8a76f3eab13c750dddd46026d92ed4a4dbdee4a391082e95,COPIED,ml/data/candidates/phase11_reblocked/train/pcb/IMG_20250819_235934_jpg.rf.2917ec33822c0e587ad4e50feba3a906.jpg,e5e3c60613c57dbae65c3cda25c97bbc48ce45ef57af5ab9cf779e5b2c42f772
ml/data/candidates/reject_v2/train/pcb/IMG_20250819_235926_1_jpg.rf.7f3f4609c5055b0420445f0b330dbb3f.jpg,train,pcb,train,8c3e5a124d1ce699c98a16f2ffac374b04e916e78678d76facf927e47acd1886,COPIED,ml/data/candidates/phase11_reblocked/train/pcb/IMG_20250819_235926_1_jpg.rf.7f3f4609c5055b0420445f0b330dbb3f.jpg,561feeaac7724b789997b9be88ceeb22e54442dd5019a0d0dcd777f217a3d4de
ml/data/candidates/reject_v2/train/pcb/IMG_20250819_235926_jpg.rf.5983903af53dce51a327cc7540eb58e3.jpg,train,pcb,train,8c3e5a124d1ce699c98a16f2ffac374b04e916e78678d76facf927e47acd1886,COPIED,ml/data/candidates/phase11_reblocked/train/pcb/IMG_20250819_235926_jpg.rf.5983903af53dce51a327cc7540eb58e3.jpg,b8c884034c8cfc1704a587d86cfacccd286b0062497f06fcf497bf1899268d10
ml/data/candidates/reject_v2/train/pcb/IMG_20250819_235926_jpg.rf.ac67185bc562c73e91f11d0bfa925857.jpg,train,pcb,train,8c3e5a124d1ce699c98a16f2ffac374b04e916e78678d76facf927e47acd1886,COPIED,ml/data/candidates/phase11_reblocked/train/pcb/IMG_20250819_235926_jpg.rf.ac67185bc562c73e91f11d0bfa925857.jpg,a7018abd7cebf15be68c0bdc36c55478a65d4c2052d16c8ba7da91c39680d645
ml/data/candidates/reject_v2/train/pcb/IMG_20250819_235926_jpg.rf.ffb7712672f76f98dee67b1df8d7b8ab.jpg,train,pcb,train,8c3e5a124d1ce699c98a16f2ffac374b04e916e78678d76facf927e47acd1886,COPIED,ml/data/candidates/phase11_reblocked/train/pcb/IMG_20250819_235926_jpg.rf.ffb7712672f76f98dee67b1df8d7b8ab.jpg,f114b7f8a9e4c6a063e5552ed1ed5e07c179619a2e4694e3849cca13ced44d75
ml/data/candidates/reject_v2/train/pcb/IMG_20250819_235927_1_jpg.rf.7e9741f402fcea1372755cb7cd6649b7.jpg,train,pcb,train,8c3e5a124d1ce699c98a16f2ffac374b04e916e78678d76facf927e47acd1886,COPIED,ml/data/candidates/phase11_reblocked/train/pcb/IMG_20250819_235927_1_jpg.rf.7e9741f402fcea1372755cb7cd6649b7.jpg,b93fac81bed7d417d1d0a3bb2a45ab9cb94833eba58db5abae57c6306f954326
ml/data/candidates/reject_v2/train/pcb/IMG_20250819_235927_1_jpg.rf.ed18264df4db0cae5795751ce944d39c.jpg,train,pcb,train,8c3e5a124d1ce699c98a16f2ffac374b04e916e78678d76facf927e47acd1886,COPIED,ml/data/candidates/phase11_reblocked/train/pcb/IMG_20250819_235927_1_jpg.rf.ed18264df4db0cae5795751ce944d39c.jpg,1017a7eb2ac98360d7318ae11efc82b6584fb6e689fa3f9d96a2b5f4888ca184
ml/data/candidates/reject_v2/train/pcb/IMG_20250819_235927_1_jpg.rf.f8a0e7f49a44c4a4a79aa60ead7189e9.jpg,train,pcb,train,8c3e5a124d1ce699c98a16f2ffac374b04e916e78678d76facf927e47acd1886,COPIED,ml/data/candidates/phase11_reblocked/train/pcb/IMG_20250819_235927_1_jpg.rf.f8a0e7f49a44c4a4a79aa60ead7189e9.jpg,02bbf37ad24d7f2a427a865c341ae3742abd0c50de20244db6d2c2118f432f58
ml/data/candidates/reject_v2/train/pcb/IMG_20250819_235927_jpg.rf.92ca28607d3583cbb4e47ac76d4d4979.jpg,train,pcb,train,8c3e5a124d1ce699c98a16f2ffac374b04e916e78678d76facf927e47acd1886,COPIED,ml/data/candidates/phase11_reblocked/train/pcb/IMG_20250819_235927_jpg.rf.92ca28607d3583cbb4e47ac76d4d4979.jpg,4f757ed2ff9281f987ae5e13605b2af4801db4e640a39afee90239c2a98f3145
ml/data/candidates/reject_v2/train/pcb/IMG_20250819_235928_1_jpg.rf.bdf2ed5c451e3f0f6f66c14a405fdcf4.jpg,train,pcb,train,8c3e5a124d1ce699c98a16f2ffac374b04e916e78678d76facf927e47acd1886,COPIED,ml/data/candidates/phase11_reblocked/train/pcb/IMG_20250819_235928_1_jpg.rf.bdf2ed5c451e3f0f6f66c14a405fdcf4.jpg,b7004790b7da9d12a91b501af6218bf761e8eefdb5797e2940dad0801db3a869
ml/data/candidates/reject_v2/train/pcb/IMG_20250819_235956_jpg.rf.bca754d8c8474f5b1a13d84dbba205dc.jpg,train,pcb,train,36ba0972709ad92ef8179e1d03ab78d614d62e82fecfb047842ca8a5d27e5f57,COPIED,ml/data/candidates/phase11_reblocked/train/pcb/IMG_20250819_235956_jpg.rf.bca754d8c8474f5b1a13d84dbba205dc.jpg,080d1deb7262bc2e447e12b09e10bd294a0f6371f9ea35968c065b223e7a025d
ml/data/candidates/reject_v2/test/pcb/IMG_20250819_235951_jpg.rf.4de6acc3d1063ed79d9edf34a855ce99.jpg,test,pcb,validation,6587208f5580defa4d43c3b761b76f78e756c9b540015332f4c0752b163ce05a,COPIED,ml/data/candidates/phase11_reblocked/validation/pcb/IMG_20250819_235951_jpg.rf.4de6acc3d1063ed79d9edf34a855ce99.jpg,5d6f6ffacd6e408686cea241ca9824436f7b5fac74ee0c4d901b42c5c10dc08d
ml/data/candidates/reject_v2/test/pcb/IMG_20250819_235930_jpg.rf.d83c7b6eba6e84b684277de0e5deeeb4.jpg,test,pcb,validation,0a0745dd138978fb3b5c3617b2b33621c1a25c5ceb0625f988c89591b98e221e,COPIED,ml/data/candidates/phase11_reblocked/validation/pcb/IMG_20250819_235930_jpg.rf.d83c7b6eba6e84b684277de0e5deeeb4.jpg,cad5c741cde72704eb87edf7094cd810e016b2c78632d2fc82a9128243a6391c
ml/data/candidates/reject_v2/train/pcb/IMG_20250819_235945_1_jpg.rf.0540c766a891daaa8892e63bbe6e9a33.jpg,train,pcb,validation,b4987b6392af81b51db3d09b6943897323af9b2828c1613082004ce10ae97e8c,SAME_GROUP_HOLDOUT_SIBLING_NOT_EVALUATED,,a26fbc35c0c00407a92ec35753c09274ef6173812f0e606a2cdcdb1597d0ac73
ml/data/candidates/reject_v2/train/pcb/IMG_20250819_235945_1_jpg.rf.1c9d068686309f2a2e0fb9b20fd7105b.jpg,train,pcb,validation,b4987b6392af81b51db3d09b6943897323af9b2828c1613082004ce10ae97e8c,SAME_GROUP_HOLDOUT_SIBLING_NOT_EVALUATED,,c380d57b673c2e3c81829eb35ee03a2fc0b2e34031bea59d4aedee67d8173355
ml/data/candidates/reject_v2/train/pcb/IMG_20250819_235945_1_jpg.rf.248beef281bf4f880d9226c3f526e422.jpg,train,pcb,validation,b4987b6392af81b51db3d09b6943897323af9b2828c1613082004ce10ae97e8c,COPIED,ml/data/candidates/phase11_reblocked/validation/pcb/IMG_20250819_235945_1_jpg.rf.248beef281bf4f880d9226c3f526e422.jpg,4ac8aaa6538159a581d5b16dc25d9982d253028fd09558a331c42ccb74c22793
ml/data/candidates/reject_v2/train/pcb/IMG_20250819_235946_1_jpg.rf.8062c6fe42dc08b615e1b1d3fd24ee49.jpg,train,pcb,validation,b4987b6392af81b51db3d09b6943897323af9b2828c1613082004ce10ae97e8c,SAME_GROUP_HOLDOUT_SIBLING_NOT_EVALUATED,,b7224f66600b51fffa7827f3ec41b027cbf7cc3b9e45f6dfa91ff8ec7f89397d
ml/data/candidates/reject_v2/train/pcb/IMG_20250819_235946_jpg.rf.81cad422467acab353a93f9d628214c0.jpg,train,pcb,validation,b4987b6392af81b51db3d09b6943897323af9b2828c1613082004ce10ae97e8c,SAME_GROUP_HOLDOUT_SIBLING_NOT_EVALUATED,,eccea6833084419784960bfc81971741f3d5f2866eeb1ed30c06ff540d60f045
ml/data/candidates/reject_v2/test/pcb/IMG_20250819_235931_2_jpg.rf.13a2291cd8f07b383435a932bbcc4e6a.jpg,test,pcb,validation,97920567ad7e0eb033be85f3feecb0f95bd2df4b6964dc35a2feff4f1d464d49,COPIED,ml/data/candidates/phase11_reblocked/validation/pcb/IMG_20250819_235931_2_jpg.rf.13a2291cd8f07b383435a932bbcc4e6a.jpg,4e7fa20ec11bc7719b00ca1183101a6c5b954b97a304f87c66f1506444cbf2c0
ml/data/candidates/reject_v2/train/pcb/IMG_20250819_235900_1_jpg.rf.4f228b35a40657a9d4044001db65e10b.jpg,train,pcb,validation,827ceb342949303dd50be8b21783b5d68eadff105e4a34134cfd0cd6e117c574,SAME_GROUP_HOLDOUT_SIBLING_NOT_EVALUATED,,7379634855760d80404d2e4705411187b3741c284736f376410b4f56d4c1ea70
ml/data/candidates/reject_v2/train/pcb/IMG_20250819_235900_1_jpg.rf.57a2a1ee0bc5a191af8768b4ba08b10b.jpg,train,pcb,validation,827ceb342949303dd50be8b21783b5d68eadff105e4a34134cfd0cd6e117c574,SAME_GROUP_HOLDOUT_SIBLING_NOT_EVALUATED,,5204a006541510a66bb033e22062412c59797a6f182fad31dfbe87144be9f27e
ml/data/candidates/reject_v2/train/pcb/IMG_20250819_235900_1_jpg.rf.7352d4ef616661ac2a4bad6eae3a3f54.jpg,train,pcb,validation,827ceb342949303dd50be8b21783b5d68eadff105e4a34134cfd0cd6e117c574,SAME_GROUP_HOLDOUT_SIBLING_NOT_EVALUATED,,a10924b3b2b9694c9430b8cb6361d677803dbc14d76c8fb696848a954f0908fa
ml/data/candidates/reject_v2/train/pcb/IMG_20250819_235900_jpg.rf.5c3de33bdc0b69b007d1023306ba07d8.jpg,train,pcb,validation,827ceb342949303dd50be8b21783b5d68eadff105e4a34134cfd0cd6e117c574,SAME_GROUP_HOLDOUT_SIBLING_NOT_EVALUATED,,528fa5c96906cfcc629ea1f1a768f75f77296f1cba4b7bc3dcee98897175097d
ml/data/candidates/reject_v2/train/pcb/IMG_20250819_235900_jpg.rf.6a52ed16b3e904dbb37cf87a33d579db.jpg,train,pcb,validation,827ceb342949303dd50be8b21783b5d68eadff105e4a34134cfd0cd6e117c574,SAME_GROUP_HOLDOUT_SIBLING_NOT_EVALUATED,,3bc66664665ceaad4dbe34131554c6519d1d824e57c4d8fece26ae8ca9282310
ml/data/candidates/reject_v2/train/pcb/IMG_20250819_235900_jpg.rf.b4277f1586a60855f09b0696d171fdf2.jpg,train,pcb,validation,827ceb342949303dd50be8b21783b5d68eadff105e4a34134cfd0cd6e117c574,COPIED,ml/data/candidates/phase11_reblocked/validation/pcb/IMG_20250819_235900_jpg.rf.b4277f1586a60855f09b0696d171fdf2.jpg,07b70a2aa44a29bc5e903a0e8b1219bdb452553a1225cdc04728ba21e4a5ac5c
ml/data/candidates/reject_v2/train/pcb/IMG_20250819_235901_1_jpg.rf.9ea5d881b87f497f931cf97313b89250.jpg,train,pcb,validation,827ceb342949303dd50be8b21783b5d68eadff105e4a34134cfd0cd6e117c574,SAME_GROUP_HOLDOUT_SIBLING_NOT_EVALUATED,,51c5ffe98552b7ea1661556631351f9e0f4806a9d0c47daedc387aeba47a0960
ml/data/candidates/reject_v2/train/pcb/IMG_20250819_235901_jpg.rf.dd11536cef119c9a8d77c4ca35e81b59.jpg,train,pcb,validation,827ceb342949303dd50be8b21783b5d68eadff105e4a34134cfd0cd6e117c574,SAME_GROUP_HOLDOUT_SIBLING_NOT_EVALUATED,,7911295fc7f31dad32dd06a9a9a6b1464a6352382a8467ad2c6d101b34628939
ml/data/candidates/reject_v2/train/pcb/IMG_20250819_235902_jpg.rf.c861cb0db3eb318ae1c784dbfe49f3fb.jpg,train,pcb,validation,827ceb342949303dd50be8b21783b5d68eadff105e4a34134cfd0cd6e117c574,SAME_GROUP_HOLDOUT_SIBLING_NOT_EVALUATED,,8958bbb127079edb64e2f2b998ebc367eee336d0af5fecd06d2990b4e606d70e
ml/data/candidates/reject_v2/train/pcb/IMG_20250820_000048_1_jpg.rf.86ca16facaf2ab9f3a1c33299292646c.jpg,train,pcb,validation,4fc359db5cdc4115d0a27f91b6110715d3b5919d0f8b5973af47c66c5c342f18,SAME_GROUP_HOLDOUT_SIBLING_NOT_EVALUATED,,d61754ab0fde527aa80c4fde06e6e2911e27062115f47198fe83d54b1d358004
ml/data/candidates/reject_v2/train/pcb/IMG_20250820_000048_1_jpg.rf.aa13921058012471c45bdeda08c55dd6.jpg,train,pcb,validation,4fc359db5cdc4115d0a27f91b6110715d3b5919d0f8b5973af47c66c5c342f18,SAME_GROUP_HOLDOUT_SIBLING_NOT_EVALUATED,,3d1363ea97f26cb18fe48679f815a8886d12531a0dae93b1f62935c6329ec623
ml/data/candidates/reject_v2/train/pcb/IMG_20250820_000048_1_jpg.rf.b37aba09cd0709aaf55cc7ea3c02a6b3.jpg,train,pcb,validation,4fc359db5cdc4115d0a27f91b6110715d3b5919d0f8b5973af47c66c5c342f18,COPIED,ml/data/candidates/phase11_reblocked/validation/pcb/IMG_20250820_000048_1_jpg.rf.b37aba09cd0709aaf55cc7ea3c02a6b3.jpg,31c612339eb989af8021c6239140ef4a7e1529f2898edc9c82aee44d75fec4fa
ml/data/candidates/reject_v2/test/pcb/IMG_20250819_235945_jpg.rf.4b18a9226a923f8ab01e2acb3b4d2e8e.jpg,test,pcb,validation,7b5ea5fc705a851b0ca244c0835efb811853a680725bbdb4a5737defc96671f6,COPIED,ml/data/candidates/phase11_reblocked/validation/pcb/IMG_20250819_235945_jpg.rf.4b18a9226a923f8ab01e2acb3b4d2e8e.jpg,ad2e9ba15b607c93a370a7b40bac638ce2016bfc0c32b2a2f78f5b1583fcd2c7
ml/data/candidates/reject_v2/test/pcb/IMG_20250820_000200_jpg.rf.c7a263db062da89abf39061e96a7de27.jpg,test,pcb,validation,f9b066b24ca69d8d90391073edd910476a3b288c46437d47c8e939261cb5b73c,COPIED,ml/data/candidates/phase11_reblocked/validation/pcb/IMG_20250820_000200_jpg.rf.c7a263db062da89abf39061e96a7de27.jpg,dfaf437432239c01f3082a632d0a6386b583cb54a10dab35be32a1cd28f3374b
ml/data/candidates/reject_v2/train/pcb/IMG_20250820_000209_jpg.rf.45c69cf62f02485203a8869889acba69.jpg,train,pcb,validation,cb5d82474889554076044ae521254db8dc95be85a7a50c5f6c4ff185f381ed15,COPIED,ml/data/candidates/phase11_reblocked/validation/pcb/IMG_20250820_000209_jpg.rf.45c69cf62f02485203a8869889acba69.jpg,23431a20b8f235a047ef6e3ad0e4bc5aef2a741613af6e879ec5beff3463035a
ml/data/candidates/reject_v2/train/pcb/IMG_20250820_000209_jpg.rf.9103d79f5c6998ae0a627fcd72aef0b3.jpg,train,pcb,validation,cb5d82474889554076044ae521254db8dc95be85a7a50c5f6c4ff185f381ed15,SAME_GROUP_HOLDOUT_SIBLING_NOT_EVALUATED,,42ccc2ee760cff57557d1f944eebe1d69ee6eaa85a3f582baa30e6b0ad6725d6
ml/data/candidates/reject_v2/train/pcb/IMG_20250820_000209_jpg.rf.e8261b5aacc66c644aafc67272b4aa84.jpg,train,pcb,validation,cb5d82474889554076044ae521254db8dc95be85a7a50c5f6c4ff185f381ed15,SAME_GROUP_HOLDOUT_SIBLING_NOT_EVALUATED,,89c7668f538c966934d874332dd4a0623e02353086c60ca3ff95a3be4f635010
ml/data/candidates/reject_v2/train/pcb/IMG_20250820_000210_1_jpg.rf.ff97d480f7938169ebf6b45ece2bf008.jpg,train,pcb,validation,cb5d82474889554076044ae521254db8dc95be85a7a50c5f6c4ff185f381ed15,SAME_GROUP_HOLDOUT_SIBLING_NOT_EVALUATED,,e53b510d62a8564759021f13ad5e8b84fa50e56b147591cbfc7101bf1cdc3840
ml/data/candidates/reject_v2/train/pcb/IMG_20250820_000210_jpg.rf.c7731efde23ccbb6f20b0c3b033dc383.jpg,train,pcb,validation,cb5d82474889554076044ae521254db8dc95be85a7a50c5f6c4ff185f381ed15,SAME_GROUP_HOLDOUT_SIBLING_NOT_EVALUATED,,24b52308d90cac83b29509e0f40968658a93930fe67da2fb607cdf8c8374bc48
ml/data/candidates/reject_v2/train/pcb/IMG_20250819_235957_1_jpg.rf.2f4957b01fefb6be31e70b169bc81d6e.jpg,train,pcb,test,2dc02abf001daca17a94d3932d8cced55f5d69faa4a3c0aac40c2a74e34c82c6,SAME_GROUP_HOLDOUT_SIBLING_NOT_EVALUATED,,bb4b6898400d6424cf3d11f285ef69ec7723fc84e01ea1f929b281bcac94dd9d
ml/data/candidates/reject_v2/train/pcb/IMG_20250819_235957_1_jpg.rf.8395b3c2109ab1b121449f163cf7c81d.jpg,train,pcb,test,2dc02abf001daca17a94d3932d8cced55f5d69faa4a3c0aac40c2a74e34c82c6,SAME_GROUP_HOLDOUT_SIBLING_NOT_EVALUATED,,3cb12dd3873eec4581f22443e5af6c288121e1134b03c011493995cb742817c6
ml/data/candidates/reject_v2/train/pcb/IMG_20250819_235957_1_jpg.rf.d2c71ed5ccdafcea226d07a1c0390fdc.jpg,train,pcb,test,2dc02abf001daca17a94d3932d8cced55f5d69faa4a3c0aac40c2a74e34c82c6,SAME_GROUP_HOLDOUT_SIBLING_NOT_EVALUATED,,aed2d40c5e71360b41cf579452a23f4bf88a3ddc2017375d34af1a38441d2385
ml/data/candidates/reject_v2/train/pcb/IMG_20250819_235957_jpg.rf.345331a30acb0ffa13d29caa63e79ac6.jpg,train,pcb,test,2dc02abf001daca17a94d3932d8cced55f5d69faa4a3c0aac40c2a74e34c82c6,SAME_GROUP_HOLDOUT_SIBLING_NOT_EVALUATED,,b5696c3f26fba422197eb6ff715edeb42e591fe29a41240f46caa68bcdf94513
ml/data/candidates/reject_v2/train/pcb/IMG_20250819_235957_jpg.rf.633a6accb649850c5f9f815dd2daf693.jpg,train,pcb,test,2dc02abf001daca17a94d3932d8cced55f5d69faa4a3c0aac40c2a74e34c82c6,SAME_GROUP_HOLDOUT_SIBLING_NOT_EVALUATED,,49d23e143312a371ba1bde4dae5deeac50b8e2d90c85ecacb613ede485cd92c7
ml/data/candidates/reject_v2/train/pcb/IMG_20250819_235957_jpg.rf.fe2e10aa65fb879923c8a5661ee81f51.jpg,train,pcb,test,2dc02abf001daca17a94d3932d8cced55f5d69faa4a3c0aac40c2a74e34c82c6,SAME_GROUP_HOLDOUT_SIBLING_NOT_EVALUATED,,64d4fd6147fe8f56eb92560cff493f4888277fdaee6bbc4e84a8fe764ad8f474
ml/data/candidates/reject_v2/test/pcb/IMG_20250819_235956_1_jpg.rf.13c8f40791f750605aa42a1d3e903da9.jpg,test,pcb,test,2dc02abf001daca17a94d3932d8cced55f5d69faa4a3c0aac40c2a74e34c82c6,COPIED,ml/data/candidates/phase11_reblocked/test/pcb/IMG_20250819_235956_1_jpg.rf.13c8f40791f750605aa42a1d3e903da9.jpg,07c98c92587a01bfc88897cc91664d82c0b24aaf72f7ceb507d458a5fa99c866
ml/data/candidates/reject_v2/train/pcb/IMG_20250805_203702_jpg.rf.22c59755b274c9d8e13e458bc5a81223.jpg,train,pcb,test,1b97d246ee9967433cb9aa31b9e015762175eeafbffed9c8e147f8c542a79640,COPIED,ml/data/candidates/phase11_reblocked/test/pcb/IMG_20250805_203702_jpg.rf.22c59755b274c9d8e13e458bc5a81223.jpg,046c0f9717737883bd7462d9183ebce4480e3e577467637b9449503f42a6c25e
ml/data/candidates/reject_v2/train/pcb/IMG_20250805_203702_jpg.rf.2997e07f585cda914efdd301a1bd237b.jpg,train,pcb,test,1b97d246ee9967433cb9aa31b9e015762175eeafbffed9c8e147f8c542a79640,SAME_GROUP_HOLDOUT_SIBLING_NOT_EVALUATED,,b76fe2751c6eee2bd280d3836f34dc4712a67cbd2afe2af0e9297714dc2f8210
ml/data/candidates/reject_v2/train/pcb/IMG_20250805_203702_jpg.rf.56db0b8ab84d5446f012137d6083a495.jpg,train,pcb,test,1b97d246ee9967433cb9aa31b9e015762175eeafbffed9c8e147f8c542a79640,SAME_GROUP_HOLDOUT_SIBLING_NOT_EVALUATED,,363661eabac480aae0e020a5b73e2574b4e3175fbc1a5b21d250e174157190f6
ml/data/candidates/reject_v2/train/pcb/IMG_20250805_203703_jpg.rf.7c272dea552068b70e7282b48d259fbb.jpg,train,pcb,test,1b97d246ee9967433cb9aa31b9e015762175eeafbffed9c8e147f8c542a79640,SAME_GROUP_HOLDOUT_SIBLING_NOT_EVALUATED,,e330907b16c99437c0c6e63cf84cd76d31d6577d00f728387d71d5e78cbd9f01
ml/data/candidates/reject_v2/train/pcb/IMG_20250805_203703_jpg.rf.835731ce0f85a809685efacd6894618f.jpg,train,pcb,test,1b97d246ee9967433cb9aa31b9e015762175eeafbffed9c8e147f8c542a79640,SAME_GROUP_HOLDOUT_SIBLING_NOT_EVALUATED,,2fa661f9f5cd6d236bdf9b0037daa76e44c33e0f734eb415301a3b725b3ec0a0
ml/data/candidates/reject_v2/train/pcb/IMG_20250805_203703_jpg.rf.e1e5004370d3edbf32cff2ef041e310e.jpg,train,pcb,test,1b97d246ee9967433cb9aa31b9e015762175eeafbffed9c8e147f8c542a79640,SAME_GROUP_HOLDOUT_SIBLING_NOT_EVALUATED,,2f4b7e01c5512101a6de4c5f35d49d275da5451a55d4d5c9881c811981900872
ml/data/candidates/reject_v2/train/pcb/IMG_20250820_000154_jpg.rf.1c700361f1c7746d1c142524ef9c0953.jpg,train,pcb,test,7e21974e976793b4b00e280f9c128ae165bdf8f5d96572f96428e3eba489f283,SAME_GROUP_HOLDOUT_SIBLING_NOT_EVALUATED,,e862038e6e17028ab74e3e7c947d28c5541cfcb4e2334c3143b5317cbfa96850
ml/data/candidates/reject_v2/train/pcb/IMG_20250820_000154_jpg.rf.8a835b299a537975ce82fcc0ed4b4355.jpg,train,pcb,test,7e21974e976793b4b00e280f9c128ae165bdf8f5d96572f96428e3eba489f283,SAME_GROUP_HOLDOUT_SIBLING_NOT_EVALUATED,,f16914e6d98a343f809d862b5d01624d6e1c1d0c9ec59fb247b063c142cc7c03
ml/data/candidates/reject_v2/train/pcb/IMG_20250820_000154_jpg.rf.da9c2af097efe3461cc4fce1af31a1d3.jpg,train,pcb,test,7e21974e976793b4b00e280f9c128ae165bdf8f5d96572f96428e3eba489f283,SAME_GROUP_HOLDOUT_SIBLING_NOT_EVALUATED,,d634406b716f0b94edf4a42c20e8f62c01a4cbe067403c67b59ff17aabbfb864
ml/data/candidates/reject_v2/train/pcb/IMG_20250820_000155_1_jpg.rf.0cc062953a4fabb2963a72c41cc6ff8e.jpg,train,pcb,test,7e21974e976793b4b00e280f9c128ae165bdf8f5d96572f96428e3eba489f283,SAME_GROUP_HOLDOUT_SIBLING_NOT_EVALUATED,,e6531c7ab3d1c941509120cb5143cf17b3ecee69f5a6fd4e3f8bae3bcf682e9e
ml/data/candidates/reject_v2/train/pcb/IMG_20250820_000155_jpg.rf.cb812c03e1c86a693abd27705504de2d.jpg,train,pcb,test,7e21974e976793b4b00e280f9c128ae165bdf8f5d96572f96428e3eba489f283,SAME_GROUP_HOLDOUT_SIBLING_NOT_EVALUATED,,eb74ef9d10e94b23006b75824a21285e67b8bd1232a19e167725a6363b064c0e
ml/data/candidates/reject_v2/train/pcb/IMG_20250820_000155_jpg.rf.d616a606eb3cff60e26b416fe3b4f7f5.jpg,train,pcb,test,7e21974e976793b4b00e280f9c128ae165bdf8f5d96572f96428e3eba489f283,SAME_GROUP_HOLDOUT_SIBLING_NOT_EVALUATED,,be07061a7ca72033675badd1f67d620d75640c4747b43b2fa8849eed9e837a50
ml/data/candidates/reject_v2/train/pcb/IMG_20250820_000155_jpg.rf.defc61bfca3b7459653578a0a9fa4dea.jpg,train,pcb,test,7e21974e976793b4b00e280f9c128ae165bdf8f5d96572f96428e3eba489f283,COPIED,ml/data/candidates/phase11_reblocked/test/pcb/IMG_20250820_000155_jpg.rf.defc61bfca3b7459653578a0a9fa4dea.jpg,602861e9e85d960e051f4b546ee6bfc59275fd7a0eb6ff9a0cee87ac8664caef
ml/data/candidates/reject_v2/train/pcb/IMG_20250820_000156_jpg.rf.c869c224644d0a8d0fa0126eda24dda9.jpg,train,pcb,test,7e21974e976793b4b00e280f9c128ae165bdf8f5d96572f96428e3eba489f283,SAME_GROUP_HOLDOUT_SIBLING_NOT_EVALUATED,,d7f02b56882a15e7afe0334de504fbf356fe2077520bf8bdfde0b7538b620d95
ml/data/candidates/reject_v2/train/pcb/IMG_20250819_235905_jpg.rf.c4980a6578a9c42efa135812534e86e8.jpg,train,pcb,test,61797dcd8bcc3d757d8b6c5e23ddcab2cbf578f2a1c368358b18ca6577a1b894,COPIED,ml/data/candidates/phase11_reblocked/test/pcb/IMG_20250819_235905_jpg.rf.c4980a6578a9c42efa135812534e86e8.jpg,d330fd9194d282c8c374f2fe708a517bbd564c8e756bf8122ed6e3d0034ca458
ml/data/candidates/reject_v2/validation/pcb/IMG_20250819_235928_jpg.rf.36d5ec7eefbc6efec833554b1d4ac641.jpg,validation,pcb,test,a1b66800ec89dc82e2184d0493b7e02baa1077cf96101187e1bcb17a0ac62cc5,COPIED,ml/data/candidates/phase11_reblocked/test/pcb/IMG_20250819_235928_jpg.rf.36d5ec7eefbc6efec833554b1d4ac641.jpg,8e15d181e4bf759b1e7b07e5d3b067ea9ca6c113ab5ae0009846daea3d9d15ca
ml/data/candidates/reject_v2/train/pcb/IMG_20250819_235833_1_jpg.rf.9337aaa6e20a1cb461c56ca7363fb3c6.jpg,train,pcb,test,f9b4a059c3b79eb495e3b6143764513a803228c6fcf4f8b41149814def51bbb6,COPIED,ml/data/candidates/phase11_reblocked/test/pcb/IMG_20250819_235833_1_jpg.rf.9337aaa6e20a1cb461c56ca7363fb3c6.jpg,61a698f79b22383be5e18de2d2c1a610b0705b398e06ba85aea9ac4b8dfa58a0
ml/data/candidates/reject_v2/train/pcb/IMG_20250819_235833_1_jpg.rf.dcef1a3f0a7eda0b3c290505ce1f908e.jpg,train,pcb,test,f9b4a059c3b79eb495e3b6143764513a803228c6fcf4f8b41149814def51bbb6,SAME_GROUP_HOLDOUT_SIBLING_NOT_EVALUATED,,98fb879d33a04955cb7f2bf34f97d7e184e6818494e9cbf8aaa1ab62300cf63e
ml/data/candidates/reject_v2/train/pcb/IMG_20250819_235833_1_jpg.rf.f6c48dee6875446d95bacd72dcbb6e8d.jpg,train,pcb,test,f9b4a059c3b79eb495e3b6143764513a803228c6fcf4f8b41149814def51bbb6,SAME_GROUP_HOLDOUT_SIBLING_NOT_EVALUATED,,85d1375bf631ac241ca42b575bf8cacf7882fde3ffc2abfd490afa374fbc5758
ml/data/candidates/reject_v2/train/pcb/IMG_20250819_235833_jpg.rf.2409897b6612a6a4e525868cd4cadd98.jpg,train,pcb,test,f9b4a059c3b79eb495e3b6143764513a803228c6fcf4f8b41149814def51bbb6,SAME_GROUP_HOLDOUT_SIBLING_NOT_EVALUATED,,6c23f745fef11d683fc6549ff1437dd134074b90747e94230af4d5990cc9d816
ml/data/candidates/reject_v2/train/pcb/IMG_20250819_235833_jpg.rf.24f599bfd1785a8d2b210fd2e588adda.jpg,train,pcb,test,f9b4a059c3b79eb495e3b6143764513a803228c6fcf4f8b41149814def51bbb6,SAME_GROUP_HOLDOUT_SIBLING_NOT_EVALUATED,,9a2a4fcfddaab3b0ea8403d04c1ec1b97407bfac86a57164cd1b1cfd2582f6cc
ml/data/candidates/reject_v2/train/pcb/IMG_20250819_235833_jpg.rf.6d464dfdc463efdd8691b50eb965a8a9.jpg,train,pcb,test,f9b4a059c3b79eb495e3b6143764513a803228c6fcf4f8b41149814def51bbb6,SAME_GROUP_HOLDOUT_SIBLING_NOT_EVALUATED,,8957da59a421046cc215eeae4062d1ce707c6b012aa4dbb4a34aba66c56baef8
ml/data/candidates/reject_v2/train/pcb/IMG_20250819_235834_jpg.rf.ca82a7a2b1613934ff84e4f2b604624f.jpg,train,pcb,test,f9b4a059c3b79eb495e3b6143764513a803228c6fcf4f8b41149814def51bbb6,SAME_GROUP_HOLDOUT_SIBLING_NOT_EVALUATED,,f471779818849e259fb19e188d18b91bce2d4d8eadc7cf3db7cce51a4cf8f47b
ml/data/candidates/reject_v2/train/pcb/IMG_20250819_235853_jpg.rf.5f0155bba8eee5c25be2d8a8268ff930.jpg,train,pcb,test,55a78990113a7946aece0d010b9984b91a95c10cbd8d7040fc0a0981c22b9636,SAME_GROUP_HOLDOUT_SIBLING_NOT_EVALUATED,,bf59fcaca917d2c61d344a07dbf8e50313d0f114ff52735d1f489c7ce66bb42f
ml/data/candidates/reject_v2/train/pcb/IMG_20250819_235853_jpg.rf.984063f06b8407e53c598e7d03212546.jpg,train,pcb,test,55a78990113a7946aece0d010b9984b91a95c10cbd8d7040fc0a0981c22b9636,SAME_GROUP_HOLDOUT_SIBLING_NOT_EVALUATED,,54f8694b4450de1de57fb1ef7e1a555f4fa27aae69911f7ff20bdd04af853738
ml/data/candidates/reject_v2/train/pcb/IMG_20250819_235853_jpg.rf.e95c8d2b451c6f2c57a329213addcc46.jpg,train,pcb,test,55a78990113a7946aece0d010b9984b91a95c10cbd8d7040fc0a0981c22b9636,SAME_GROUP_HOLDOUT_SIBLING_NOT_EVALUATED,,3777b2ed7aa8ff34991229ce9747d372baeb2632703ac98721987d6c28cc3e86
ml/data/candidates/reject_v2/test/pcb/IMG_20250819_235853_1_jpg.rf.ae6094b2a084ddac00441c8cf74ac624.jpg,test,pcb,test,55a78990113a7946aece0d010b9984b91a95c10cbd8d7040fc0a0981c22b9636,SAME_GROUP_HOLDOUT_SIBLING_NOT_EVALUATED,,d99ddddc948cb18407846a6ea07de63604cb1b5ff0d8d069b3c0ff913d5e65cb
ml/data/candidates/reject_v2/test/pcb/IMG_20250819_235854_1_jpg.rf.c972ca1131e9d19f42d96feac39ee3ea.jpg,test,pcb,test,55a78990113a7946aece0d010b9984b91a95c10cbd8d7040fc0a0981c22b9636,SAME_GROUP_HOLDOUT_SIBLING_NOT_EVALUATED,,ec0f577846c0df14f4fdeaadfa9873ed67feb276e1c95920cfe391828505f2cf
ml/data/candidates/reject_v2/test/pcb/IMG_20250819_235854_jpg.rf.1301ce39100af13ea5388ee514c5ae8d.jpg,test,pcb,test,55a78990113a7946aece0d010b9984b91a95c10cbd8d7040fc0a0981c22b9636,SAME_GROUP_HOLDOUT_SIBLING_NOT_EVALUATED,,8e0fac75f0a69590a403700ac16f5082da25caf9615f0eaf5339425be822b20a
ml/data/candidates/reject_v2/test/pcb/IMG_20250819_235855_1_jpg.rf.f04c1306dc16b1f9b9278111b7d62f68.jpg,test,pcb,test,55a78990113a7946aece0d010b9984b91a95c10cbd8d7040fc0a0981c22b9636,SAME_GROUP_HOLDOUT_SIBLING_NOT_EVALUATED,,a9f8bddddcaf48fa0c52a5f242de16b08aebcd7cd05532b55c5cfd63618cdf81
ml/data/candidates/reject_v2/test/pcb/IMG_20250819_235855_jpg.rf.ec4e49eb3acae9ad6cf5993ae2a773e8.jpg,test,pcb,test,55a78990113a7946aece0d010b9984b91a95c10cbd8d7040fc0a0981c22b9636,COPIED,ml/data/candidates/phase11_reblocked/test/pcb/IMG_20250819_235855_jpg.rf.ec4e49eb3acae9ad6cf5993ae2a773e8.jpg,32aeaeb6cf85ae8c7c5202e8e8aa1695f2c4c493c9e115b5165e50c5c10f71b4
ml/data/candidates/reject_v2/train/pcb/IMG_20250805_203659_jpg.rf.edbe8e689ffc0dc1021c447051c64419.jpg,train,pcb,test,31f147d2bbe80a6833dea280a162c1b1c8d160b4770dc0051c2466f1927554cf,COPIED,ml/data/candidates/phase11_reblocked/test/pcb/IMG_20250805_203659_jpg.rf.edbe8e689ffc0dc1021c447051c64419.jpg,4fcfce006a529e9621fb15861379ee0759221c5b81e8eeace3f8aebbcb1b0e5b
ml/data/candidates/reject_v2/train/pcb/IMG_20250820_000158_jpg.rf.21193b8da65fcf0f38601cc8bd4f1b47.jpg,train,pcb,test,ac278c02506234e1ef7a029199d285714d9a10af4a695f4abd6d3296affea821,COPIED,ml/data/candidates/phase11_reblocked/test/pcb/IMG_20250820_000158_jpg.rf.21193b8da65fcf0f38601cc8bd4f1b47.jpg,487825316b27a9c776a4d1efd7a413b10c7284424aa9beadf836b1bc57faf35e
